0.2357,0,T2025_00526.jpg,T2025_02999.jpg
0.2563,0,T2025_02712.jpg,T2025_00949.jpg
0.0622,0,T2025_02065.jpg,T2025_02085.jpg
-0.1292,1,T2025_01257.jpg,T2025_00974.jpg
0.6634,1,T2025_00163.jpg,T2025_01186.jpg
-0.0329,1,T2025_02546.jpg,T2025_00922.jpg
0.5559,0,T2025_00698.jpg,T2025_00637.jpg
0.0222,1,T2025_00626.jpg,T2025_01732.jpg
0.3857,1,T2025_00819.jpg,T2025_02367.jpg
0.3973,1,T2025_03091.jpg,T2025_03023.jpg
0.1685,1,T2025_02545.jpg,T2025_00729.jpg
0.2100,1,T2025_02510.jpg,T2025_02057.jpg
0.1121,0,T2025_00047.jpg,T2025_00876.jpg
0.8475,0,T2025_00871.jpg,T2025_00189.jpg
0.0465,1,T2025_00039.jpg,T2025_02482.jpg
0.6474,0,T2025_01161.jpg,T2025_02316.jpg
0.1435,1,T2025_01567.jpg,T2025_02053.jpg
0.3517,1,T2025_01701.jpg,T2025_00669.jpg
0.1843,1,T2025_01955.jpg,T2025_01053.jpg
0.1800,0,T2025_00251.jpg,T2025_02170.jpg
0.1197,0,T2025_02898.jpg,T2025_01089.jpg
0.1260,0,T2025_03039.jpg,T2025_00336.jpg
0.4654,0,T2025_02993.jpg,T2025_01910.jpg
0.7169,0,T2025_01044.jpg,T2025_01493.jpg
0.3905,0,T2025_01405.jpg,T2025_02809.jpg
0.3263,1,T2025_01698.jpg,T2025_01792.jpg
0.1123,0,T2025_01287.jpg,T2025_02930.jpg
0.5152,0,T2025_02261.jpg,T2025_01800.jpg
0.6688,1,T2025_00640.jpg,T2025_01247.jpg
0.2625,1,T2025_01519.jpg,T2025_02220.jpg
1.0000,1,T2025_03066.jpg,T2025_03066.jpg
0.4001,1,T2025_00848.jpg,T2025_03038.jpg
0.0351,0,T2025_01712.jpg,T2025_00265.jpg
0.0603,0,T2025_01285.jpg,T2025_00048.jpg
-0.0818,1,T2025_00372.jpg,T2025_01431.jpg
0.0771,0,T2025_01953.jpg,T2025_01125.jpg
0.0651,1,T2025_02735.jpg,T2025_01468.jpg
0.1023,0,T2025_00418.jpg,T2025_00373.jpg
0.6995,1,T2025_00919.jpg,T2025_02863.jpg
0.0123,0,T2025_00361.jpg,T2025_02261.jpg
0.2319,1,T2025_00559.jpg,T2025_01058.jpg
-0.0015,0,T2025_01070.jpg,T2025_01808.jpg
0.1286,0,T2025_00938.jpg,T2025_02667.jpg
0.7910,0,T2025_01045.jpg,T2025_00352.jpg
0.0666,0,T2025_02903.jpg,T2025_02466.jpg
0.4099,1,T2025_00015.jpg,T2025_00658.jpg
0.6040,0,T2025_02446.jpg,T2025_01374.jpg
-0.0749,1,T2025_00736.jpg,T2025_00875.jpg
-0.0375,0,T2025_02407.jpg,T2025_00961.jpg
1.0000,1,T2025_01649.jpg,T2025_01649.jpg
0.3735,0,T2025_00104.jpg,T2025_02047.jpg
0.2222,1,T2025_00438.jpg,T2025_02125.jpg
0.3214,1,T2025_00534.jpg,T2025_01012.jpg
0.0106,1,T2025_00103.jpg,T2025_02800.jpg
0.4587,0,T2025_01892.jpg,T2025_01009.jpg
-0.0006,0,T2025_01040.jpg,T2025_00551.jpg
0.1900,1,T2025_00339.jpg,T2025_00073.jpg
0.3046,1,T2025_03010.jpg,T2025_00579.jpg
0.3237,1,T2025_00669.jpg,T2025_02586.jpg
0.0924,0,T2025_00359.jpg,T2025_00854.jpg
0.1839,1,T2025_02230.jpg,T2025_02385.jpg
0.5757,1,T2025_00186.jpg,T2025_02892.jpg
0.1604,1,T2025_02243.jpg,T2025_02482.jpg
0.2595,1,T2025_00171.jpg,T2025_02812.jpg
0.4554,1,T2025_02319.jpg,T2025_00807.jpg
0.6886,0,T2025_02769.jpg,T2025_00569.jpg
0.1590,0,T2025_00609.jpg,T2025_02254.jpg
0.2664,1,T2025_00197.jpg,T2025_02960.jpg
0.0051,1,T2025_03027.jpg,T2025_02682.jpg
-0.0276,1,T2025_01921.jpg,T2025_01027.jpg
0.0139,1,T2025_02792.jpg,T2025_01900.jpg
0.1032,1,T2025_01835.jpg,T2025_00839.jpg
0.6537,0,T2025_01700.jpg,T2025_00471.jpg
0.0198,1,T2025_00164.jpg,T2025_00491.jpg
0.2809,0,T2025_01544.jpg,T2025_03014.jpg
0.4242,0,T2025_03098.jpg,T2025_01105.jpg
0.4993,1,T2025_01461.jpg,T2025_02790.jpg
0.1273,1,T2025_00736.jpg,T2025_02369.jpg
0.0785,1,T2025_02490.jpg,T2025_00190.jpg
0.2612,0,T2025_01756.jpg,T2025_02297.jpg
0.7503,0,T2025_02694.jpg,T2025_02017.jpg
0.1240,1,T2025_00553.jpg,T2025_01760.jpg
0.1083,0,T2025_00888.jpg,T2025_01734.jpg
0.6778,0,T2025_00874.jpg,T2025_01897.jpg
0.2703,1,T2025_00769.jpg,T2025_02108.jpg
-0.0977,0,T2025_01043.jpg,T2025_01265.jpg
0.1887,1,T2025_02435.jpg,T2025_01427.jpg
0.0972,0,T2025_01015.jpg,T2025_00121.jpg
0.2390,0,T2025_02579.jpg,T2025_01906.jpg
0.1470,0,T2025_02346.jpg,T2025_00133.jpg
0.0805,1,T2025_00563.jpg,T2025_02519.jpg
0.6620,1,T2025_00902.jpg,T2025_00670.jpg
0.1478,0,T2025_02033.jpg,T2025_02023.jpg
0.5888,0,T2025_02440.jpg,T2025_02449.jpg
0.9936,1,T2025_02557.jpg,T2025_01373.jpg
0.8249,0,T2025_02931.jpg,T2025_00206.jpg
-0.0987,0,T2025_01948.jpg,T2025_02000.jpg
-0.1154,1,T2025_02176.jpg,T2025_00411.jpg
0.4426,1,T2025_02064.jpg,T2025_02550.jpg
0.1463,1,T2025_01078.jpg,T2025_02453.jpg
0.7727,0,T2025_02127.jpg,T2025_01400.jpg
0.0845,0,T2025_01930.jpg,T2025_01031.jpg
0.4923,1,T2025_01438.jpg,T2025_00048.jpg
0.3452,0,T2025_01615.jpg,T2025_02752.jpg
0.1647,1,T2025_00261.jpg,T2025_00702.jpg
0.6099,1,T2025_02505.jpg,T2025_00902.jpg
0.2413,0,T2025_00715.jpg,T2025_00970.jpg
0.8030,0,T2025_01994.jpg,T2025_01316.jpg
0.1627,1,T2025_02371.jpg,T2025_01812.jpg
0.1448,0,T2025_00776.jpg,T2025_00858.jpg
0.2468,1,T2025_00798.jpg,T2025_02696.jpg
0.5816,0,T2025_02130.jpg,T2025_01093.jpg
0.6072,1,T2025_01076.jpg,T2025_02963.jpg
1.0000,0,T2025_02769.jpg,T2025_02769.jpg
0.2750,1,T2025_02360.jpg,T2025_02647.jpg
0.4478,0,T2025_02422.jpg,T2025_00355.jpg
0.1165,0,T2025_01341.jpg,T2025_03082.jpg
0.2011,0,T2025_02390.jpg,T2025_02286.jpg
0.1042,0,T2025_01858.jpg,T2025_03032.jpg
0.3942,0,T2025_00873.jpg,T2025_02946.jpg
0.7955,0,T2025_02908.jpg,T2025_02041.jpg
0.0637,1,T2025_00558.jpg,T2025_02833.jpg
0.3539,1,T2025_02558.jpg,T2025_01326.jpg
0.5979,1,T2025_00184.jpg,T2025_01313.jpg
0.7253,1,T2025_02062.jpg,T2025_02809.jpg
0.1338,1,T2025_02150.jpg,T2025_00610.jpg
0.3172,1,T2025_01905.jpg,T2025_01726.jpg
0.5339,0,T2025_02476.jpg,T2025_01166.jpg
0.7421,1,T2025_00563.jpg,T2025_03103.jpg
0.3371,0,T2025_02376.jpg,T2025_01128.jpg
0.4224,1,T2025_00332.jpg,T2025_00322.jpg
0.0264,0,T2025_03063.jpg,T2025_01323.jpg
0.5187,1,T2025_02205.jpg,T2025_01559.jpg
0.3452,1,T2025_00586.jpg,T2025_01253.jpg
0.0916,0,T2025_01294.jpg,T2025_01163.jpg
0.1956,1,T2025_02119.jpg,T2025_01176.jpg
0.2247,0,T2025_00265.jpg,T2025_01258.jpg
-0.0256,1,T2025_02773.jpg,T2025_01172.jpg
0.2678,1,T2025_02072.jpg,T2025_01492.jpg
0.4052,1,T2025_01612.jpg,T2025_01964.jpg
0.4583,1,T2025_02808.jpg,T2025_00711.jpg
0.6859,0,T2025_00857.jpg,T2025_02896.jpg
0.2712,0,T2025_00623.jpg,T2025_02026.jpg
0.1448,1,T2025_01909.jpg,T2025_02894.jpg
0.2596,1,T2025_00406.jpg,T2025_01663.jpg
0.4581,1,T2025_00154.jpg,T2025_01134.jpg
0.2182,0,T2025_00808.jpg,T2025_02935.jpg
0.1976,1,T2025_02046.jpg,T2025_01445.jpg
0.2288,0,T2025_03073.jpg,T2025_02633.jpg
-0.0423,1,T2025_02221.jpg,T2025_00883.jpg
0.0267,1,T2025_02448.jpg,T2025_02616.jpg
0.0831,1,T2025_01573.jpg,T2025_00899.jpg
0.0233,1,T2025_02841.jpg,T2025_00792.jpg
0.0800,1,T2025_01126.jpg,T2025_02529.jpg
0.4357,1,T2025_02420.jpg,T2025_00150.jpg
0.1909,0,T2025_02995.jpg,T2025_00807.jpg
0.3479,1,T2025_02845.jpg,T2025_00993.jpg
0.2725,0,T2025_01207.jpg,T2025_01851.jpg
0.4641,1,T2025_02124.jpg,T2025_01690.jpg
0.5576,0,T2025_01572.jpg,T2025_00764.jpg
0.2736,1,T2025_00041.jpg,T2025_01128.jpg
0.2778,0,T2025_00415.jpg,T2025_00801.jpg
0.1728,0,T2025_00023.jpg,T2025_01991.jpg
0.3051,1,T2025_00743.jpg,T2025_00187.jpg
0.3087,1,T2025_00712.jpg,T2025_00172.jpg
0.3675,0,T2025_01244.jpg,T2025_02027.jpg
0.6332,0,T2025_02465.jpg,T2025_02056.jpg
0.7013,0,T2025_02555.jpg,T2025_01572.jpg
0.4109,0,T2025_00764.jpg,T2025_01494.jpg
-0.0383,1,T2025_01509.jpg,T2025_01667.jpg
0.7595,1,T2025_00241.jpg,T2025_01705.jpg
0.2165,1,T2025_02845.jpg,T2025_02163.jpg
0.8391,1,T2025_00622.jpg,T2025_03011.jpg
0.3568,0,T2025_00480.jpg,T2025_02527.jpg
0.2188,1,T2025_00795.jpg,T2025_02156.jpg
0.0272,0,T2025_02370.jpg,T2025_00806.jpg
0.4535,1,T2025_00646.jpg,T2025_01510.jpg
0.1934,0,T2025_02804.jpg,T2025_01036.jpg
0.1979,0,T2025_00651.jpg,T2025_01543.jpg
-0.2413,0,T2025_00480.jpg,T2025_02469.jpg
0.3649,1,T2025_02738.jpg,T2025_01695.jpg
-0.0615,0,T2025_02919.jpg,T2025_01478.jpg
0.1204,1,T2025_02150.jpg,T2025_02274.jpg
0.0589,0,T2025_01033.jpg,T2025_00685.jpg
0.2599,0,T2025_02021.jpg,T2025_02494.jpg
0.2862,0,T2025_00519.jpg,T2025_00147.jpg
0.0104,1,T2025_01383.jpg,T2025_01877.jpg
0.1838,1,T2025_01713.jpg,T2025_01874.jpg
0.2891,0,T2025_00383.jpg,T2025_02302.jpg
0.2341,1,T2025_02554.jpg,T2025_02749.jpg
0.3185,0,T2025_00356.jpg,T2025_02756.jpg
0.2263,1,T2025_01512.jpg,T2025_01254.jpg
0.2191,0,T2025_01048.jpg,T2025_02082.jpg
0.2139,1,T2025_02691.jpg,T2025_00992.jpg
0.2971,1,T2025_02177.jpg,T2025_00020.jpg
0.2410,1,T2025_02553.jpg,T2025_02469.jpg
0.7105,1,T2025_00775.jpg,T2025_02159.jpg
0.2825,1,T2025_03036.jpg,T2025_01721.jpg
0.3461,0,T2025_01267.jpg,T2025_00428.jpg
0.1812,0,T2025_01446.jpg,T2025_01933.jpg
0.3636,1,T2025_01996.jpg,T2025_02618.jpg
0.1208,1,T2025_01428.jpg,T2025_02476.jpg
0.1782,0,T2025_01286.jpg,T2025_02932.jpg
0.5106,0,T2025_00586.jpg,T2025_01368.jpg
0.3474,0,T2025_01658.jpg,T2025_02036.jpg
0.3937,1,T2025_00431.jpg,T2025_01718.jpg
0.4595,1,T2025_01412.jpg,T2025_00130.jpg
0.3398,0,T2025_02331.jpg,T2025_00416.jpg
0.7487,1,T2025_02915.jpg,T2025_01520.jpg
0.1899,1,T2025_03030.jpg,T2025_02705.jpg
0.3872,0,T2025_01297.jpg,T2025_01657.jpg
0.2789,0,T2025_01850.jpg,T2025_01899.jpg
0.3568,0,T2025_02307.jpg,T2025_02922.jpg
0.0112,1,T2025_01782.jpg,T2025_02361.jpg
0.7839,0,T2025_01805.jpg,T2025_00216.jpg
0.1603,0,T2025_02480.jpg,T2025_02405.jpg
0.6561,1,T2025_01681.jpg,T2025_02288.jpg
0.5515,1,T2025_00179.jpg,T2025_02917.jpg
0.0551,0,T2025_01289.jpg,T2025_02111.jpg
0.4186,0,T2025_01377.jpg,T2025_01490.jpg
-0.0191,1,T2025_02694.jpg,T2025_00331.jpg
0.2845,0,T2025_00809.jpg,T2025_00793.jpg
0.7854,1,T2025_02289.jpg,T2025_01207.jpg
0.6896,0,T2025_02474.jpg,T2025_02742.jpg
0.0654,1,T2025_02079.jpg,T2025_02555.jpg
0.3573,1,T2025_02233.jpg,T2025_02027.jpg
0.0833,0,T2025_01650.jpg,T2025_00368.jpg
0.0730,0,T2025_01591.jpg,T2025_02307.jpg
0.3091,0,T2025_02228.jpg,T2025_00998.jpg
0.2411,0,T2025_00541.jpg,T2025_01810.jpg
-0.0865,1,T2025_02965.jpg,T2025_01061.jpg
-0.1370,0,T2025_00974.jpg,T2025_02357.jpg
0.4752,1,T2025_01721.jpg,T2025_02198.jpg
-0.0965,0,T2025_00744.jpg,T2025_01979.jpg
0.6147,1,T2025_00828.jpg,T2025_00694.jpg
0.4115,0,T2025_01833.jpg,T2025_02336.jpg
0.0309,0,T2025_00314.jpg,T2025_01989.jpg
0.0239,0,T2025_03070.jpg,T2025_00468.jpg
0.3118,1,T2025_02498.jpg,T2025_02162.jpg
0.0537,1,T2025_02227.jpg,T2025_02238.jpg
0.2020,0,T2025_00682.jpg,T2025_01928.jpg
0.2435,0,T2025_02391.jpg,T2025_02318.jpg
-0.0160,1,T2025_02254.jpg,T2025_01675.jpg
0.6336,0,T2025_03033.jpg,T2025_02076.jpg
0.7486,1,T2025_00726.jpg,T2025_00987.jpg
0.1735,1,T2025_00148.jpg,T2025_00916.jpg
0.0771,1,T2025_01031.jpg,T2025_01620.jpg
0.1251,1,T2025_01137.jpg,T2025_01770.jpg
0.0878,0,T2025_00820.jpg,T2025_01679.jpg
0.2046,0,T2025_01318.jpg,T2025_03031.jpg
0.0375,0,T2025_00013.jpg,T2025_01664.jpg
0.8083,0,T2025_00701.jpg,T2025_02078.jpg
0.4893,1,T2025_02681.jpg,T2025_01389.jpg
0.0790,1,T2025_02018.jpg,T2025_01928.jpg
0.2111,1,T2025_03064.jpg,T2025_02704.jpg
0.5996,1,T2025_01201.jpg,T2025_00898.jpg
0.4971,0,T2025_00767.jpg,T2025_01133.jpg
-0.0711,0,T2025_01685.jpg,T2025_03060.jpg
0.1277,0,T2025_03046.jpg,T2025_02505.jpg
0.3917,1,T2025_00652.jpg,T2025_02633.jpg
0.0885,1,T2025_02188.jpg,T2025_02625.jpg
0.7843,1,T2025_01060.jpg,T2025_00496.jpg
0.3774,0,T2025_01555.jpg,T2025_02852.jpg
0.5356,1,T2025_01737.jpg,T2025_00007.jpg
0.0447,0,T2025_01163.jpg,T2025_00688.jpg
0.0871,0,T2025_02169.jpg,T2025_01925.jpg
0.4337,0,T2025_01422.jpg,T2025_02314.jpg
0.1109,0,T2025_00252.jpg,T2025_02321.jpg
0.2642,1,T2025_02295.jpg,T2025_01082.jpg
0.3035,0,T2025_02131.jpg,T2025_00548.jpg
0.6558,0,T2025_02567.jpg,T2025_00065.jpg
0.4750,1,T2025_00150.jpg,T2025_02004.jpg
0.7921,0,T2025_01537.jpg,T2025_01652.jpg
0.0301,0,T2025_01708.jpg,T2025_02294.jpg
0.1707,1,T2025_00287.jpg,T2025_00814.jpg
0.3137,0,T2025_01222.jpg,T2025_02592.jpg
0.1742,0,T2025_00492.jpg,T2025_02921.jpg
0.5777,0,T2025_01254.jpg,T2025_00045.jpg
0.3136,1,T2025_01002.jpg,T2025_00031.jpg
0.2145,1,T2025_01727.jpg,T2025_00414.jpg
0.4264,1,T2025_00491.jpg,T2025_01428.jpg
0.1020,1,T2025_00858.jpg,T2025_02832.jpg
0.3349,0,T2025_03049.jpg,T2025_01436.jpg
0.2163,0,T2025_01500.jpg,T2025_02337.jpg
0.7674,0,T2025_00588.jpg,T2025_00015.jpg
0.0235,1,T2025_02302.jpg,T2025_01587.jpg
0.4360,1,T2025_00191.jpg,T2025_02846.jpg
0.1360,0,T2025_01229.jpg,T2025_00009.jpg
0.0515,0,T2025_03001.jpg,T2025_01669.jpg
0.0612,1,T2025_02078.jpg,T2025_00206.jpg
0.1990,0,T2025_01060.jpg,T2025_01619.jpg
0.1198,1,T2025_03041.jpg,T2025_02776.jpg
0.1629,1,T2025_01571.jpg,T2025_02222.jpg
0.2519,1,T2025_01758.jpg,T2025_01259.jpg
0.0863,1,T2025_01524.jpg,T2025_02622.jpg
0.2167,0,T2025_01270.jpg,T2025_02989.jpg
0.2990,0,T2025_01291.jpg,T2025_01289.jpg
0.3087,1,T2025_00935.jpg,T2025_02821.jpg
0.1535,1,T2025_02866.jpg,T2025_00901.jpg
0.0751,0,T2025_01482.jpg,T2025_02722.jpg
0.2385,1,T2025_02320.jpg,T2025_02722.jpg
0.7365,1,T2025_00518.jpg,T2025_00672.jpg
0.3924,0,T2025_01069.jpg,T2025_00381.jpg
0.3950,0,T2025_00166.jpg,T2025_02751.jpg
1.0000,1,T2025_00242.jpg,T2025_00242.jpg
0.4639,0,T2025_02119.jpg,T2025_01110.jpg
0.2190,0,T2025_02800.jpg,T2025_01189.jpg
0.6239,0,T2025_00036.jpg,T2025_02342.jpg
0.1649,1,T2025_02791.jpg,T2025_02665.jpg
0.2088,0,T2025_01390.jpg,T2025_02942.jpg
0.0954,0,T2025_02117.jpg,T2025_01325.jpg
0.3386,1,T2025_01814.jpg,T2025_03003.jpg
0.8512,1,T2025_01581.jpg,T2025_02843.jpg
0.0724,0,T2025_01341.jpg,T2025_00841.jpg
0.4771,0,T2025_03101.jpg,T2025_02217.jpg
0.2971,0,T2025_02392.jpg,T2025_02710.jpg
0.2208,0,T2025_02433.jpg,T2025_02807.jpg
0.1354,1,T2025_02120.jpg,T2025_00444.jpg
0.8548,0,T2025_00738.jpg,T2025_02495.jpg
0.2150,0,T2025_02311.jpg,T2025_01167.jpg
0.2189,1,T2025_02840.jpg,T2025_01826.jpg
0.1833,1,T2025_02031.jpg,T2025_00294.jpg
-0.0817,0,T2025_01475.jpg,T2025_02260.jpg
0.4095,1,T2025_02061.jpg,T2025_03009.jpg
-0.0933,0,T2025_00298.jpg,T2025_00276.jpg
0.8479,0,T2025_01206.jpg,T2025_01669.jpg
0.1167,0,T2025_01849.jpg,T2025_00885.jpg
0.4711,1,T2025_02824.jpg,T2025_01575.jpg
0.5742,0,T2025_00777.jpg,T2025_02571.jpg
0.7567,1,T2025_01778.jpg,T2025_02855.jpg
0.3162,1,T2025_02887.jpg,T2025_02125.jpg
0.3544,0,T2025_01895.jpg,T2025_00395.jpg
0.1824,0,T2025_00167.jpg,T2025_02876.jpg
0.3478,1,T2025_02972.jpg,T2025_02986.jpg
0.7727,0,T2025_02479.jpg,T2025_02000.jpg
0.4838,0,T2025_02277.jpg,T2025_00116.jpg
0.2021,0,T2025_00176.jpg,T2025_01684.jpg
0.2252,1,T2025_01753.jpg,T2025_00430.jpg
0.2893,0,T2025_01621.jpg,T2025_00523.jpg
0.3177,1,T2025_01457.jpg,T2025_01843.jpg
1.0000,0,T2025_00236.jpg,T2025_00236.jpg
0.8024,1,T2025_00976.jpg,T2025_00990.jpg
0.4710,1,T2025_00574.jpg,T2025_01115.jpg
0.7637,0,T2025_01104.jpg,T2025_01685.jpg
0.3541,1,T2025_01266.jpg,T2025_02906.jpg
0.4252,0,T2025_02372.jpg,T2025_00337.jpg
0.1030,0,T2025_02389.jpg,T2025_02377.jpg
-0.0119,0,T2025_01846.jpg,T2025_01564.jpg
0.0395,0,T2025_02133.jpg,T2025_00660.jpg
0.1480,0,T2025_01352.jpg,T2025_01680.jpg
0.3976,0,T2025_01184.jpg,T2025_00001.jpg
0.3518,0,T2025_02318.jpg,T2025_00637.jpg
0.4877,0,T2025_02499.jpg,T2025_01121.jpg
0.7011,0,T2025_01559.jpg,T2025_01113.jpg
0.3202,1,T2025_01430.jpg,T2025_01849.jpg
0.0631,1,T2025_01200.jpg,T2025_00136.jpg
0.1521,0,T2025_01823.jpg,T2025_02626.jpg
0.6899,1,T2025_00127.jpg,T2025_01992.jpg
0.4582,0,T2025_01805.jpg,T2025_02950.jpg
0.2951,1,T2025_01422.jpg,T2025_00443.jpg
0.2506,0,T2025_01048.jpg,T2025_01532.jpg
0.0868,1,T2025_02040.jpg,T2025_01489.jpg
0.7745,0,T2025_02823.jpg,T2025_00692.jpg
0.5370,0,T2025_00978.jpg,T2025_00228.jpg
0.5470,1,T2025_00869.jpg,T2025_01248.jpg
0.2060,0,T2025_02644.jpg,T2025_00273.jpg
0.7481,1,T2025_00490.jpg,T2025_03047.jpg
0.5687,1,T2025_01986.jpg,T2025_00582.jpg
0.3445,0,T2025_02973.jpg,T2025_00584.jpg
0.5125,1,T2025_01439.jpg,T2025_00722.jpg
0.1092,0,T2025_02296.jpg,T2025_01295.jpg
0.1613,1,T2025_01556.jpg,T2025_01106.jpg
0.2990,1,T2025_00909.jpg,T2025_01515.jpg
0.8313,0,T2025_02745.jpg,T2025_00659.jpg
0.4622,1,T2025_01554.jpg,T2025_02788.jpg
0.0463,1,T2025_02105.jpg,T2025_01326.jpg
0.5386,0,T2025_02643.jpg,T2025_02904.jpg
-0.0474,1,T2025_02580.jpg,T2025_02169.jpg
0.2735,0,T2025_00584.jpg,T2025_03091.jpg
0.2770,1,T2025_01321.jpg,T2025_02360.jpg
0.7908,1,T2025_01950.jpg,T2025_01846.jpg
0.0783,1,T2025_02265.jpg,T2025_01868.jpg
0.1828,1,T2025_00404.jpg,T2025_00523.jpg
0.0799,1,T2025_00367.jpg,T2025_00338.jpg
0.1315,0,T2025_01289.jpg,T2025_00205.jpg
-0.0412,0,T2025_02338.jpg,T2025_00855.jpg
0.3358,0,T2025_00503.jpg,T2025_01410.jpg
0.4301,1,T2025_03059.jpg,T2025_01510.jpg
0.2081,1,T2025_02013.jpg,T2025_00302.jpg
0.8700,1,T2025_02084.jpg,T2025_01281.jpg
0.5313,0,T2025_02848.jpg,T2025_00148.jpg
0.7294,1,T2025_00611.jpg,T2025_02144.jpg
0.3941,0,T2025_01655.jpg,T2025_01728.jpg
0.2809,1,T2025_01299.jpg,T2025_00213.jpg
0.4268,0,T2025_00979.jpg,T2025_01488.jpg
0.0788,1,T2025_00682.jpg,T2025_02005.jpg
0.0047,0,T2025_02604.jpg,T2025_00999.jpg
0.2428,0,T2025_01437.jpg,T2025_01269.jpg
0.1758,0,T2025_02728.jpg,T2025_01299.jpg
0.3119,1,T2025_00022.jpg,T2025_02663.jpg
0.3148,1,T2025_01200.jpg,T2025_02348.jpg
0.1214,0,T2025_00277.jpg,T2025_02406.jpg
0.0423,1,T2025_02493.jpg,T2025_02133.jpg
0.4156,0,T2025_02321.jpg,T2025_02229.jpg
0.4225,1,T2025_00633.jpg,T2025_01230.jpg
0.5886,1,T2025_02822.jpg,T2025_01150.jpg
0.4546,0,T2025_02653.jpg,T2025_00447.jpg
0.0759,0,T2025_00637.jpg,T2025_00798.jpg
0.7973,1,T2025_02068.jpg,T2025_00378.jpg
0.1172,1,T2025_02928.jpg,T2025_00356.jpg
-0.1360,1,T2025_01589.jpg,T2025_02365.jpg
0.6428,1,T2025_01728.jpg,T2025_00417.jpg
0.5458,1,T2025_00134.jpg,T2025_00580.jpg
0.1303,1,T2025_02991.jpg,T2025_00005.jpg
0.0205,0,T2025_01425.jpg,T2025_02146.jpg
0.5139,0,T2025_02542.jpg,T2025_00433.jpg
0.8425,1,T2025_01827.jpg,T2025_01893.jpg
0.0099,1,T2025_01012.jpg,T2025_02850.jpg
0.5784,1,T2025_00558.jpg,T2025_01151.jpg
1.0000,1,T2025_02977.jpg,T2025_02977.jpg
0.2608,0,T2025_01701.jpg,T2025_01542.jpg
0.5615,1,T2025_01497.jpg,T2025_02391.jpg
0.1770,1,T2025_02318.jpg,T2025_01386.jpg
0.1087,1,T2025_00695.jpg,T2025_00732.jpg
0.4257,0,T2025_01949.jpg,T2025_01793.jpg
0.1623,0,T2025_00808.jpg,T2025_01760.jpg
0.5275,0,T2025_00550.jpg,T2025_01497.jpg
0.1044,1,T2025_02406.jpg,T2025_01515.jpg
0.2990,0,T2025_02714.jpg,T2025_01470.jpg
0.0038,1,T2025_01349.jpg,T2025_01433.jpg
0.4484,0,T2025_01185.jpg,T2025_01912.jpg
0.5425,0,T2025_02823.jpg,T2025_02590.jpg
0.3683,0,T2025_00280.jpg,T2025_02433.jpg
0.2643,0,T2025_01108.jpg,T2025_02876.jpg
-0.1078,1,T2025_02353.jpg,T2025_02641.jpg
0.6792,0,T2025_00010.jpg,T2025_01588.jpg
0.0814,1,T2025_02465.jpg,T2025_02837.jpg
-0.0681,0,T2025_00835.jpg,T2025_02223.jpg
0.1163,0,T2025_00284.jpg,T2025_00241.jpg
0.7829,1,T2025_00615.jpg,T2025_02669.jpg
0.2766,1,T2025_01073.jpg,T2025_01476.jpg
0.3810,1,T2025_02980.jpg,T2025_01053.jpg
0.3815,1,T2025_00381.jpg,T2025_02898.jpg
0.3322,1,T2025_00933.jpg,T2025_01811.jpg
0.5520,0,T2025_02414.jpg,T2025_01776.jpg
0.1519,0,T2025_02882.jpg,T2025_02129.jpg
0.3843,0,T2025_01592.jpg,T2025_00652.jpg
0.1005,1,T2025_00554.jpg,T2025_00168.jpg
0.1249,0,T2025_02520.jpg,T2025_00175.jpg
0.2515,1,T2025_02760.jpg,T2025_01069.jpg
0.6044,1,T2025_02265.jpg,T2025_02158.jpg
-0.0845,0,T2025_01225.jpg,T2025_01241.jpg
0.6112,1,T2025_02136.jpg,T2025_01867.jpg
0.6831,1,T2025_00993.jpg,T2025_02360.jpg
0.0218,1,T2025_01255.jpg,T2025_03067.jpg
0.4830,0,T2025_00945.jpg,T2025_02850.jpg
-0.1262,1,T2025_00391.jpg,T2025_01823.jpg
0.5123,0,T2025_00445.jpg,T2025_01668.jpg
0.5451,1,T2025_03080.jpg,T2025_02641.jpg
0.1350,0,T2025_02566.jpg,T2025_01595.jpg
0.3144,0,T2025_02741.jpg,T2025_02593.jpg
0.1920,0,T2025_00175.jpg,T2025_01626.jpg
0.0669,0,T2025_03076.jpg,T2025_01885.jpg
0.4909,0,T2025_02622.jpg,T2025_00928.jpg
0.1104,1,T2025_00263.jpg,T2025_00958.jpg
0.3300,0,T2025_00975.jpg,T2025_02683.jpg
0.0809,1,T2025_01659.jpg,T2025_00215.jpg
0.2593,0,T2025_00628.jpg,T2025_00674.jpg
-0.0460,1,T2025_00712.jpg,T2025_02776.jpg
0.1649,1,T2025_01902.jpg,T2025_01609.jpg
0.2486,1,T2025_01340.jpg,T2025_01646.jpg
0.1318,0,T2025_00989.jpg,T2025_02788.jpg
0.6968,0,T2025_01699.jpg,T2025_01676.jpg
0.1448,0,T2025_01307.jpg,T2025_01674.jpg
0.3030,1,T2025_01053.jpg,T2025_02889.jpg
0.0603,0,T2025_02353.jpg,T2025_03101.jpg
0.1141,1,T2025_01365.jpg,T2025_01812.jpg
0.2253,0,T2025_02445.jpg,T2025_00291.jpg
0.4193,0,T2025_00328.jpg,T2025_01700.jpg
0.3824,0,T2025_02002.jpg,T2025_01971.jpg
0.5828,1,T2025_01230.jpg,T2025_02463.jpg
-0.0234,0,T2025_00482.jpg,T2025_00083.jpg
0.6870,0,T2025_02366.jpg,T2025_02017.jpg
0.1650,1,T2025_00047.jpg,T2025_00812.jpg
0.3187,1,T2025_00306.jpg,T2025_01910.jpg
0.1131,1,T2025_00219.jpg,T2025_02333.jpg
0.3784,0,T2025_01658.jpg,T2025_01233.jpg
0.4533,0,T2025_02348.jpg,T2025_02773.jpg
0.4831,0,T2025_00430.jpg,T2025_00548.jpg
0.6963,0,T2025_01890.jpg,T2025_01366.jpg
-0.0304,0,T2025_02998.jpg,T2025_00527.jpg
0.2872,0,T2025_02750.jpg,T2025_02128.jpg
0.5110,0,T2025_00207.jpg,T2025_02785.jpg
0.4555,0,T2025_02954.jpg,T2025_00059.jpg
0.2372,0,T2025_02870.jpg,T2025_02864.jpg
0.0880,1,T2025_00562.jpg,T2025_03103.jpg
-0.1211,0,T2025_00099.jpg,T2025_01074.jpg
0.4043,1,T2025_01160.jpg,T2025_01394.jpg
0.4474,0,T2025_01064.jpg,T2025_00562.jpg
-0.0515,0,T2025_02726.jpg,T2025_01930.jpg
0.7147,0,T2025_02450.jpg,T2025_01322.jpg
0.2441,1,T2025_01252.jpg,T2025_00818.jpg
0.7233,0,T2025_02776.jpg,T2025_00167.jpg
0.2239,0,T2025_00247.jpg,T2025_02181.jpg
0.5821,1,T2025_00167.jpg,T2025_02604.jpg
0.3938,1,T2025_00702.jpg,T2025_01910.jpg
0.6678,1,T2025_02982.jpg,T2025_01137.jpg
0.5967,1,T2025_02831.jpg,T2025_00114.jpg
0.7610,1,T2025_00457.jpg,T2025_01987.jpg
0.2503,0,T2025_01282.jpg,T2025_00402.jpg
0.5122,0,T2025_01850.jpg,T2025_02812.jpg
0.4183,0,T2025_01192.jpg,T2025_02022.jpg
0.4370,1,T2025_00807.jpg,T2025_00409.jpg
0.3910,1,T2025_01817.jpg,T2025_00571.jpg
0.2789,1,T2025_00484.jpg,T2025_03033.jpg
0.7450,0,T2025_01466.jpg,T2025_02101.jpg
-0.0183,1,T2025_01334.jpg,T2025_02805.jpg
0.4282,1,T2025_00060.jpg,T2025_01476.jpg
0.1131,0,T2025_01808.jpg,T2025_02682.jpg
-0.1100,0,T2025_00588.jpg,T2025_02255.jpg
0.0619,0,T2025_01433.jpg,T2025_02266.jpg
0.2055,0,T2025_01705.jpg,T2025_01698.jpg
0.3879,1,T2025_01169.jpg,T2025_01830.jpg
0.1677,1,T2025_00804.jpg,T2025_00338.jpg
0.3789,0,T2025_00485.jpg,T2025_02511.jpg
0.2423,1,T2025_02564.jpg,T2025_01817.jpg
0.2672,0,T2025_00107.jpg,T2025_02951.jpg
0.4324,0,T2025_02117.jpg,T2025_00292.jpg
0.1596,0,T2025_02327.jpg,T2025_00865.jpg
-0.1974,0,T2025_02842.jpg,T2025_01220.jpg
0.6794,1,T2025_02374.jpg,T2025_02132.jpg
0.6442,0,T2025_01920.jpg,T2025_02555.jpg
0.4003,1,T2025_01233.jpg,T2025_01105.jpg
0.4015,0,T2025_00424.jpg,T2025_01888.jpg
0.5949,0,T2025_00827.jpg,T2025_00423.jpg
0.6591,0,T2025_02617.jpg,T2025_02665.jpg
0.3535,0,T2025_01287.jpg,T2025_02311.jpg
0.0078,0,T2025_02711.jpg,T2025_00504.jpg
0.2040,1,T2025_00921.jpg,T2025_02379.jpg
0.4922,0,T2025_02891.jpg,T2025_00464.jpg
0.2182,1,T2025_01211.jpg,T2025_00679.jpg
0.1537,1,T2025_00820.jpg,T2025_01009.jpg
0.2373,0,T2025_02652.jpg,T2025_00531.jpg
0.1211,0,T2025_02089.jpg,T2025_00413.jpg
0.0183,1,T2025_00605.jpg,T2025_03044.jpg
0.0966,0,T2025_00677.jpg,T2025_00155.jpg
0.1077,1,T2025_01575.jpg,T2025_02479.jpg
0.2152,0,T2025_00895.jpg,T2025_01004.jpg
0.5614,0,T2025_02681.jpg,T2025_01743.jpg
0.3510,1,T2025_00593.jpg,T2025_00077.jpg
0.2197,0,T2025_01720.jpg,T2025_00810.jpg
0.1788,1,T2025_01521.jpg,T2025_00652.jpg
0.2824,0,T2025_02875.jpg,T2025_02433.jpg
0.2176,1,T2025_02131.jpg,T2025_00487.jpg
0.6792,0,T2025_01530.jpg,T2025_00617.jpg
0.3376,0,T2025_01308.jpg,T2025_00958.jpg
0.5634,1,T2025_02704.jpg,T2025_02930.jpg
0.0077,1,T2025_02944.jpg,T2025_00436.jpg
0.8759,0,T2025_01893.jpg,T2025_02933.jpg
0.3401,1,T2025_00592.jpg,T2025_03087.jpg
0.3644,0,T2025_00472.jpg,T2025_01337.jpg
0.4195,1,T2025_00835.jpg,T2025_01970.jpg
0.0547,0,T2025_01300.jpg,T2025_01708.jpg
0.1445,1,T2025_01819.jpg,T2025_03000.jpg
0.0538,0,T2025_02043.jpg,T2025_00258.jpg
0.4631,1,T2025_01494.jpg,T2025_02258.jpg
0.4240,0,T2025_02704.jpg,T2025_00320.jpg
0.4749,1,T2025_01107.jpg,T2025_02477.jpg
0.2924,0,T2025_01686.jpg,T2025_01440.jpg
0.6904,0,T2025_01047.jpg,T2025_01879.jpg
0.1926,1,T2025_02822.jpg,T2025_00475.jpg
0.1395,1,T2025_02981.jpg,T2025_02120.jpg
0.1831,0,T2025_00315.jpg,T2025_03010.jpg
-0.0806,1,T2025_00418.jpg,T2025_03083.jpg
0.1295,1,T2025_01385.jpg,T2025_01268.jpg
0.0231,0,T2025_03053.jpg,T2025_00056.jpg
0.8408,0,T2025_02019.jpg,T2025_01797.jpg
0.5499,1,T2025_02506.jpg,T2025_00631.jpg
0.1228,1,T2025_00627.jpg,T2025_02882.jpg
0.3695,1,T2025_00475.jpg,T2025_02510.jpg
0.2130,1,T2025_01981.jpg,T2025_00921.jpg
0.0903,0,T2025_01033.jpg,T2025_00705.jpg
-0.0735,1,T2025_02307.jpg,T2025_02243.jpg
0.2134,1,T2025_00860.jpg,T2025_00533.jpg
0.4657,1,T2025_01620.jpg,T2025_00685.jpg
0.1367,0,T2025_00885.jpg,T2025_00657.jpg
0.1516,1,T2025_01445.jpg,T2025_01747.jpg
0.5611,1,T2025_00446.jpg,T2025_02208.jpg
0.0728,1,T2025_03074.jpg,T2025_01366.jpg
0.7155,1,T2025_00991.jpg,T2025_02351.jpg
0.1785,0,T2025_02536.jpg,T2025_00950.jpg
0.7398,0,T2025_01149.jpg,T2025_02029.jpg
-0.0893,0,T2025_02963.jpg,T2025_01935.jpg
0.2608,0,T2025_02073.jpg,T2025_01427.jpg
0.4084,1,T2025_00815.jpg,T2025_00554.jpg
0.1334,0,T2025_00303.jpg,T2025_02147.jpg
0.6002,0,T2025_01792.jpg,T2025_00736.jpg
0.0791,0,T2025_02290.jpg,T2025_01656.jpg
0.0758,0,T2025_02656.jpg,T2025_00818.jpg
0.1161,1,T2025_02774.jpg,T2025_00610.jpg
0.1553,0,T2025_01853.jpg,T2025_01613.jpg
0.5164,1,T2025_00433.jpg,T2025_00660.jpg
-0.1443,1,T2025_02282.jpg,T2025_02528.jpg
0.5786,0,T2025_01847.jpg,T2025_00633.jpg
0.1683,1,T2025_01980.jpg,T2025_01849.jpg
0.1886,0,T2025_02407.jpg,T2025_02769.jpg
0.4401,0,T2025_02489.jpg,T2025_00505.jpg
0.0193,0,T2025_00441.jpg,T2025_01055.jpg
0.5225,1,T2025_02652.jpg,T2025_02502.jpg
-0.1312,0,T2025_01976.jpg,T2025_00166.jpg
0.4160,1,T2025_01954.jpg,T2025_00628.jpg
0.6725,0,T2025_00569.jpg,T2025_01420.jpg
0.1876,1,T2025_00088.jpg,T2025_03073.jpg
0.2879,1,T2025_00098.jpg,T2025_02032.jpg
-0.0635,0,T2025_00369.jpg,T2025_01314.jpg
0.0387,0,T2025_01590.jpg,T2025_02595.jpg
0.0054,0,T2025_00366.jpg,T2025_00918.jpg
0.2963,0,T2025_00686.jpg,T2025_01962.jpg
-0.0026,1,T2025_00169.jpg,T2025_01556.jpg
0.1162,1,T2025_01241.jpg,T2025_02121.jpg
0.3081,1,T2025_00666.jpg,T2025_03071.jpg
0.0384,0,T2025_02938.jpg,T2025_01910.jpg
0.3588,1,T2025_03018.jpg,T2025_01238.jpg
-0.0440,1,T2025_00578.jpg,T2025_00165.jpg
-0.1347,1,T2025_02217.jpg,T2025_02606.jpg
0.1716,1,T2025_03101.jpg,T2025_01373.jpg
0.2490,0,T2025_00766.jpg,T2025_01938.jpg
0.4788,1,T2025_00147.jpg,T2025_00299.jpg
0.1311,0,T2025_00350.jpg,T2025_00306.jpg
0.5192,1,T2025_03101.jpg,T2025_00629.jpg
-0.0247,1,T2025_02207.jpg,T2025_01337.jpg
0.0429,1,T2025_02375.jpg,T2025_02293.jpg
0.7606,0,T2025_02916.jpg,T2025_01337.jpg
0.1862,0,T2025_02873.jpg,T2025_00649.jpg
0.2791,1,T2025_01194.jpg,T2025_00029.jpg
0.2588,0,T2025_01679.jpg,T2025_02536.jpg
0.3419,0,T2025_02625.jpg,T2025_01941.jpg
0.5938,1,T2025_02328.jpg,T2025_02620.jpg
0.2322,1,T2025_01809.jpg,T2025_02878.jpg
0.5960,0,T2025_00062.jpg,T2025_02871.jpg
0.1011,0,T2025_00082.jpg,T2025_01861.jpg
0.4265,1,T2025_02335.jpg,T2025_01200.jpg
0.1302,0,T2025_01229.jpg,T2025_02183.jpg
0.0763,0,T2025_02412.jpg,T2025_02274.jpg
0.6787,0,T2025_01913.jpg,T2025_01820.jpg
0.8582,0,T2025_00527.jpg,T2025_02084.jpg
0.0911,1,T2025_01246.jpg,T2025_00642.jpg
0.6922,0,T2025_02576.jpg,T2025_02630.jpg
0.3753,0,T2025_00860.jpg,T2025_02827.jpg
0.1295,1,T2025_02644.jpg,T2025_00154.jpg
0.2624,0,T2025_01304.jpg,T2025_02829.jpg
0.0113,1,T2025_01603.jpg,T2025_02217.jpg
0.6482,1,T2025_01049.jpg,T2025_01350.jpg
0.4944,1,T2025_01374.jpg,T2025_00808.jpg
0.2250,0,T2025_02182.jpg,T2025_02272.jpg
0.6101,1,T2025_02885.jpg,T2025_02324.jpg
0.6518,0,T2025_01638.jpg,T2025_02547.jpg
0.1037,0,T2025_01909.jpg,T2025_01169.jpg
0.0460,0,T2025_00969.jpg,T2025_00976.jpg
0.1598,0,T2025_02874.jpg,T2025_02983.jpg
0.3279,1,T2025_01997.jpg,T2025_00228.jpg
0.7301,0,T2025_01015.jpg,T2025_01966.jpg
0.0339,0,T2025_00667.jpg,T2025_00002.jpg
0.1858,1,T2025_00521.jpg,T2025_00300.jpg
0.0740,0,T2025_00832.jpg,T2025_00158.jpg
0.2689,0,T2025_02814.jpg,T2025_01626.jpg
0.2632,1,T2025_00969.jpg,T2025_02769.jpg
0.0298,1,T2025_02266.jpg,T2025_00756.jpg
0.4551,1,T2025_02128.jpg,T2025_01627.jpg
0.4932,1,T2025_02116.jpg,T2025_01571.jpg
0.5976,1,T2025_01848.jpg,T2025_02337.jpg
0.4418,1,T2025_01085.jpg,T2025_00337.jpg
0.2682,0,T2025_00817.jpg,T2025_01854.jpg
0.3900,1,T2025_00112.jpg,T2025_01909.jpg
0.1717,0,T2025_02052.jpg,T2025_02837.jpg
0.4498,1,T2025_02433.jpg,T2025_02586.jpg
0.5211,0,T2025_02418.jpg,T2025_01949.jpg
0.4150,1,T2025_01268.jpg,T2025_02939.jpg
0.1763,0,T2025_01856.jpg,T2025_03093.jpg
0.0403,0,T2025_01360.jpg,T2025_02782.jpg
0.1899,0,T2025_01516.jpg,T2025_02786.jpg
0.3488,0,T2025_01112.jpg,T2025_00115.jpg
0.1026,1,T2025_01807.jpg,T2025_01047.jpg
0.1965,1,T2025_02675.jpg,T2025_00943.jpg
0.1184,0,T2025_00288.jpg,T2025_00099.jpg
0.4494,1,T2025_00445.jpg,T2025_01301.jpg
0.0679,1,T2025_00198.jpg,T2025_02916.jpg
0.6656,0,T2025_00270.jpg,T2025_00926.jpg
0.1898,0,T2025_01851.jpg,T2025_02912.jpg
0.0920,1,T2025_01576.jpg,T2025_02642.jpg
0.3049,1,T2025_02239.jpg,T2025_00809.jpg
0.5723,0,T2025_01438.jpg,T2025_02131.jpg
0.7404,0,T2025_01757.jpg,T2025_00850.jpg
0.1972,1,T2025_00215.jpg,T2025_01284.jpg
0.3127,0,T2025_00323.jpg,T2025_00218.jpg
0.1712,1,T2025_00951.jpg,T2025_01962.jpg
0.0919,1,T2025_00913.jpg,T2025_00137.jpg
0.6671,0,T2025_00185.jpg,T2025_00132.jpg
0.3035,0,T2025_00192.jpg,T2025_02147.jpg
0.1768,0,T2025_00756.jpg,T2025_02150.jpg
0.8609,1,T2025_02992.jpg,T2025_02480.jpg
0.6505,1,T2025_01026.jpg,T2025_01990.jpg
0.7537,0,T2025_00317.jpg,T2025_00949.jpg
0.3347,0,T2025_02225.jpg,T2025_00520.jpg
0.0650,0,T2025_02236.jpg,T2025_02838.jpg
0.1757,1,T2025_00744.jpg,T2025_02481.jpg
0.3936,1,T2025_01817.jpg,T2025_01327.jpg
0.5674,0,T2025_00970.jpg,T2025_01107.jpg
0.3134,0,T2025_00171.jpg,T2025_00316.jpg
0.1546,0,T2025_02556.jpg,T2025_00230.jpg
0.7044,1,T2025_02695.jpg,T2025_01283.jpg
0.1094,0,T2025_02280.jpg,T2025_02453.jpg
0.3928,1,T2025_00505.jpg,T2025_01038.jpg
0.3691,0,T2025_01841.jpg,T2025_03041.jpg
0.0044,1,T2025_00850.jpg,T2025_01168.jpg
0.1605,0,T2025_00106.jpg,T2025_00253.jpg
0.7101,1,T2025_00496.jpg,T2025_03012.jpg
0.3085,1,T2025_02614.jpg,T2025_01117.jpg
0.0789,0,T2025_01296.jpg,T2025_01442.jpg
0.0976,1,T2025_02055.jpg,T2025_00649.jpg
0.3157,1,T2025_02348.jpg,T2025_02546.jpg
0.2901,0,T2025_03093.jpg,T2025_01167.jpg
0.3049,1,T2025_02865.jpg,T2025_00439.jpg
-0.0874,1,T2025_02124.jpg,T2025_03011.jpg
0.0175,1,T2025_00909.jpg,T2025_00669.jpg
0.6476,0,T2025_02135.jpg,T2025_01345.jpg
0.4515,0,T2025_00014.jpg,T2025_02964.jpg
0.0989,0,T2025_02609.jpg,T2025_01173.jpg
0.4675,0,T2025_02973.jpg,T2025_00229.jpg
0.4104,1,T2025_00021.jpg,T2025_02729.jpg
0.1607,0,T2025_01465.jpg,T2025_02181.jpg
0.1630,0,T2025_01755.jpg,T2025_01858.jpg
0.4963,1,T2025_01940.jpg,T2025_02249.jpg
0.2137,0,T2025_00136.jpg,T2025_00165.jpg
0.6130,1,T2025_02607.jpg,T2025_00055.jpg
0.1961,0,T2025_00546.jpg,T2025_00895.jpg
0.2780,1,T2025_00691.jpg,T2025_03079.jpg
0.1146,1,T2025_01387.jpg,T2025_01866.jpg
0.6899,0,T2025_02008.jpg,T2025_00152.jpg
0.2517,0,T2025_00989.jpg,T2025_01890.jpg
0.1431,1,T2025_02025.jpg,T2025_02302.jpg
1.0000,0,T2025_01145.jpg,T2025_01145.jpg
0.1005,0,T2025_03073.jpg,T2025_02832.jpg
-0.0974,1,T2025_01059.jpg,T2025_01923.jpg
0.1297,1,T2025_01158.jpg,T2025_01696.jpg
0.4353,0,T2025_00493.jpg,T2025_01625.jpg
0.3066,1,T2025_00870.jpg,T2025_01629.jpg
0.2035,1,T2025_01689.jpg,T2025_00864.jpg
0.7943,0,T2025_01224.jpg,T2025_02587.jpg
0.3073,0,T2025_00538.jpg,T2025_01243.jpg
0.3730,0,T2025_01947.jpg,T2025_00952.jpg
-0.0621,0,T2025_02777.jpg,T2025_01818.jpg
0.5368,1,T2025_01706.jpg,T2025_00999.jpg
0.7373,0,T2025_01676.jpg,T2025_01042.jpg
0.2565,0,T2025_00420.jpg,T2025_00584.jpg
0.2019,0,T2025_00782.jpg,T2025_01944.jpg
0.1264,1,T2025_01935.jpg,T2025_00695.jpg
0.6919,1,T2025_02533.jpg,T2025_02576.jpg
0.4076,1,T2025_00695.jpg,T2025_00271.jpg
0.0846,0,T2025_01675.jpg,T2025_02696.jpg
0.3444,1,T2025_00501.jpg,T2025_02670.jpg
0.2110,1,T2025_01194.jpg,T2025_00001.jpg
0.0233,1,T2025_02432.jpg,T2025_02111.jpg
0.2521,0,T2025_02357.jpg,T2025_02630.jpg
0.0394,1,T2025_02817.jpg,T2025_02170.jpg
0.9003,0,T2025_01669.jpg,T2025_02084.jpg
0.3307,1,T2025_01410.jpg,T2025_01833.jpg
0.2455,1,T2025_01487.jpg,T2025_02572.jpg
0.7467,0,T2025_02640.jpg,T2025_00774.jpg
0.0436,0,T2025_00100.jpg,T2025_00594.jpg
0.6593,1,T2025_02713.jpg,T2025_00602.jpg
0.0928,1,T2025_02733.jpg,T2025_02516.jpg
-0.0673,0,T2025_00476.jpg,T2025_00817.jpg
0.2268,0,T2025_00847.jpg,T2025_00613.jpg
0.4628,1,T2025_01007.jpg,T2025_02970.jpg
0.6597,1,T2025_02619.jpg,T2025_02864.jpg
0.3651,0,T2025_02879.jpg,T2025_01351.jpg
0.0480,1,T2025_02632.jpg,T2025_00701.jpg
-0.0006,1,T2025_02850.jpg,T2025_00031.jpg
0.2576,0,T2025_00509.jpg,T2025_02084.jpg
0.2055,1,T2025_00224.jpg,T2025_01480.jpg
0.0663,1,T2025_01488.jpg,T2025_00850.jpg
0.1986,1,T2025_02376.jpg,T2025_00506.jpg
0.0327,1,T2025_01956.jpg,T2025_00792.jpg
0.5609,1,T2025_01309.jpg,T2025_01403.jpg
0.0919,1,T2025_02140.jpg,T2025_01444.jpg
0.5617,0,T2025_00583.jpg,T2025_01665.jpg
0.6298,0,T2025_02171.jpg,T2025_01430.jpg
0.1711,1,T2025_02867.jpg,T2025_02904.jpg
0.1007,1,T2025_02670.jpg,T2025_01156.jpg
0.4312,0,T2025_01596.jpg,T2025_00837.jpg
0.2779,0,T2025_02501.jpg,T2025_02674.jpg
0.8218,0,T2025_00130.jpg,T2025_02813.jpg
0.2397,0,T2025_02964.jpg,T2025_01790.jpg
0.2334,0,T2025_01760.jpg,T2025_00003.jpg
0.4056,0,T2025_02234.jpg,T2025_01337.jpg
0.6680,0,T2025_01493.jpg,T2025_00616.jpg
-0.0596,1,T2025_01730.jpg,T2025_01515.jpg
0.1038,1,T2025_01143.jpg,T2025_01485.jpg
0.5870,1,T2025_01513.jpg,T2025_01527.jpg
0.3002,1,T2025_02130.jpg,T2025_02554.jpg
0.2424,0,T2025_02017.jpg,T2025_00748.jpg
0.7380,0,T2025_02917.jpg,T2025_02219.jpg
-0.0733,1,T2025_02703.jpg,T2025_00355.jpg
0.0221,1,T2025_02973.jpg,T2025_00081.jpg
-0.1813,0,T2025_00252.jpg,T2025_00140.jpg
0.0781,0,T2025_00092.jpg,T2025_01673.jpg
0.0885,1,T2025_02438.jpg,T2025_02345.jpg
0.3043,0,T2025_02103.jpg,T2025_01592.jpg
-0.0544,0,T2025_00172.jpg,T2025_00785.jpg
0.0270,1,T2025_00330.jpg,T2025_02607.jpg
0.4365,0,T2025_02741.jpg,T2025_01461.jpg
0.0233,0,T2025_01571.jpg,T2025_01189.jpg
0.5072,0,T2025_02012.jpg,T2025_00266.jpg
0.1389,0,T2025_00012.jpg,T2025_01738.jpg
-0.0055,1,T2025_02356.jpg,T2025_03032.jpg
0.2910,0,T2025_01890.jpg,T2025_02834.jpg
0.2424,0,T2025_01055.jpg,T2025_01349.jpg
0.0103,0,T2025_01293.jpg,T2025_01507.jpg
0.5319,0,T2025_01129.jpg,T2025_01670.jpg
0.2128,1,T2025_01488.jpg,T2025_01205.jpg
0.3749,1,T2025_00571.jpg,T2025_01965.jpg
0.5581,1,T2025_01172.jpg,T2025_00223.jpg
-0.0913,0,T2025_00536.jpg,T2025_00243.jpg
0.4716,0,T2025_02050.jpg,T2025_02634.jpg
-0.0107,0,T2025_02335.jpg,T2025_02079.jpg
0.1695,1,T2025_02763.jpg,T2025_01920.jpg
0.3158,1,T2025_00837.jpg,T2025_03093.jpg
0.4273,1,T2025_00868.jpg,T2025_01126.jpg
0.3552,0,T2025_02237.jpg,T2025_02167.jpg
0.7581,0,T2025_01797.jpg,T2025_00556.jpg
0.1714,1,T2025_02905.jpg,T2025_01985.jpg
0.1169,0,T2025_02449.jpg,T2025_00872.jpg
0.3373,0,T2025_01895.jpg,T2025_00841.jpg
0.4055,0,T2025_01180.jpg,T2025_01754.jpg
0.1523,1,T2025_00069.jpg,T2025_01803.jpg
0.1532,0,T2025_00554.jpg,T2025_01237.jpg
0.7773,0,T2025_02309.jpg,T2025_02098.jpg
0.2130,1,T2025_02662.jpg,T2025_01443.jpg
0.1731,0,T2025_00936.jpg,T2025_00865.jpg
0.4544,1,T2025_03052.jpg,T2025_00499.jpg
0.2494,0,T2025_00386.jpg,T2025_00566.jpg
0.0551,1,T2025_00331.jpg,T2025_00379.jpg
0.2642,1,T2025_00439.jpg,T2025_00465.jpg
0.8632,0,T2025_02006.jpg,T2025_02690.jpg
0.0674,1,T2025_01979.jpg,T2025_01693.jpg
0.1539,0,T2025_01131.jpg,T2025_01531.jpg
0.6964,0,T2025_01888.jpg,T2025_01190.jpg
0.0752,1,T2025_03070.jpg,T2025_03014.jpg
0.1979,0,T2025_02918.jpg,T2025_00167.jpg
0.4120,0,T2025_02115.jpg,T2025_00273.jpg
0.4893,1,T2025_00662.jpg,T2025_02699.jpg
0.7508,0,T2025_00221.jpg,T2025_01845.jpg
0.5446,0,T2025_02969.jpg,T2025_01256.jpg
0.1595,1,T2025_02334.jpg,T2025_00343.jpg
0.6771,1,T2025_01682.jpg,T2025_00410.jpg
-0.0212,0,T2025_01100.jpg,T2025_01482.jpg
0.2697,0,T2025_01835.jpg,T2025_00966.jpg
0.5682,0,T2025_00194.jpg,T2025_01389.jpg
0.4661,1,T2025_01340.jpg,T2025_03071.jpg
0.8853,1,T2025_01758.jpg,T2025_00303.jpg
0.1037,0,T2025_00986.jpg,T2025_01369.jpg
0.2283,0,T2025_01601.jpg,T2025_01489.jpg
0.3332,1,T2025_00326.jpg,T2025_02771.jpg
0.2475,0,T2025_01991.jpg,T2025_01861.jpg
0.1271,1,T2025_02359.jpg,T2025_00157.jpg
0.1013,0,T2025_01511.jpg,T2025_01562.jpg
0.2993,0,T2025_02688.jpg,T2025_00312.jpg
0.1369,0,T2025_00505.jpg,T2025_03088.jpg
0.8316,0,T2025_02488.jpg,T2025_02204.jpg
0.4994,0,T2025_01812.jpg,T2025_02582.jpg
0.1357,1,T2025_00481.jpg,T2025_00902.jpg
0.1112,1,T2025_01779.jpg,T2025_01704.jpg
0.3586,1,T2025_02650.jpg,T2025_02514.jpg
0.0221,0,T2025_02927.jpg,T2025_02430.jpg
0.7477,0,T2025_02495.jpg,T2025_02245.jpg
0.4260,1,T2025_01731.jpg,T2025_00906.jpg
0.3701,1,T2025_00737.jpg,T2025_01007.jpg
0.6057,0,T2025_00520.jpg,T2025_01707.jpg
0.3962,0,T2025_02654.jpg,T2025_01358.jpg
0.6679,1,T2025_02965.jpg,T2025_01222.jpg
0.4217,0,T2025_00813.jpg,T2025_00627.jpg
0.3011,0,T2025_00909.jpg,T2025_02019.jpg
0.3986,1,T2025_01934.jpg,T2025_00652.jpg
0.1348,1,T2025_03070.jpg,T2025_02996.jpg
0.6073,0,T2025_00179.jpg,T2025_00490.jpg
0.2632,1,T2025_00585.jpg,T2025_02295.jpg
0.1239,0,T2025_02388.jpg,T2025_00744.jpg
0.4902,1,T2025_02279.jpg,T2025_03090.jpg
0.2319,1,T2025_02845.jpg,T2025_01419.jpg
0.0003,1,T2025_02601.jpg,T2025_01351.jpg
0.0021,1,T2025_00477.jpg,T2025_02959.jpg
0.3277,1,T2025_02434.jpg,T2025_00475.jpg
0.5485,0,T2025_01891.jpg,T2025_00455.jpg
0.3100,1,T2025_02763.jpg,T2025_02477.jpg
0.7082,0,T2025_00028.jpg,T2025_01053.jpg
0.4683,1,T2025_02605.jpg,T2025_02553.jpg
0.4511,0,T2025_00366.jpg,T2025_02913.jpg
0.0614,1,T2025_00039.jpg,T2025_01536.jpg
0.5553,1,T2025_02460.jpg,T2025_02960.jpg
-0.1637,0,T2025_01855.jpg,T2025_00289.jpg
-0.0064,0,T2025_00483.jpg,T2025_00827.jpg
0.4951,0,T2025_02091.jpg,T2025_01572.jpg
0.6537,1,T2025_02190.jpg,T2025_02690.jpg
0.1002,1,T2025_01830.jpg,T2025_01130.jpg
0.1167,0,T2025_02821.jpg,T2025_02299.jpg
0.0464,1,T2025_03013.jpg,T2025_00197.jpg
0.9296,0,T2025_00594.jpg,T2025_00583.jpg
0.4985,1,T2025_01729.jpg,T2025_01028.jpg
0.5023,1,T2025_00093.jpg,T2025_01597.jpg
-0.0004,0,T2025_02209.jpg,T2025_01408.jpg
0.1850,1,T2025_01345.jpg,T2025_02249.jpg
0.3454,0,T2025_01493.jpg,T2025_02503.jpg
0.1853,1,T2025_01165.jpg,T2025_02021.jpg
0.2545,1,T2025_00713.jpg,T2025_02015.jpg
0.7067,0,T2025_00559.jpg,T2025_00031.jpg
0.3943,0,T2025_01152.jpg,T2025_01187.jpg
0.4715,0,T2025_01096.jpg,T2025_01490.jpg
0.1918,0,T2025_02509.jpg,T2025_01121.jpg
0.6364,1,T2025_01791.jpg,T2025_02421.jpg
0.0485,0,T2025_02157.jpg,T2025_02199.jpg
0.6245,1,T2025_01226.jpg,T2025_02565.jpg
0.5874,0,T2025_01217.jpg,T2025_02057.jpg
0.2297,1,T2025_02843.jpg,T2025_01074.jpg
-0.0145,1,T2025_01022.jpg,T2025_00676.jpg
0.1749,0,T2025_03015.jpg,T2025_00614.jpg
0.8375,0,T2025_00394.jpg,T2025_02278.jpg
0.3083,1,T2025_00416.jpg,T2025_01320.jpg
-0.0280,1,T2025_01442.jpg,T2025_02858.jpg
0.6587,1,T2025_02101.jpg,T2025_02965.jpg
0.2759,0,T2025_00243.jpg,T2025_02935.jpg
0.1345,1,T2025_00427.jpg,T2025_02826.jpg
0.1980,0,T2025_02691.jpg,T2025_02009.jpg
0.2143,1,T2025_02306.jpg,T2025_02764.jpg
0.3008,1,T2025_00110.jpg,T2025_00539.jpg
0.1772,0,T2025_01532.jpg,T2025_02562.jpg
0.2003,0,T2025_00246.jpg,T2025_01618.jpg
0.6169,1,T2025_00134.jpg,T2025_02212.jpg
0.3048,1,T2025_01712.jpg,T2025_02445.jpg
0.1040,0,T2025_02016.jpg,T2025_00545.jpg
0.3732,0,T2025_00030.jpg,T2025_03087.jpg
0.5921,0,T2025_00155.jpg,T2025_02684.jpg
0.4359,0,T2025_02805.jpg,T2025_01976.jpg
0.1509,0,T2025_02273.jpg,T2025_01500.jpg
0.1889,0,T2025_00066.jpg,T2025_01984.jpg
0.1968,0,T2025_01406.jpg,T2025_02260.jpg
0.0472,0,T2025_00422.jpg,T2025_01121.jpg
0.6185,0,T2025_00401.jpg,T2025_01060.jpg
0.2114,0,T2025_02637.jpg,T2025_02063.jpg
0.3224,0,T2025_00366.jpg,T2025_00633.jpg
0.6612,1,T2025_01210.jpg,T2025_00140.jpg
0.1843,0,T2025_01560.jpg,T2025_01191.jpg
0.2197,0,T2025_00870.jpg,T2025_00701.jpg
-0.0376,1,T2025_00589.jpg,T2025_03040.jpg
0.0598,1,T2025_00115.jpg,T2025_01938.jpg
0.0629,0,T2025_02366.jpg,T2025_00997.jpg
0.0737,0,T2025_00665.jpg,T2025_01686.jpg
0.1316,0,T2025_01784.jpg,T2025_02168.jpg
0.0915,0,T2025_02706.jpg,T2025_02473.jpg
0.3410,0,T2025_01398.jpg,T2025_00615.jpg
0.3184,0,T2025_00078.jpg,T2025_00156.jpg
0.3353,1,T2025_00316.jpg,T2025_00625.jpg
0.4913,0,T2025_00806.jpg,T2025_02735.jpg
0.3520,1,T2025_01009.jpg,T2025_00145.jpg
0.1827,1,T2025_01625.jpg,T2025_00184.jpg
0.0387,1,T2025_00969.jpg,T2025_00148.jpg
0.4758,0,T2025_00011.jpg,T2025_02790.jpg
0.1278,1,T2025_01426.jpg,T2025_00474.jpg
0.1343,1,T2025_00646.jpg,T2025_00604.jpg
0.3101,1,T2025_00003.jpg,T2025_01905.jpg
0.5860,0,T2025_00691.jpg,T2025_01657.jpg
0.1295,0,T2025_00599.jpg,T2025_02252.jpg
-0.0005,1,T2025_00350.jpg,T2025_02884.jpg
0.5268,0,T2025_00840.jpg,T2025_02414.jpg
0.0368,0,T2025_01049.jpg,T2025_00639.jpg
0.1322,1,T2025_02759.jpg,T2025_01216.jpg
-0.0032,1,T2025_00742.jpg,T2025_02127.jpg
0.1469,0,T2025_00387.jpg,T2025_02979.jpg
0.1407,1,T2025_02055.jpg,T2025_01650.jpg
-0.0096,1,T2025_00777.jpg,T2025_02740.jpg
0.5205,1,T2025_01651.jpg,T2025_00729.jpg
0.7358,0,T2025_02844.jpg,T2025_00834.jpg
0.0759,1,T2025_01873.jpg,T2025_00293.jpg
0.2524,0,T2025_00205.jpg,T2025_02313.jpg
-0.0051,1,T2025_01050.jpg,T2025_02871.jpg
0.2727,0,T2025_01485.jpg,T2025_02578.jpg
0.8020,1,T2025_01181.jpg,T2025_00984.jpg
0.4254,1,T2025_02028.jpg,T2025_03033.jpg
0.0641,1,T2025_02391.jpg,T2025_02221.jpg
0.1912,0,T2025_00122.jpg,T2025_00778.jpg
0.4126,0,T2025_01818.jpg,T2025_00858.jpg
0.5590,1,T2025_02789.jpg,T2025_02766.jpg
0.1250,0,T2025_02731.jpg,T2025_00069.jpg
0.4285,0,T2025_00019.jpg,T2025_00096.jpg
0.1884,0,T2025_01626.jpg,T2025_00573.jpg
0.1536,0,T2025_02328.jpg,T2025_01203.jpg
0.1036,1,T2025_00603.jpg,T2025_02765.jpg
0.3347,0,T2025_01870.jpg,T2025_02896.jpg
-0.1022,0,T2025_02304.jpg,T2025_00573.jpg
0.3617,1,T2025_01093.jpg,T2025_01130.jpg
0.4291,1,T2025_02434.jpg,T2025_02170.jpg
0.4709,1,T2025_02333.jpg,T2025_01528.jpg
0.0676,1,T2025_00889.jpg,T2025_01363.jpg
0.1852,1,T2025_00711.jpg,T2025_02110.jpg
0.5824,1,T2025_02924.jpg,T2025_01872.jpg
0.0103,1,T2025_01988.jpg,T2025_00005.jpg
0.6395,1,T2025_00019.jpg,T2025_00565.jpg
0.0833,0,T2025_01120.jpg,T2025_00141.jpg
0.1249,1,T2025_00623.jpg,T2025_00516.jpg
0.5175,1,T2025_00395.jpg,T2025_02693.jpg
0.6080,1,T2025_01398.jpg,T2025_00151.jpg
0.0351,1,T2025_02678.jpg,T2025_02534.jpg
0.4319,0,T2025_01042.jpg,T2025_01110.jpg
0.5020,0,T2025_01989.jpg,T2025_02606.jpg
0.3109,1,T2025_01614.jpg,T2025_00871.jpg
-0.0144,1,T2025_01447.jpg,T2025_01691.jpg
0.6260,0,T2025_00462.jpg,T2025_01727.jpg
0.4199,1,T2025_01344.jpg,T2025_00177.jpg
-0.0597,1,T2025_02546.jpg,T2025_00516.jpg
0.3315,0,T2025_00631.jpg,T2025_01701.jpg
0.0774,0,T2025_02694.jpg,T2025_00428.jpg
0.1586,1,T2025_02771.jpg,T2025_01565.jpg
0.4395,1,T2025_02939.jpg,T2025_00423.jpg
0.0118,1,T2025_02410.jpg,T2025_00788.jpg
0.0693,1,T2025_02480.jpg,T2025_02512.jpg
0.1110,1,T2025_01615.jpg,T2025_02356.jpg
0.2957,0,T2025_00244.jpg,T2025_02427.jpg
0.1985,1,T2025_02832.jpg,T2025_00751.jpg
0.0372,1,T2025_00716.jpg,T2025_03039.jpg
0.1983,1,T2025_01759.jpg,T2025_02530.jpg
0.4271,0,T2025_00898.jpg,T2025_02395.jpg
0.2673,0,T2025_01124.jpg,T2025_02668.jpg
0.4874,1,T2025_01186.jpg,T2025_00367.jpg
0.7469,1,T2025_01517.jpg,T2025_02407.jpg
0.0904,0,T2025_02163.jpg,T2025_01449.jpg
0.6564,1,T2025_02680.jpg,T2025_01918.jpg
0.7027,0,T2025_01187.jpg,T2025_00909.jpg
0.3707,1,T2025_00710.jpg,T2025_02148.jpg
0.5359,0,T2025_02874.jpg,T2025_00881.jpg
0.2035,0,T2025_00137.jpg,T2025_01745.jpg
0.5043,0,T2025_00652.jpg,T2025_02330.jpg
0.3799,1,T2025_00917.jpg,T2025_00668.jpg
0.3209,1,T2025_03005.jpg,T2025_00850.jpg
0.5684,0,T2025_01889.jpg,T2025_00053.jpg
-0.0646,1,T2025_02994.jpg,T2025_01035.jpg
0.1891,0,T2025_00514.jpg,T2025_02479.jpg
0.6407,1,T2025_01508.jpg,T2025_01397.jpg
0.4233,0,T2025_02301.jpg,T2025_02945.jpg
0.5425,1,T2025_01303.jpg,T2025_00663.jpg
0.4195,0,T2025_02905.jpg,T2025_01899.jpg
0.0814,0,T2025_02800.jpg,T2025_00510.jpg
0.0444,1,T2025_01459.jpg,T2025_00790.jpg
0.7408,1,T2025_02007.jpg,T2025_02003.jpg
0.7702,1,T2025_00991.jpg,T2025_01893.jpg
0.4635,1,T2025_02107.jpg,T2025_02544.jpg
0.1471,1,T2025_03004.jpg,T2025_01933.jpg
0.1517,1,T2025_00142.jpg,T2025_00425.jpg
0.0722,0,T2025_02187.jpg,T2025_01554.jpg
0.6416,1,T2025_01647.jpg,T2025_01456.jpg
0.6164,0,T2025_01727.jpg,T2025_02567.jpg
0.0803,0,T2025_01109.jpg,T2025_02958.jpg
0.3127,1,T2025_01135.jpg,T2025_02371.jpg
0.1506,0,T2025_01855.jpg,T2025_01846.jpg
0.5212,0,T2025_02024.jpg,T2025_00327.jpg
-0.1039,1,T2025_00907.jpg,T2025_02091.jpg
0.0178,0,T2025_02682.jpg,T2025_01068.jpg
0.4834,0,T2025_02133.jpg,T2025_00198.jpg
0.3030,0,T2025_01385.jpg,T2025_01436.jpg
0.1743,1,T2025_00641.jpg,T2025_00439.jpg
0.0626,1,T2025_01980.jpg,T2025_02281.jpg
0.1171,0,T2025_00725.jpg,T2025_01684.jpg
0.2359,0,T2025_00628.jpg,T2025_02542.jpg
0.2804,0,T2025_02987.jpg,T2025_02075.jpg
0.1656,0,T2025_00917.jpg,T2025_01353.jpg
0.0348,0,T2025_02841.jpg,T2025_01907.jpg
0.3905,1,T2025_01910.jpg,T2025_01147.jpg
0.2686,0,T2025_02509.jpg,T2025_00855.jpg
0.2931,1,T2025_00293.jpg,T2025_03054.jpg
0.0061,0,T2025_00079.jpg,T2025_00838.jpg
0.1288,0,T2025_01443.jpg,T2025_02782.jpg
0.8366,0,T2025_00321.jpg,T2025_00780.jpg
1.0000,1,T2025_00637.jpg,T2025_00637.jpg
0.7568,0,T2025_01506.jpg,T2025_00154.jpg
0.7241,0,T2025_01390.jpg,T2025_01047.jpg
0.4041,0,T2025_00751.jpg,T2025_01407.jpg
0.1442,1,T2025_00883.jpg,T2025_03085.jpg
0.5811,1,T2025_01825.jpg,T2025_02979.jpg
0.8011,1,T2025_01049.jpg,T2025_02983.jpg
0.4529,0,T2025_00935.jpg,T2025_01054.jpg
0.1666,1,T2025_02298.jpg,T2025_01984.jpg
0.1138,0,T2025_01842.jpg,T2025_00308.jpg
0.1549,0,T2025_01723.jpg,T2025_02476.jpg
0.5230,1,T2025_02117.jpg,T2025_01624.jpg
-0.1014,1,T2025_01667.jpg,T2025_00878.jpg
0.5495,1,T2025_00597.jpg,T2025_02410.jpg
0.3587,0,T2025_02148.jpg,T2025_00461.jpg
0.4403,0,T2025_00647.jpg,T2025_00508.jpg
0.0175,1,T2025_02446.jpg,T2025_00672.jpg
-0.0132,0,T2025_02479.jpg,T2025_00494.jpg
0.3903,0,T2025_02559.jpg,T2025_00336.jpg
0.2133,1,T2025_02388.jpg,T2025_00170.jpg
0.1736,1,T2025_00019.jpg,T2025_01780.jpg
0.3275,1,T2025_02043.jpg,T2025_02837.jpg
0.1170,0,T2025_01172.jpg,T2025_00907.jpg
0.4532,0,T2025_01595.jpg,T2025_01802.jpg
0.0580,0,T2025_03026.jpg,T2025_02827.jpg
0.6466,0,T2025_00177.jpg,T2025_02552.jpg
0.4941,1,T2025_00529.jpg,T2025_01470.jpg
-0.0935,1,T2025_02179.jpg,T2025_00422.jpg
0.1993,1,T2025_00721.jpg,T2025_02934.jpg
0.2430,1,T2025_02569.jpg,T2025_01324.jpg
0.1373,1,T2025_00089.jpg,T2025_01728.jpg
-0.0559,1,T2025_00018.jpg,T2025_00578.jpg
0.1490,0,T2025_01885.jpg,T2025_00843.jpg
0.5471,0,T2025_02861.jpg,T2025_01854.jpg
0.7641,1,T2025_00781.jpg,T2025_00045.jpg
0.6278,1,T2025_01006.jpg,T2025_00117.jpg
0.2221,0,T2025_01151.jpg,T2025_00569.jpg
0.2189,1,T2025_02949.jpg,T2025_00700.jpg
0.4635,1,T2025_00946.jpg,T2025_02424.jpg
0.2318,0,T2025_02314.jpg,T2025_00362.jpg
0.1617,1,T2025_00388.jpg,T2025_02831.jpg
0.6697,0,T2025_01031.jpg,T2025_01602.jpg
0.7547,0,T2025_01493.jpg,T2025_02428.jpg
0.6684,0,T2025_00994.jpg,T2025_01340.jpg
0.2033,1,T2025_00120.jpg,T2025_01533.jpg
0.3189,1,T2025_01154.jpg,T2025_00988.jpg
0.5738,0,T2025_01935.jpg,T2025_00099.jpg
-0.0032,0,T2025_01667.jpg,T2025_00313.jpg
0.5172,0,T2025_00760.jpg,T2025_01361.jpg
0.2205,1,T2025_00089.jpg,T2025_02730.jpg
0.7277,0,T2025_02365.jpg,T2025_02223.jpg
0.1629,1,T2025_02614.jpg,T2025_00582.jpg
0.1083,0,T2025_02462.jpg,T2025_00032.jpg
0.1244,1,T2025_01281.jpg,T2025_01134.jpg
0.2301,0,T2025_01001.jpg,T2025_00333.jpg
0.3555,1,T2025_03037.jpg,T2025_01888.jpg
0.2448,1,T2025_02407.jpg,T2025_00610.jpg
0.6351,0,T2025_02540.jpg,T2025_01661.jpg
0.1074,1,T2025_02478.jpg,T2025_02169.jpg
0.9400,0,T2025_02428.jpg,T2025_00826.jpg
0.1815,1,T2025_00626.jpg,T2025_02792.jpg
0.3043,1,T2025_00341.jpg,T2025_02585.jpg
0.5216,1,T2025_02151.jpg,T2025_00448.jpg
0.5674,0,T2025_01664.jpg,T2025_01887.jpg
0.0564,1,T2025_00559.jpg,T2025_02127.jpg
0.0532,0,T2025_02142.jpg,T2025_01715.jpg
0.1326,1,T2025_03075.jpg,T2025_01071.jpg
0.2119,1,T2025_00885.jpg,T2025_00150.jpg
0.1793,1,T2025_01541.jpg,T2025_01849.jpg
0.4800,1,T2025_03045.jpg,T2025_02357.jpg
0.3118,0,T2025_01133.jpg,T2025_00071.jpg
-0.0098,0,T2025_01044.jpg,T2025_00720.jpg
0.4487,0,T2025_02978.jpg,T2025_01346.jpg
0.4479,0,T2025_00998.jpg,T2025_02820.jpg
0.0338,0,T2025_03008.jpg,T2025_00010.jpg
0.2584,1,T2025_00434.jpg,T2025_01379.jpg
0.0717,0,T2025_03084.jpg,T2025_02757.jpg
0.6884,0,T2025_01725.jpg,T2025_03087.jpg
0.1381,1,T2025_01559.jpg,T2025_00987.jpg
0.6202,1,T2025_01943.jpg,T2025_02931.jpg
0.2506,1,T2025_01193.jpg,T2025_02401.jpg
-0.0435,0,T2025_01776.jpg,T2025_00113.jpg
0.0895,1,T2025_00258.jpg,T2025_00946.jpg
0.0243,0,T2025_01348.jpg,T2025_01535.jpg
0.2856,0,T2025_01481.jpg,T2025_02537.jpg
0.1888,0,T2025_02383.jpg,T2025_01095.jpg
0.4043,1,T2025_00829.jpg,T2025_00276.jpg
0.1869,0,T2025_00719.jpg,T2025_01567.jpg
0.6148,0,T2025_01158.jpg,T2025_01999.jpg
0.2708,0,T2025_01176.jpg,T2025_02395.jpg
0.2482,0,T2025_01330.jpg,T2025_02735.jpg
0.0873,1,T2025_02072.jpg,T2025_03054.jpg
-0.1531,1,T2025_02248.jpg,T2025_01232.jpg
0.7484,1,T2025_00258.jpg,T2025_01952.jpg
0.0816,0,T2025_00858.jpg,T2025_02823.jpg
0.1177,0,T2025_00864.jpg,T2025_00765.jpg
0.4747,0,T2025_00173.jpg,T2025_01696.jpg
-0.0772,1,T2025_00609.jpg,T2025_03056.jpg
0.8006,0,T2025_02588.jpg,T2025_01378.jpg
-0.0531,1,T2025_02743.jpg,T2025_02056.jpg
0.5546,0,T2025_00026.jpg,T2025_00620.jpg
0.7050,1,T2025_02252.jpg,T2025_00726.jpg
0.4027,1,T2025_02586.jpg,T2025_02043.jpg
0.6061,1,T2025_01882.jpg,T2025_03010.jpg
0.4025,0,T2025_01954.jpg,T2025_00441.jpg
0.1805,1,T2025_00301.jpg,T2025_01802.jpg
0.3490,1,T2025_01235.jpg,T2025_01755.jpg
-0.1019,0,T2025_01518.jpg,T2025_01460.jpg
0.5763,1,T2025_02717.jpg,T2025_00499.jpg
0.7078,0,T2025_00001.jpg,T2025_02106.jpg
0.3046,1,T2025_00152.jpg,T2025_00124.jpg
0.4355,0,T2025_00683.jpg,T2025_02305.jpg
0.3870,0,T2025_01939.jpg,T2025_00173.jpg
0.2675,0,T2025_01861.jpg,T2025_02545.jpg
0.1914,0,T2025_00002.jpg,T2025_00771.jpg
0.5029,0,T2025_00223.jpg,T2025_01526.jpg
0.7461,1,T2025_01247.jpg,T2025_00884.jpg
0.0803,0,T2025_00446.jpg,T2025_01388.jpg
0.3510,1,T2025_00059.jpg,T2025_00696.jpg
0.5562,1,T2025_01811.jpg,T2025_00224.jpg
-0.0400,0,T2025_01498.jpg,T2025_02520.jpg
0.3116,1,T2025_01158.jpg,T2025_00736.jpg
0.8074,0,T2025_00908.jpg,T2025_00241.jpg
0.2198,1,T2025_00674.jpg,T2025_00025.jpg
0.0772,1,T2025_02593.jpg,T2025_00829.jpg
0.0577,0,T2025_02757.jpg,T2025_00567.jpg
0.1238,1,T2025_01849.jpg,T2025_02171.jpg
0.3311,0,T2025_02550.jpg,T2025_00331.jpg
0.1420,1,T2025_01759.jpg,T2025_02644.jpg
-0.1104,0,T2025_01320.jpg,T2025_00289.jpg
-0.1639,0,T2025_01449.jpg,T2025_03036.jpg
0.0088,1,T2025_00411.jpg,T2025_00923.jpg
0.6563,1,T2025_00949.jpg,T2025_01498.jpg
0.2609,0,T2025_02552.jpg,T2025_02759.jpg
0.3589,1,T2025_00120.jpg,T2025_02649.jpg
0.4289,0,T2025_02193.jpg,T2025_01882.jpg
0.1118,1,T2025_00040.jpg,T2025_01653.jpg
0.3212,0,T2025_02599.jpg,T2025_01552.jpg
0.2164,1,T2025_00976.jpg,T2025_01354.jpg
0.6341,0,T2025_01006.jpg,T2025_02809.jpg
0.0673,0,T2025_01726.jpg,T2025_00553.jpg
0.1414,1,T2025_02534.jpg,T2025_02133.jpg
0.1569,1,T2025_02260.jpg,T2025_00751.jpg
0.2705,0,T2025_00342.jpg,T2025_02393.jpg
0.2418,1,T2025_02165.jpg,T2025_02419.jpg
0.1795,1,T2025_02522.jpg,T2025_02437.jpg
0.3182,1,T2025_01595.jpg,T2025_00721.jpg
0.4610,0,T2025_02874.jpg,T2025_02876.jpg
0.3245,1,T2025_00926.jpg,T2025_02575.jpg
0.6212,1,T2025_00147.jpg,T2025_01907.jpg
0.3030,1,T2025_01618.jpg,T2025_01010.jpg
0.7096,0,T2025_02914.jpg,T2025_01364.jpg
0.1370,0,T2025_00454.jpg,T2025_00572.jpg
0.7892,1,T2025_02580.jpg,T2025_00304.jpg
-0.0447,0,T2025_02802.jpg,T2025_00389.jpg
0.1148,1,T2025_01008.jpg,T2025_02762.jpg
-0.1017,1,T2025_01288.jpg,T2025_00562.jpg
0.5594,1,T2025_03034.jpg,T2025_00952.jpg
0.3337,1,T2025_00888.jpg,T2025_00298.jpg
0.2389,1,T2025_00867.jpg,T2025_02348.jpg
0.7466,1,T2025_00671.jpg,T2025_02640.jpg
-0.0677,1,T2025_02358.jpg,T2025_02463.jpg
0.6948,1,T2025_00614.jpg,T2025_02789.jpg
0.2462,0,T2025_02246.jpg,T2025_02067.jpg
0.7317,1,T2025_00526.jpg,T2025_00708.jpg
0.4385,1,T2025_01468.jpg,T2025_02841.jpg
0.0079,0,T2025_00574.jpg,T2025_00664.jpg
0.0654,1,T2025_01229.jpg,T2025_01933.jpg
0.7403,0,T2025_02275.jpg,T2025_00407.jpg
0.4871,0,T2025_02805.jpg,T2025_02821.jpg
0.5286,0,T2025_02378.jpg,T2025_00187.jpg
0.6192,0,T2025_02019.jpg,T2025_01669.jpg
0.0553,1,T2025_02702.jpg,T2025_02399.jpg
0.3049,1,T2025_02611.jpg,T2025_02133.jpg
0.2270,0,T2025_02431.jpg,T2025_03070.jpg
0.6320,1,T2025_02532.jpg,T2025_02606.jpg
0.1426,0,T2025_02101.jpg,T2025_00388.jpg
0.2837,1,T2025_00204.jpg,T2025_02957.jpg
0.9715,1,T2025_01730.jpg,T2025_02251.jpg
0.5882,1,T2025_00720.jpg,T2025_02034.jpg
0.1323,1,T2025_02849.jpg,T2025_01468.jpg
0.5650,1,T2025_02316.jpg,T2025_01726.jpg
0.0366,0,T2025_02865.jpg,T2025_02391.jpg
0.1354,1,T2025_00353.jpg,T2025_02189.jpg
0.5192,0,T2025_01831.jpg,T2025_00420.jpg
0.1939,1,T2025_01978.jpg,T2025_02989.jpg
0.0671,1,T2025_00041.jpg,T2025_00876.jpg
0.3653,0,T2025_02560.jpg,T2025_00974.jpg
0.8494,0,T2025_02746.jpg,T2025_02916.jpg
0.4665,0,T2025_01048.jpg,T2025_00278.jpg
0.0614,1,T2025_00260.jpg,T2025_02907.jpg
0.2982,1,T2025_00186.jpg,T2025_01787.jpg
0.3675,0,T2025_00565.jpg,T2025_00180.jpg
0.4382,0,T2025_01622.jpg,T2025_00009.jpg
0.1378,1,T2025_01242.jpg,T2025_00135.jpg
0.2108,0,T2025_00508.jpg,T2025_01899.jpg
0.6995,1,T2025_01694.jpg,T2025_02376.jpg
0.4287,0,T2025_00379.jpg,T2025_03061.jpg
0.1001,1,T2025_02679.jpg,T2025_01400.jpg
0.5296,1,T2025_03074.jpg,T2025_00213.jpg
0.1748,0,T2025_00130.jpg,T2025_00491.jpg
0.1206,1,T2025_01260.jpg,T2025_00961.jpg
0.3127,1,T2025_02561.jpg,T2025_02813.jpg
0.1022,1,T2025_01267.jpg,T2025_02258.jpg
0.4862,0,T2025_02735.jpg,T2025_01937.jpg
0.2610,1,T2025_01609.jpg,T2025_00067.jpg
0.5083,0,T2025_01673.jpg,T2025_02396.jpg
0.0883,0,T2025_02224.jpg,T2025_01201.jpg
-0.0333,1,T2025_00055.jpg,T2025_01989.jpg
0.3027,0,T2025_02593.jpg,T2025_01686.jpg
0.1098,1,T2025_00254.jpg,T2025_01934.jpg
0.4885,0,T2025_02737.jpg,T2025_01528.jpg
0.0575,1,T2025_01310.jpg,T2025_00117.jpg
0.0217,0,T2025_02698.jpg,T2025_01769.jpg
0.8311,1,T2025_00227.jpg,T2025_01802.jpg
0.1660,1,T2025_01004.jpg,T2025_00683.jpg
-0.2591,0,T2025_00204.jpg,T2025_01795.jpg
0.7526,0,T2025_00140.jpg,T2025_00168.jpg
0.4469,1,T2025_00136.jpg,T2025_00456.jpg
0.3281,1,T2025_02720.jpg,T2025_00199.jpg
0.0232,0,T2025_00904.jpg,T2025_02951.jpg
0.0253,0,T2025_01469.jpg,T2025_02930.jpg
0.6449,0,T2025_02138.jpg,T2025_02373.jpg
0.1465,1,T2025_02833.jpg,T2025_00857.jpg
0.2841,0,T2025_03036.jpg,T2025_00627.jpg
0.4176,1,T2025_01482.jpg,T2025_01933.jpg
0.3620,1,T2025_01553.jpg,T2025_01195.jpg
0.0424,1,T2025_00931.jpg,T2025_00099.jpg
0.2488,0,T2025_00466.jpg,T2025_02075.jpg
0.2273,1,T2025_02176.jpg,T2025_01235.jpg
0.2787,1,T2025_00523.jpg,T2025_01952.jpg
0.1377,0,T2025_02456.jpg,T2025_01035.jpg
0.4561,1,T2025_02042.jpg,T2025_01283.jpg
0.5006,1,T2025_02435.jpg,T2025_02047.jpg
0.2874,1,T2025_00231.jpg,T2025_01483.jpg
0.0675,0,T2025_01361.jpg,T2025_02443.jpg
0.6977,0,T2025_01687.jpg,T2025_00185.jpg
0.4357,1,T2025_00086.jpg,T2025_02892.jpg
0.3428,1,T2025_00676.jpg,T2025_02251.jpg
0.2058,0,T2025_01711.jpg,T2025_00175.jpg
0.6347,0,T2025_00984.jpg,T2025_01316.jpg
0.1054,0,T2025_00918.jpg,T2025_00644.jpg
0.0913,1,T2025_01073.jpg,T2025_01395.jpg
0.1806,1,T2025_02440.jpg,T2025_02075.jpg
0.3379,0,T2025_00824.jpg,T2025_00695.jpg
0.2460,0,T2025_03049.jpg,T2025_02516.jpg
0.0297,0,T2025_01610.jpg,T2025_03053.jpg
0.5698,0,T2025_01428.jpg,T2025_01350.jpg
0.7855,0,T2025_01992.jpg,T2025_02690.jpg
0.0258,0,T2025_00709.jpg,T2025_02892.jpg
0.0728,1,T2025_03069.jpg,T2025_00424.jpg
0.0471,0,T2025_00772.jpg,T2025_01396.jpg
0.5295,0,T2025_00772.jpg,T2025_02676.jpg
1.0000,1,T2025_00648.jpg,T2025_00648.jpg
0.1580,0,T2025_02514.jpg,T2025_02343.jpg
-0.0111,1,T2025_02888.jpg,T2025_01360.jpg
0.1804,0,T2025_00669.jpg,T2025_02731.jpg
0.0292,1,T2025_03005.jpg,T2025_02914.jpg
0.4841,1,T2025_02217.jpg,T2025_01207.jpg
-0.0747,1,T2025_02882.jpg,T2025_00874.jpg
0.0536,1,T2025_01652.jpg,T2025_01758.jpg
0.2332,1,T2025_01525.jpg,T2025_02122.jpg
-0.1256,0,T2025_02491.jpg,T2025_01872.jpg
0.8691,0,T2025_02823.jpg,T2025_01220.jpg
0.0553,0,T2025_02496.jpg,T2025_02512.jpg
0.3281,0,T2025_02818.jpg,T2025_01817.jpg
0.5805,0,T2025_02019.jpg,T2025_00596.jpg
0.4230,0,T2025_02018.jpg,T2025_00150.jpg
0.5178,0,T2025_00709.jpg,T2025_00703.jpg
0.4839,1,T2025_01926.jpg,T2025_00606.jpg
0.3266,1,T2025_02003.jpg,T2025_02521.jpg
0.7289,1,T2025_00275.jpg,T2025_00352.jpg
-0.0659,1,T2025_02768.jpg,T2025_00307.jpg
-0.0343,1,T2025_01174.jpg,T2025_01434.jpg
0.6307,0,T2025_02677.jpg,T2025_00616.jpg
0.8442,0,T2025_00612.jpg,T2025_02711.jpg
-0.0730,1,T2025_00094.jpg,T2025_02435.jpg
0.0099,1,T2025_00274.jpg,T2025_02400.jpg
0.5574,0,T2025_02436.jpg,T2025_02839.jpg
0.1261,1,T2025_02873.jpg,T2025_00120.jpg
0.7053,1,T2025_00552.jpg,T2025_01020.jpg
0.1138,0,T2025_01691.jpg,T2025_00237.jpg
-0.0201,1,T2025_01274.jpg,T2025_02169.jpg
0.0992,1,T2025_01763.jpg,T2025_02249.jpg
0.1001,0,T2025_02929.jpg,T2025_01578.jpg
0.3244,1,T2025_01378.jpg,T2025_00039.jpg
0.2976,1,T2025_00329.jpg,T2025_01760.jpg
0.5152,0,T2025_00248.jpg,T2025_01459.jpg
0.8090,1,T2025_02565.jpg,T2025_01840.jpg
0.5184,0,T2025_00623.jpg,T2025_01265.jpg
-0.0575,0,T2025_02427.jpg,T2025_02877.jpg
0.4149,1,T2025_00240.jpg,T2025_00089.jpg
0.3963,1,T2025_01620.jpg,T2025_02332.jpg
0.3812,0,T2025_03016.jpg,T2025_02378.jpg
0.2129,0,T2025_02652.jpg,T2025_01189.jpg
0.4879,1,T2025_00160.jpg,T2025_02911.jpg
0.1081,0,T2025_01082.jpg,T2025_02559.jpg
-0.0035,0,T2025_00961.jpg,T2025_01475.jpg
0.5871,1,T2025_00466.jpg,T2025_02680.jpg
0.8116,1,T2025_00530.jpg,T2025_00498.jpg
0.6911,0,T2025_00880.jpg,T2025_01555.jpg
0.1125,1,T2025_00546.jpg,T2025_02864.jpg
0.3048,0,T2025_01356.jpg,T2025_02096.jpg
0.0439,1,T2025_00032.jpg,T2025_01418.jpg
0.0770,1,T2025_02895.jpg,T2025_01433.jpg
0.3533,0,T2025_01840.jpg,T2025_00048.jpg
0.7577,0,T2025_02486.jpg,T2025_03062.jpg
0.6213,0,T2025_00190.jpg,T2025_01288.jpg
0.1148,1,T2025_02678.jpg,T2025_02308.jpg
0.3354,1,T2025_02082.jpg,T2025_01383.jpg
0.2925,0,T2025_01057.jpg,T2025_01408.jpg
0.4975,0,T2025_02356.jpg,T2025_01933.jpg
0.2508,1,T2025_02966.jpg,T2025_01402.jpg
0.5834,0,T2025_01630.jpg,T2025_02331.jpg
0.1918,1,T2025_02402.jpg,T2025_02737.jpg
0.1012,0,T2025_01933.jpg,T2025_02235.jpg
0.0775,0,T2025_00433.jpg,T2025_02169.jpg
0.5100,0,T2025_02969.jpg,T2025_02258.jpg
0.8104,0,T2025_02683.jpg,T2025_01385.jpg
0.5053,1,T2025_01215.jpg,T2025_02132.jpg
-0.0904,0,T2025_01002.jpg,T2025_00534.jpg
0.2017,0,T2025_00414.jpg,T2025_02458.jpg
0.3379,0,T2025_00879.jpg,T2025_01944.jpg
-0.0017,0,T2025_01524.jpg,T2025_01617.jpg
-0.0459,1,T2025_00510.jpg,T2025_00911.jpg
0.1058,1,T2025_01195.jpg,T2025_02738.jpg
0.8625,1,T2025_03003.jpg,T2025_00032.jpg
0.2576,0,T2025_02893.jpg,T2025_00133.jpg
0.3323,1,T2025_02849.jpg,T2025_00425.jpg
0.5754,0,T2025_02790.jpg,T2025_00633.jpg
-0.0598,0,T2025_00147.jpg,T2025_02971.jpg
0.2022,1,T2025_01860.jpg,T2025_01687.jpg
0.6374,0,T2025_01415.jpg,T2025_02227.jpg
0.1339,1,T2025_00116.jpg,T2025_01550.jpg
0.0506,1,T2025_00559.jpg,T2025_00030.jpg
0.0851,0,T2025_00629.jpg,T2025_01534.jpg
0.0271,0,T2025_00950.jpg,T2025_00652.jpg
0.5677,1,T2025_00654.jpg,T2025_01029.jpg
0.4635,1,T2025_02681.jpg,T2025_02627.jpg
0.8669,0,T2025_02817.jpg,T2025_02860.jpg
0.5472,0,T2025_01984.jpg,T2025_00596.jpg
0.6588,0,T2025_03079.jpg,T2025_00181.jpg
0.1640,0,T2025_01272.jpg,T2025_00108.jpg
0.1424,0,T2025_02194.jpg,T2025_00939.jpg
0.3149,1,T2025_01016.jpg,T2025_00819.jpg
0.2132,0,T2025_02452.jpg,T2025_02557.jpg
0.2412,1,T2025_01351.jpg,T2025_00477.jpg
-0.0545,1,T2025_02352.jpg,T2025_00357.jpg
0.4412,0,T2025_00070.jpg,T2025_00820.jpg
0.4039,0,T2025_00278.jpg,T2025_01624.jpg
0.5772,1,T2025_01182.jpg,T2025_00542.jpg
0.3647,0,T2025_00810.jpg,T2025_01993.jpg
0.1898,0,T2025_01175.jpg,T2025_02128.jpg
-0.0099,1,T2025_00372.jpg,T2025_02150.jpg
0.8361,0,T2025_02522.jpg,T2025_01636.jpg
0.1383,0,T2025_03072.jpg,T2025_00409.jpg
0.2441,0,T2025_02798.jpg,T2025_01148.jpg
0.7008,0,T2025_00715.jpg,T2025_02105.jpg
0.0552,1,T2025_02968.jpg,T2025_00696.jpg
0.5250,1,T2025_01724.jpg,T2025_01786.jpg
0.0847,0,T2025_00445.jpg,T2025_02563.jpg
0.6360,0,T2025_01750.jpg,T2025_01640.jpg
0.1250,0,T2025_02589.jpg,T2025_02391.jpg
0.7157,0,T2025_02315.jpg,T2025_01247.jpg
0.3343,0,T2025_00364.jpg,T2025_02162.jpg
0.3303,1,T2025_00058.jpg,T2025_02873.jpg
0.3636,1,T2025_00371.jpg,T2025_00734.jpg
0.1271,0,T2025_02393.jpg,T2025_02865.jpg
0.3512,1,T2025_01733.jpg,T2025_01228.jpg
0.0891,0,T2025_02448.jpg,T2025_01841.jpg
0.8519,1,T2025_02048.jpg,T2025_02811.jpg
0.0924,0,T2025_00447.jpg,T2025_01209.jpg
0.5103,0,T2025_02423.jpg,T2025_00593.jpg
0.8924,0,T2025_00488.jpg,T2025_01142.jpg
0.3043,1,T2025_01631.jpg,T2025_01037.jpg
-0.0738,0,T2025_00551.jpg,T2025_00920.jpg
0.4177,0,T2025_02382.jpg,T2025_01100.jpg
-0.0255,1,T2025_00724.jpg,T2025_02987.jpg
0.2882,1,T2025_01729.jpg,T2025_02546.jpg
0.3828,1,T2025_00262.jpg,T2025_01594.jpg
0.2763,1,T2025_00143.jpg,T2025_01554.jpg
0.5922,1,T2025_02211.jpg,T2025_02336.jpg
0.3402,0,T2025_01676.jpg,T2025_02851.jpg
0.2556,1,T2025_02915.jpg,T2025_00766.jpg
0.3313,1,T2025_01695.jpg,T2025_00864.jpg
0.1259,1,T2025_00201.jpg,T2025_01737.jpg
0.7163,0,T2025_02245.jpg,T2025_01692.jpg
0.1033,0,T2025_02954.jpg,T2025_00343.jpg
0.6818,1,T2025_01126.jpg,T2025_01159.jpg
-0.0141,0,T2025_03076.jpg,T2025_00933.jpg
0.0421,1,T2025_02950.jpg,T2025_00902.jpg
0.1410,1,T2025_01959.jpg,T2025_01715.jpg
0.4299,0,T2025_02582.jpg,T2025_02325.jpg
0.2227,1,T2025_00724.jpg,T2025_01778.jpg
0.5831,1,T2025_01717.jpg,T2025_02813.jpg
-0.0883,1,T2025_00840.jpg,T2025_01976.jpg
0.1941,1,T2025_00928.jpg,T2025_02626.jpg
0.8974,0,T2025_02460.jpg,T2025_00370.jpg
0.3608,1,T2025_00877.jpg,T2025_00003.jpg
-0.1886,1,T2025_00996.jpg,T2025_01955.jpg
0.2184,0,T2025_02344.jpg,T2025_01226.jpg
1.0000,0,T2025_01744.jpg,T2025_01744.jpg
-0.0189,0,T2025_00313.jpg,T2025_00069.jpg
0.4334,0,T2025_02217.jpg,T2025_00007.jpg
0.4252,0,T2025_02124.jpg,T2025_00003.jpg
0.5187,1,T2025_01770.jpg,T2025_00570.jpg
0.1531,1,T2025_02378.jpg,T2025_00068.jpg
0.1725,1,T2025_02481.jpg,T2025_00334.jpg
0.7768,0,T2025_01985.jpg,T2025_01435.jpg
0.2531,1,T2025_01561.jpg,T2025_02266.jpg
0.3891,1,T2025_00791.jpg,T2025_02793.jpg
0.5329,0,T2025_02324.jpg,T2025_03039.jpg
0.8173,1,T2025_01246.jpg,T2025_02366.jpg
-0.0089,0,T2025_01575.jpg,T2025_02103.jpg
0.3189,0,T2025_02040.jpg,T2025_02741.jpg
0.2846,1,T2025_01977.jpg,T2025_00328.jpg
0.8038,1,T2025_00960.jpg,T2025_01850.jpg
0.4668,1,T2025_02080.jpg,T2025_00484.jpg
0.0306,1,T2025_02198.jpg,T2025_02809.jpg
-0.0136,1,T2025_00185.jpg,T2025_01034.jpg
0.5054,1,T2025_01809.jpg,T2025_00521.jpg
0.7176,1,T2025_00527.jpg,T2025_00046.jpg
0.1953,1,T2025_02385.jpg,T2025_02702.jpg
0.6271,1,T2025_01749.jpg,T2025_02288.jpg
0.0604,1,T2025_01227.jpg,T2025_01835.jpg
0.4743,1,T2025_01629.jpg,T2025_03097.jpg
0.4281,0,T2025_01755.jpg,T2025_01041.jpg
0.3660,0,T2025_01310.jpg,T2025_00274.jpg
0.2738,0,T2025_02419.jpg,T2025_01146.jpg
0.2199,1,T2025_00929.jpg,T2025_02302.jpg
0.2743,0,T2025_02294.jpg,T2025_00283.jpg
0.5098,1,T2025_00449.jpg,T2025_03049.jpg
0.2065,0,T2025_02414.jpg,T2025_00493.jpg
0.4581,1,T2025_00073.jpg,T2025_01910.jpg
0.2736,1,T2025_02854.jpg,T2025_01759.jpg
0.6077,1,T2025_02793.jpg,T2025_01386.jpg
0.3844,0,T2025_00345.jpg,T2025_01578.jpg
0.3015,1,T2025_00337.jpg,T2025_02348.jpg
0.2204,1,T2025_01520.jpg,T2025_00158.jpg
-0.0099,0,T2025_00086.jpg,T2025_00730.jpg
-0.0356,0,T2025_00376.jpg,T2025_01437.jpg
0.2861,0,T2025_01543.jpg,T2025_00568.jpg
0.4487,0,T2025_02803.jpg,T2025_01628.jpg
0.2439,1,T2025_01392.jpg,T2025_02079.jpg
0.7406,0,T2025_01389.jpg,T2025_00210.jpg
0.1769,1,T2025_01189.jpg,T2025_02429.jpg
0.6103,0,T2025_02058.jpg,T2025_00449.jpg
0.1280,0,T2025_00902.jpg,T2025_00354.jpg
0.3889,0,T2025_03077.jpg,T2025_00588.jpg
0.0552,1,T2025_02190.jpg,T2025_02040.jpg
0.4720,0,T2025_01014.jpg,T2025_00070.jpg
0.4010,0,T2025_00657.jpg,T2025_01063.jpg
0.1480,0,T2025_01211.jpg,T2025_00476.jpg
0.6386,1,T2025_02918.jpg,T2025_00327.jpg
-0.0022,1,T2025_02190.jpg,T2025_02600.jpg
0.5851,0,T2025_02374.jpg,T2025_01844.jpg
0.6588,0,T2025_01018.jpg,T2025_01718.jpg
0.5829,1,T2025_00776.jpg,T2025_01812.jpg
0.3675,0,T2025_02518.jpg,T2025_00513.jpg
0.2993,1,T2025_01871.jpg,T2025_02161.jpg
0.9323,0,T2025_00706.jpg,T2025_02636.jpg
0.4291,0,T2025_02583.jpg,T2025_00666.jpg
0.1028,1,T2025_01165.jpg,T2025_02097.jpg
0.2423,1,T2025_03039.jpg,T2025_02833.jpg
0.3070,1,T2025_01534.jpg,T2025_01628.jpg
0.0163,0,T2025_01696.jpg,T2025_02157.jpg
0.3969,0,T2025_01866.jpg,T2025_00227.jpg
0.1533,1,T2025_02570.jpg,T2025_01133.jpg
0.5330,1,T2025_02518.jpg,T2025_01485.jpg
0.1318,0,T2025_01591.jpg,T2025_00968.jpg
0.0509,0,T2025_00283.jpg,T2025_00622.jpg
0.5883,0,T2025_02646.jpg,T2025_02893.jpg
0.2425,0,T2025_00285.jpg,T2025_02616.jpg
0.2270,0,T2025_00845.jpg,T2025_01857.jpg
0.3292,0,T2025_01358.jpg,T2025_00309.jpg
0.3179,1,T2025_01608.jpg,T2025_00420.jpg
0.3337,1,T2025_02141.jpg,T2025_00013.jpg
0.1096,1,T2025_01868.jpg,T2025_01776.jpg
0.0073,1,T2025_00839.jpg,T2025_00281.jpg
0.2579,1,T2025_02737.jpg,T2025_00206.jpg
0.2382,1,T2025_01833.jpg,T2025_01193.jpg
0.2572,1,T2025_02730.jpg,T2025_01528.jpg
0.6118,1,T2025_01226.jpg,T2025_02916.jpg
0.0067,0,T2025_01627.jpg,T2025_02364.jpg
-0.1568,0,T2025_00221.jpg,T2025_00015.jpg
0.2680,1,T2025_00901.jpg,T2025_00515.jpg
0.5966,1,T2025_02679.jpg,T2025_02864.jpg
-0.0054,1,T2025_01996.jpg,T2025_00571.jpg
0.3966,1,T2025_01212.jpg,T2025_00216.jpg
0.1605,0,T2025_02925.jpg,T2025_01057.jpg
0.0759,1,T2025_02804.jpg,T2025_03012.jpg
0.2108,1,T2025_03040.jpg,T2025_01106.jpg
0.2313,1,T2025_00765.jpg,T2025_00786.jpg
0.5157,1,T2025_02231.jpg,T2025_02144.jpg
0.2840,0,T2025_02549.jpg,T2025_00688.jpg
0.7022,0,T2025_00151.jpg,T2025_00385.jpg
0.2646,1,T2025_00797.jpg,T2025_01876.jpg
0.2980,0,T2025_02510.jpg,T2025_01812.jpg
0.7771,0,T2025_03066.jpg,T2025_01380.jpg
0.1390,0,T2025_00455.jpg,T2025_00983.jpg
0.8870,1,T2025_00032.jpg,T2025_00699.jpg
0.2094,0,T2025_01380.jpg,T2025_00927.jpg
0.5630,1,T2025_02029.jpg,T2025_00632.jpg
0.4074,1,T2025_02502.jpg,T2025_02780.jpg
0.6806,0,T2025_00911.jpg,T2025_02910.jpg
0.3658,0,T2025_00631.jpg,T2025_02535.jpg
0.4892,1,T2025_02441.jpg,T2025_00582.jpg
-0.0644,0,T2025_02832.jpg,T2025_02518.jpg
-0.0054,1,T2025_01637.jpg,T2025_02870.jpg
1.0000,0,T2025_01204.jpg,T2025_01204.jpg
0.5659,0,T2025_00487.jpg,T2025_02995.jpg
0.2819,1,T2025_00515.jpg,T2025_00343.jpg
0.5923,0,T2025_03019.jpg,T2025_02461.jpg
-0.0721,1,T2025_02372.jpg,T2025_02134.jpg
0.5695,0,T2025_00310.jpg,T2025_00439.jpg
0.0695,1,T2025_01683.jpg,T2025_01225.jpg
0.8869,0,T2025_02862.jpg,T2025_00987.jpg
-0.0740,0,T2025_01600.jpg,T2025_00208.jpg
0.2637,0,T2025_02821.jpg,T2025_00545.jpg
0.5495,1,T2025_02291.jpg,T2025_03007.jpg
0.6612,0,T2025_02315.jpg,T2025_02399.jpg
0.5105,1,T2025_02524.jpg,T2025_01940.jpg
0.3502,0,T2025_01961.jpg,T2025_02042.jpg
0.7626,1,T2025_00756.jpg,T2025_00589.jpg
0.1424,1,T2025_01394.jpg,T2025_00085.jpg
0.8484,1,T2025_02335.jpg,T2025_01877.jpg
0.5549,0,T2025_00745.jpg,T2025_00720.jpg
-0.1321,1,T2025_01676.jpg,T2025_01568.jpg
0.3047,0,T2025_01474.jpg,T2025_00142.jpg
0.0951,0,T2025_02622.jpg,T2025_01148.jpg
0.6635,1,T2025_02455.jpg,T2025_02741.jpg
-0.0413,0,T2025_00282.jpg,T2025_01814.jpg
-0.1632,0,T2025_00682.jpg,T2025_01652.jpg
0.6831,1,T2025_02226.jpg,T2025_01893.jpg
0.3438,1,T2025_01606.jpg,T2025_01117.jpg
0.2325,0,T2025_00952.jpg,T2025_00989.jpg
0.6951,1,T2025_01916.jpg,T2025_00576.jpg
0.2452,1,T2025_01353.jpg,T2025_02541.jpg
0.6755,0,T2025_02862.jpg,T2025_02602.jpg
0.2255,1,T2025_02946.jpg,T2025_00652.jpg
0.0978,1,T2025_03016.jpg,T2025_02033.jpg
-0.0620,0,T2025_00174.jpg,T2025_01037.jpg
0.4811,1,T2025_02663.jpg,T2025_00301.jpg
0.2715,1,T2025_02767.jpg,T2025_00279.jpg
0.3647,1,T2025_02060.jpg,T2025_00291.jpg
0.4796,1,T2025_00077.jpg,T2025_02782.jpg
0.3649,1,T2025_02595.jpg,T2025_03040.jpg
0.5733,1,T2025_02869.jpg,T2025_02986.jpg
0.5134,1,T2025_01130.jpg,T2025_00293.jpg
0.3752,0,T2025_01164.jpg,T2025_00106.jpg
0.1578,0,T2025_00816.jpg,T2025_01097.jpg
0.0455,0,T2025_00722.jpg,T2025_01892.jpg
0.2112,0,T2025_01200.jpg,T2025_00802.jpg
0.1289,0,T2025_03018.jpg,T2025_01823.jpg
0.4515,1,T2025_03086.jpg,T2025_00885.jpg
0.3745,0,T2025_03093.jpg,T2025_00579.jpg
0.1269,0,T2025_01059.jpg,T2025_00634.jpg
0.7103,0,T2025_00411.jpg,T2025_00977.jpg
0.1827,0,T2025_02720.jpg,T2025_00109.jpg
0.4400,1,T2025_00685.jpg,T2025_02792.jpg
0.0403,0,T2025_02784.jpg,T2025_00325.jpg
0.2812,1,T2025_01691.jpg,T2025_00524.jpg
0.4907,1,T2025_00646.jpg,T2025_02652.jpg
0.3289,1,T2025_02710.jpg,T2025_00136.jpg
0.1205,1,T2025_01782.jpg,T2025_01277.jpg
0.4626,0,T2025_01001.jpg,T2025_01776.jpg
0.2971,1,T2025_03025.jpg,T2025_02167.jpg
0.3881,1,T2025_00819.jpg,T2025_02480.jpg
0.6548,1,T2025_02571.jpg,T2025_02768.jpg
0.2977,1,T2025_02895.jpg,T2025_00431.jpg
0.6780,0,T2025_02460.jpg,T2025_02101.jpg
0.4741,1,T2025_01775.jpg,T2025_00099.jpg
0.2496,0,T2025_01102.jpg,T2025_02016.jpg
-0.0734,0,T2025_00988.jpg,T2025_02008.jpg
0.1807,0,T2025_02393.jpg,T2025_02788.jpg
-0.0571,0,T2025_02423.jpg,T2025_01340.jpg
0.4636,0,T2025_01123.jpg,T2025_01229.jpg
0.0386,1,T2025_02603.jpg,T2025_01348.jpg
0.0733,0,T2025_02639.jpg,T2025_01712.jpg
0.1441,0,T2025_02141.jpg,T2025_02416.jpg
0.7277,1,T2025_01904.jpg,T2025_02807.jpg
0.1931,0,T2025_02794.jpg,T2025_02867.jpg
0.1445,0,T2025_02229.jpg,T2025_02183.jpg
0.6251,0,T2025_01808.jpg,T2025_01782.jpg
0.2528,0,T2025_00872.jpg,T2025_00879.jpg
0.3212,1,T2025_01949.jpg,T2025_03093.jpg
0.0546,1,T2025_02906.jpg,T2025_00855.jpg
0.1063,1,T2025_01668.jpg,T2025_01981.jpg
0.5957,1,T2025_01870.jpg,T2025_01052.jpg
-0.0515,1,T2025_03043.jpg,T2025_02334.jpg
1.0000,1,T2025_00377.jpg,T2025_00377.jpg
0.4729,0,T2025_00091.jpg,T2025_01937.jpg
0.4106,0,T2025_01756.jpg,T2025_02754.jpg
-0.0023,0,T2025_02255.jpg,T2025_01221.jpg
-0.0159,1,T2025_01925.jpg,T2025_01078.jpg
0.0946,0,T2025_01209.jpg,T2025_00089.jpg
0.3409,0,T2025_00633.jpg,T2025_00673.jpg
0.3876,1,T2025_00666.jpg,T2025_00370.jpg
0.1359,1,T2025_02772.jpg,T2025_02137.jpg
-0.0335,1,T2025_02150.jpg,T2025_01150.jpg
0.2259,1,T2025_00542.jpg,T2025_01688.jpg
0.3815,0,T2025_00855.jpg,T2025_00795.jpg
0.1127,0,T2025_00261.jpg,T2025_01292.jpg
0.6534,0,T2025_00037.jpg,T2025_00080.jpg
-0.0087,1,T2025_03058.jpg,T2025_01835.jpg
0.8107,1,T2025_01460.jpg,T2025_02358.jpg
0.1563,1,T2025_02830.jpg,T2025_00201.jpg
0.5955,0,T2025_00813.jpg,T2025_00519.jpg
0.4940,1,T2025_01242.jpg,T2025_02090.jpg
-0.0057,1,T2025_00024.jpg,T2025_00307.jpg
0.1003,1,T2025_01276.jpg,T2025_02442.jpg
0.5960,0,T2025_02411.jpg,T2025_01198.jpg
0.1002,0,T2025_01646.jpg,T2025_00341.jpg
0.8590,1,T2025_02650.jpg,T2025_01700.jpg
0.1505,1,T2025_02482.jpg,T2025_01204.jpg
0.4857,0,T2025_02444.jpg,T2025_01247.jpg
0.0477,0,T2025_00257.jpg,T2025_03092.jpg
0.1661,0,T2025_01514.jpg,T2025_02854.jpg
0.5664,0,T2025_02694.jpg,T2025_01144.jpg
-0.0843,1,T2025_01618.jpg,T2025_00788.jpg
0.7090,1,T2025_01045.jpg,T2025_01682.jpg
0.5675,1,T2025_00745.jpg,T2025_00123.jpg
0.4139,0,T2025_00202.jpg,T2025_02215.jpg
0.1720,1,T2025_01883.jpg,T2025_01345.jpg
0.4339,1,T2025_01689.jpg,T2025_02688.jpg
0.5605,1,T2025_00097.jpg,T2025_03009.jpg
0.0006,1,T2025_01655.jpg,T2025_02605.jpg
0.0292,1,T2025_01155.jpg,T2025_02512.jpg
-0.0499,0,T2025_00795.jpg,T2025_03101.jpg
0.1960,0,T2025_02997.jpg,T2025_02594.jpg
0.1757,1,T2025_00198.jpg,T2025_00418.jpg
0.2181,0,T2025_01108.jpg,T2025_01388.jpg
0.3916,0,T2025_02877.jpg,T2025_02772.jpg
0.1166,0,T2025_00150.jpg,T2025_02749.jpg
-0.0435,0,T2025_00675.jpg,T2025_01712.jpg
0.3778,0,T2025_01282.jpg,T2025_02768.jpg
0.6642,0,T2025_00800.jpg,T2025_01973.jpg
0.1946,0,T2025_01546.jpg,T2025_02480.jpg
0.2873,1,T2025_00765.jpg,T2025_00946.jpg
0.1365,1,T2025_01995.jpg,T2025_02710.jpg
0.2083,0,T2025_00912.jpg,T2025_01939.jpg
-0.0037,1,T2025_02511.jpg,T2025_00920.jpg
0.7021,0,T2025_01032.jpg,T2025_01701.jpg
0.2595,1,T2025_01619.jpg,T2025_02476.jpg
0.5804,1,T2025_03080.jpg,T2025_01223.jpg
-0.0524,1,T2025_01368.jpg,T2025_00934.jpg
-0.1232,1,T2025_02599.jpg,T2025_02699.jpg
0.2178,1,T2025_01398.jpg,T2025_01588.jpg
0.2200,1,T2025_01411.jpg,T2025_00856.jpg
1.0000,0,T2025_01009.jpg,T2025_01009.jpg
-0.0159,0,T2025_01068.jpg,T2025_01525.jpg
0.5900,1,T2025_00038.jpg,T2025_01211.jpg
0.6144,1,T2025_01857.jpg,T2025_00811.jpg
0.7495,1,T2025_00900.jpg,T2025_01912.jpg
0.7204,1,T2025_00608.jpg,T2025_02636.jpg
-0.0222,1,T2025_00358.jpg,T2025_01764.jpg
0.1954,0,T2025_01130.jpg,T2025_00021.jpg
0.1931,0,T2025_01552.jpg,T2025_01185.jpg
0.7942,0,T2025_02068.jpg,T2025_01610.jpg
0.4807,1,T2025_00304.jpg,T2025_01448.jpg
0.3800,0,T2025_01626.jpg,T2025_00248.jpg
0.3185,0,T2025_00789.jpg,T2025_02795.jpg
0.1751,1,T2025_01393.jpg,T2025_00511.jpg
-0.0352,1,T2025_00045.jpg,T2025_02925.jpg
0.2107,1,T2025_00521.jpg,T2025_02710.jpg
0.0494,1,T2025_01765.jpg,T2025_00571.jpg
0.1522,0,T2025_02719.jpg,T2025_01492.jpg
0.7971,1,T2025_02355.jpg,T2025_01316.jpg
0.3235,1,T2025_02412.jpg,T2025_00813.jpg
0.1650,1,T2025_02570.jpg,T2025_00935.jpg
0.1216,1,T2025_01279.jpg,T2025_02532.jpg
0.5496,1,T2025_02339.jpg,T2025_01633.jpg
0.3788,1,T2025_00524.jpg,T2025_02499.jpg
-0.0091,1,T2025_00804.jpg,T2025_03067.jpg
0.0874,0,T2025_00178.jpg,T2025_01543.jpg
0.4772,1,T2025_01785.jpg,T2025_00311.jpg
0.1305,1,T2025_01786.jpg,T2025_01497.jpg
0.0259,0,T2025_02159.jpg,T2025_01477.jpg
0.0214,1,T2025_02864.jpg,T2025_00270.jpg
0.2123,1,T2025_02684.jpg,T2025_01017.jpg
0.4199,0,T2025_01440.jpg,T2025_03078.jpg
0.2702,1,T2025_00962.jpg,T2025_00330.jpg
0.4922,0,T2025_00468.jpg,T2025_01358.jpg
0.5640,1,T2025_02609.jpg,T2025_01740.jpg
0.7116,0,T2025_02398.jpg,T2025_01486.jpg
0.2732,0,T2025_02627.jpg,T2025_03034.jpg
0.2830,1,T2025_00109.jpg,T2025_01053.jpg
-0.0295,1,T2025_00852.jpg,T2025_00887.jpg
0.4957,1,T2025_00883.jpg,T2025_00349.jpg
0.6142,1,T2025_01490.jpg,T2025_01061.jpg
0.2482,0,T2025_02179.jpg,T2025_00481.jpg
0.4535,0,T2025_00887.jpg,T2025_01829.jpg
0.4245,1,T2025_01643.jpg,T2025_00140.jpg
0.8752,0,T2025_00384.jpg,T2025_00699.jpg
0.7858,0,T2025_00454.jpg,T2025_00344.jpg
0.2336,0,T2025_01320.jpg,T2025_00605.jpg
0.3111,0,T2025_00323.jpg,T2025_02585.jpg
0.1147,1,T2025_00988.jpg,T2025_00543.jpg
0.5542,1,T2025_01132.jpg,T2025_00530.jpg
0.3684,0,T2025_00101.jpg,T2025_02397.jpg
0.3556,1,T2025_03092.jpg,T2025_01539.jpg
0.1807,1,T2025_02443.jpg,T2025_01929.jpg
0.0429,0,T2025_02608.jpg,T2025_01843.jpg
0.7658,1,T2025_00060.jpg,T2025_00333.jpg
0.7451,1,T2025_02919.jpg,T2025_01982.jpg
0.0718,1,T2025_01148.jpg,T2025_00230.jpg
0.2464,1,T2025_00857.jpg,T2025_02886.jpg
0.2089,1,T2025_02780.jpg,T2025_00637.jpg
0.5694,0,T2025_00513.jpg,T2025_01009.jpg
0.3569,0,T2025_00123.jpg,T2025_03031.jpg
0.7097,0,T2025_02143.jpg,T2025_02488.jpg
0.4810,1,T2025_01118.jpg,T2025_01487.jpg
0.1332,0,T2025_00948.jpg,T2025_01458.jpg
0.4754,0,T2025_00072.jpg,T2025_02485.jpg
0.1619,1,T2025_01773.jpg,T2025_00682.jpg
0.1128,1,T2025_01163.jpg,T2025_02852.jpg
0.0933,1,T2025_00731.jpg,T2025_02305.jpg
0.0463,1,T2025_00430.jpg,T2025_01854.jpg
0.1736,0,T2025_01229.jpg,T2025_02240.jpg
0.4999,0,T2025_01964.jpg,T2025_00053.jpg
0.1397,1,T2025_03059.jpg,T2025_00249.jpg
0.1683,0,T2025_01414.jpg,T2025_00377.jpg
-0.0752,1,T2025_02560.jpg,T2025_00632.jpg
0.5331,1,T2025_00193.jpg,T2025_01459.jpg
0.2986,0,T2025_02364.jpg,T2025_02160.jpg
0.5134,0,T2025_01672.jpg,T2025_00988.jpg
0.4579,1,T2025_00429.jpg,T2025_01717.jpg
0.5997,1,T2025_03078.jpg,T2025_01311.jpg
0.3161,1,T2025_02281.jpg,T2025_02629.jpg
0.6358,1,T2025_02191.jpg,T2025_01590.jpg
-0.0398,1,T2025_02614.jpg,T2025_01767.jpg
0.4353,0,T2025_02244.jpg,T2025_01101.jpg
0.4913,0,T2025_00067.jpg,T2025_00156.jpg
0.2555,1,T2025_02582.jpg,T2025_01854.jpg
0.0698,0,T2025_00140.jpg,T2025_00082.jpg
0.1091,1,T2025_01110.jpg,T2025_00880.jpg
1.0000,1,T2025_01436.jpg,T2025_01436.jpg
0.2780,1,T2025_01746.jpg,T2025_00709.jpg
0.1314,0,T2025_03067.jpg,T2025_01007.jpg
0.1528,0,T2025_01311.jpg,T2025_01149.jpg
0.6461,1,T2025_01117.jpg,T2025_02130.jpg
0.4211,0,T2025_01752.jpg,T2025_00946.jpg
0.6349,0,T2025_02174.jpg,T2025_02776.jpg
0.3336,1,T2025_02701.jpg,T2025_00890.jpg
0.0331,0,T2025_01258.jpg,T2025_01278.jpg
0.0432,0,T2025_00468.jpg,T2025_01387.jpg
0.3950,0,T2025_00586.jpg,T2025_01317.jpg
0.0653,0,T2025_03006.jpg,T2025_00961.jpg
0.4325,0,T2025_00457.jpg,T2025_01997.jpg
0.3994,0,T2025_02666.jpg,T2025_02787.jpg
0.1120,0,T2025_02957.jpg,T2025_00314.jpg
0.1435,0,T2025_03026.jpg,T2025_02779.jpg
0.7254,0,T2025_01070.jpg,T2025_02452.jpg
0.0348,1,T2025_01884.jpg,T2025_01601.jpg
0.8115,1,T2025_00931.jpg,T2025_01198.jpg
0.0747,0,T2025_02549.jpg,T2025_02178.jpg
0.2933,1,T2025_01446.jpg,T2025_00181.jpg
0.6007,0,T2025_00144.jpg,T2025_00394.jpg
0.0765,1,T2025_01460.jpg,T2025_00520.jpg
-0.0930,1,T2025_02822.jpg,T2025_03050.jpg
0.1756,1,T2025_01321.jpg,T2025_00022.jpg
0.1969,1,T2025_01305.jpg,T2025_02614.jpg
0.0399,1,T2025_00223.jpg,T2025_02740.jpg
0.4589,1,T2025_02418.jpg,T2025_01967.jpg
-0.0737,1,T2025_02816.jpg,T2025_01352.jpg
-0.0511,1,T2025_02907.jpg,T2025_00308.jpg
0.2199,1,T2025_01070.jpg,T2025_02831.jpg
0.3938,1,T2025_00996.jpg,T2025_00552.jpg
0.1686,0,T2025_02129.jpg,T2025_00848.jpg
0.1834,0,T2025_02990.jpg,T2025_02903.jpg
0.1408,0,T2025_02619.jpg,T2025_02898.jpg
0.4372,1,T2025_01244.jpg,T2025_02842.jpg
0.6640,1,T2025_02502.jpg,T2025_01017.jpg
0.2343,0,T2025_01891.jpg,T2025_02801.jpg
0.3239,0,T2025_01160.jpg,T2025_02708.jpg
0.2796,0,T2025_01967.jpg,T2025_02574.jpg
0.4317,1,T2025_02449.jpg,T2025_02553.jpg
0.3040,0,T2025_00615.jpg,T2025_02658.jpg
-0.2147,1,T2025_00196.jpg,T2025_02061.jpg
0.0194,0,T2025_01716.jpg,T2025_02486.jpg
0.1249,1,T2025_00065.jpg,T2025_01337.jpg
0.1475,0,T2025_02674.jpg,T2025_00437.jpg
0.4914,0,T2025_00542.jpg,T2025_00536.jpg
-0.1531,0,T2025_01466.jpg,T2025_02176.jpg
0.0361,0,T2025_01342.jpg,T2025_02246.jpg
0.2256,1,T2025_02245.jpg,T2025_00872.jpg
0.0622,0,T2025_02155.jpg,T2025_02755.jpg
0.3423,1,T2025_00063.jpg,T2025_00672.jpg
0.2217,1,T2025_02397.jpg,T2025_00847.jpg
0.1561,0,T2025_02511.jpg,T2025_02125.jpg
0.2425,0,T2025_01929.jpg,T2025_02774.jpg
0.0950,0,T2025_02628.jpg,T2025_02922.jpg
0.6688,0,T2025_00007.jpg,T2025_00317.jpg
0.2637,1,T2025_03089.jpg,T2025_00547.jpg
0.2480,0,T2025_01904.jpg,T2025_01353.jpg
0.1201,0,T2025_02237.jpg,T2025_00548.jpg
-0.0686,0,T2025_02749.jpg,T2025_00001.jpg
0.1872,1,T2025_01987.jpg,T2025_03006.jpg
0.2548,1,T2025_01937.jpg,T2025_01367.jpg
-0.0418,0,T2025_01220.jpg,T2025_00343.jpg
0.4318,0,T2025_01479.jpg,T2025_00573.jpg
0.3494,0,T2025_01898.jpg,T2025_01018.jpg
0.2222,1,T2025_00053.jpg,T2025_02954.jpg
0.4102,1,T2025_01357.jpg,T2025_01447.jpg
0.5730,0,T2025_01798.jpg,T2025_01248.jpg
0.5001,0,T2025_01922.jpg,T2025_00040.jpg
0.2143,0,T2025_02023.jpg,T2025_02849.jpg
0.3538,1,T2025_00456.jpg,T2025_00624.jpg
0.0120,1,T2025_02915.jpg,T2025_00873.jpg
0.3660,0,T2025_01315.jpg,T2025_01829.jpg
0.3809,1,T2025_02821.jpg,T2025_02881.jpg
0.1016,0,T2025_02819.jpg,T2025_02168.jpg
0.2173,0,T2025_01955.jpg,T2025_02390.jpg
0.0878,1,T2025_00823.jpg,T2025_02609.jpg
0.2109,0,T2025_00295.jpg,T2025_01338.jpg
0.3531,1,T2025_01038.jpg,T2025_02389.jpg
0.7197,1,T2025_01190.jpg,T2025_01069.jpg
0.6915,0,T2025_02976.jpg,T2025_02743.jpg
0.7943,0,T2025_01704.jpg,T2025_01021.jpg
0.2684,1,T2025_01759.jpg,T2025_02294.jpg
0.3631,0,T2025_00850.jpg,T2025_02399.jpg
0.1281,0,T2025_00623.jpg,T2025_02829.jpg
0.3638,0,T2025_03043.jpg,T2025_02269.jpg
0.3940,1,T2025_01525.jpg,T2025_00813.jpg
0.0919,1,T2025_03097.jpg,T2025_01134.jpg
0.4261,1,T2025_01753.jpg,T2025_00197.jpg
0.4413,0,T2025_00002.jpg,T2025_03102.jpg
0.4197,0,T2025_02703.jpg,T2025_02963.jpg
0.4297,0,T2025_00027.jpg,T2025_02878.jpg
0.2287,0,T2025_01133.jpg,T2025_00478.jpg
0.3709,1,T2025_00831.jpg,T2025_01068.jpg
0.4045,0,T2025_02776.jpg,T2025_01966.jpg
0.0865,0,T2025_02446.jpg,T2025_02251.jpg
0.4532,1,T2025_01607.jpg,T2025_02267.jpg
0.6981,1,T2025_01256.jpg,T2025_02567.jpg
0.2437,0,T2025_01001.jpg,T2025_01621.jpg
0.2770,0,T2025_01943.jpg,T2025_00254.jpg
0.4309,1,T2025_00544.jpg,T2025_02947.jpg
0.3758,1,T2025_01081.jpg,T2025_03072.jpg
0.3559,0,T2025_00012.jpg,T2025_00242.jpg
0.2015,1,T2025_01724.jpg,T2025_02877.jpg
0.6629,0,T2025_00310.jpg,T2025_01663.jpg
0.1335,0,T2025_01915.jpg,T2025_01944.jpg
0.1902,0,T2025_02392.jpg,T2025_02836.jpg
0.3863,1,T2025_01058.jpg,T2025_02196.jpg
0.1870,1,T2025_00570.jpg,T2025_02891.jpg
0.5452,1,T2025_01265.jpg,T2025_00507.jpg
0.5429,0,T2025_00620.jpg,T2025_01010.jpg
0.6316,1,T2025_00102.jpg,T2025_02294.jpg
0.5087,0,T2025_01193.jpg,T2025_00777.jpg
0.4650,0,T2025_00998.jpg,T2025_02046.jpg
0.2261,0,T2025_02375.jpg,T2025_02008.jpg
0.2382,0,T2025_01613.jpg,T2025_02402.jpg
0.8909,1,T2025_00210.jpg,T2025_02476.jpg
0.6359,1,T2025_00838.jpg,T2025_00098.jpg
-0.0163,1,T2025_01623.jpg,T2025_01895.jpg
0.2390,1,T2025_00626.jpg,T2025_02992.jpg
0.2622,1,T2025_01118.jpg,T2025_01696.jpg
0.2631,1,T2025_00973.jpg,T2025_01487.jpg
0.1493,0,T2025_01521.jpg,T2025_02162.jpg
0.5455,1,T2025_01761.jpg,T2025_01899.jpg
0.5544,0,T2025_02421.jpg,T2025_01358.jpg
-0.1198,0,T2025_01944.jpg,T2025_02423.jpg
0.1693,0,T2025_00552.jpg,T2025_01648.jpg
0.1513,1,T2025_01397.jpg,T2025_02494.jpg
0.8130,1,T2025_01464.jpg,T2025_02587.jpg
0.0418,1,T2025_01889.jpg,T2025_00802.jpg
0.7985,0,T2025_02933.jpg,T2025_00035.jpg
-0.0431,0,T2025_02695.jpg,T2025_02447.jpg
0.2415,0,T2025_03066.jpg,T2025_00210.jpg
0.2388,1,T2025_00034.jpg,T2025_02015.jpg
0.4493,0,T2025_00737.jpg,T2025_00519.jpg
0.6526,0,T2025_02267.jpg,T2025_01145.jpg
0.5607,1,T2025_00462.jpg,T2025_01187.jpg
0.3941,1,T2025_00362.jpg,T2025_02171.jpg
-0.0595,0,T2025_00039.jpg,T2025_02089.jpg
0.1561,0,T2025_00836.jpg,T2025_01650.jpg
0.6379,1,T2025_02766.jpg,T2025_00944.jpg
0.2535,0,T2025_00467.jpg,T2025_02624.jpg
-0.0047,0,T2025_00896.jpg,T2025_01913.jpg
0.1495,0,T2025_00812.jpg,T2025_01691.jpg
0.2025,1,T2025_01128.jpg,T2025_01172.jpg
0.4238,1,T2025_01756.jpg,T2025_02608.jpg
0.7213,1,T2025_00198.jpg,T2025_02258.jpg
0.0756,1,T2025_02860.jpg,T2025_01694.jpg
0.2190,0,T2025_02753.jpg,T2025_01441.jpg
-0.0149,1,T2025_01347.jpg,T2025_01855.jpg
0.4523,1,T2025_02971.jpg,T2025_01206.jpg
0.0149,1,T2025_01042.jpg,T2025_01475.jpg
0.6472,1,T2025_02448.jpg,T2025_01475.jpg
0.2340,1,T2025_00786.jpg,T2025_00336.jpg
0.5303,1,T2025_02497.jpg,T2025_01228.jpg
0.2068,1,T2025_02890.jpg,T2025_02142.jpg
0.7053,1,T2025_02271.jpg,T2025_01795.jpg
0.1111,1,T2025_01386.jpg,T2025_01006.jpg
0.5759,1,T2025_01597.jpg,T2025_02201.jpg
0.1658,1,T2025_00511.jpg,T2025_02242.jpg
0.4955,1,T2025_02159.jpg,T2025_01247.jpg
0.3611,1,T2025_02832.jpg,T2025_02256.jpg
0.0682,1,T2025_02807.jpg,T2025_00974.jpg
0.1339,0,T2025_00582.jpg,T2025_01545.jpg
-0.1132,1,T2025_01436.jpg,T2025_01660.jpg
0.5701,0,T2025_02716.jpg,T2025_00332.jpg
0.8228,1,T2025_01202.jpg,T2025_02777.jpg
0.0881,1,T2025_02704.jpg,T2025_00435.jpg
0.2904,0,T2025_00234.jpg,T2025_01090.jpg
0.1544,0,T2025_02011.jpg,T2025_02450.jpg
0.0030,1,T2025_00397.jpg,T2025_01320.jpg
0.5460,0,T2025_01753.jpg,T2025_01105.jpg
0.0684,1,T2025_02586.jpg,T2025_00167.jpg
0.0061,1,T2025_01972.jpg,T2025_01801.jpg
0.0080,0,T2025_01198.jpg,T2025_01582.jpg
0.1355,1,T2025_00361.jpg,T2025_01682.jpg
0.1140,0,T2025_01334.jpg,T2025_01376.jpg
0.1356,1,T2025_00556.jpg,T2025_01187.jpg
0.4626,1,T2025_02047.jpg,T2025_00559.jpg
0.2146,0,T2025_02878.jpg,T2025_01316.jpg
0.1647,0,T2025_00505.jpg,T2025_02832.jpg
0.0524,0,T2025_00891.jpg,T2025_02887.jpg
0.1837,1,T2025_01870.jpg,T2025_01499.jpg
0.4191,1,T2025_02220.jpg,T2025_02016.jpg
0.0401,0,T2025_02970.jpg,T2025_01499.jpg
0.4047,1,T2025_01759.jpg,T2025_00809.jpg
0.2721,0,T2025_01008.jpg,T2025_01540.jpg
0.2764,1,T2025_00786.jpg,T2025_01723.jpg
0.0507,1,T2025_02000.jpg,T2025_00571.jpg
0.5278,0,T2025_01693.jpg,T2025_00905.jpg
0.2524,1,T2025_00761.jpg,T2025_02585.jpg
0.1163,1,T2025_00656.jpg,T2025_00119.jpg
0.4609,1,T2025_02332.jpg,T2025_02015.jpg
0.3249,1,T2025_02319.jpg,T2025_02382.jpg
0.3446,1,T2025_02332.jpg,T2025_00765.jpg
0.6364,0,T2025_02205.jpg,T2025_02740.jpg
0.0537,1,T2025_02640.jpg,T2025_01128.jpg
-0.0151,0,T2025_01891.jpg,T2025_01367.jpg
0.8648,1,T2025_03081.jpg,T2025_01669.jpg
0.9552,0,T2025_01748.jpg,T2025_00388.jpg
0.5547,0,T2025_02641.jpg,T2025_02464.jpg
-0.1111,0,T2025_02361.jpg,T2025_02309.jpg
0.2967,1,T2025_00783.jpg,T2025_01680.jpg
0.4053,0,T2025_02214.jpg,T2025_02359.jpg
-0.0045,1,T2025_03065.jpg,T2025_01753.jpg
0.5509,0,T2025_02857.jpg,T2025_01932.jpg
0.3246,0,T2025_02740.jpg,T2025_00911.jpg
-0.0248,1,T2025_00992.jpg,T2025_00005.jpg
0.6073,1,T2025_01158.jpg,T2025_00040.jpg
0.2818,1,T2025_00444.jpg,T2025_01863.jpg
0.6026,1,T2025_00563.jpg,T2025_01905.jpg
0.0743,1,T2025_01564.jpg,T2025_01151.jpg
-0.0906,0,T2025_01560.jpg,T2025_00819.jpg
0.3946,0,T2025_00338.jpg,T2025_01631.jpg
0.6434,0,T2025_01422.jpg,T2025_00237.jpg
0.2143,1,T2025_01484.jpg,T2025_02229.jpg
0.5646,0,T2025_02580.jpg,T2025_00256.jpg
0.7373,1,T2025_02166.jpg,T2025_02924.jpg
0.4266,0,T2025_02192.jpg,T2025_00268.jpg
0.5994,0,T2025_00733.jpg,T2025_02022.jpg
0.0382,0,T2025_01019.jpg,T2025_01348.jpg
0.6418,1,T2025_02667.jpg,T2025_01329.jpg
0.2206,1,T2025_00096.jpg,T2025_02759.jpg
0.7784,1,T2025_01704.jpg,T2025_01158.jpg
0.0500,0,T2025_01261.jpg,T2025_00342.jpg
0.6489,0,T2025_02758.jpg,T2025_01043.jpg
0.3423,0,T2025_00616.jpg,T2025_01250.jpg
0.4547,0,T2025_00430.jpg,T2025_01793.jpg
0.4160,1,T2025_00894.jpg,T2025_01179.jpg
0.3057,0,T2025_01497.jpg,T2025_02352.jpg
0.4970,1,T2025_00311.jpg,T2025_02274.jpg
0.5978,1,T2025_03064.jpg,T2025_01393.jpg
0.5829,0,T2025_02529.jpg,T2025_02761.jpg
-0.1072,0,T2025_00366.jpg,T2025_00487.jpg
0.0454,1,T2025_00564.jpg,T2025_00962.jpg
0.1959,0,T2025_01545.jpg,T2025_01947.jpg
0.2436,1,T2025_00362.jpg,T2025_01510.jpg
0.0405,1,T2025_00055.jpg,T2025_00709.jpg
0.3782,0,T2025_01392.jpg,T2025_00797.jpg
-0.0361,0,T2025_03081.jpg,T2025_01558.jpg
0.1549,1,T2025_00104.jpg,T2025_00487.jpg
0.3022,0,T2025_01776.jpg,T2025_02263.jpg
0.4359,1,T2025_01058.jpg,T2025_00053.jpg
0.2095,1,T2025_01924.jpg,T2025_02798.jpg
0.2807,0,T2025_00320.jpg,T2025_00956.jpg
0.5253,1,T2025_02116.jpg,T2025_00082.jpg
0.1322,0,T2025_02072.jpg,T2025_02575.jpg
0.4909,1,T2025_00404.jpg,T2025_00995.jpg
0.8719,1,T2025_02300.jpg,T2025_01962.jpg
0.2998,1,T2025_02514.jpg,T2025_01091.jpg
0.2523,1,T2025_02786.jpg,T2025_01946.jpg
0.1956,0,T2025_03024.jpg,T2025_01654.jpg
0.3193,1,T2025_02357.jpg,T2025_00889.jpg
0.5145,0,T2025_02080.jpg,T2025_00544.jpg
0.4340,1,T2025_02215.jpg,T2025_01383.jpg
0.0046,0,T2025_03035.jpg,T2025_03019.jpg
0.4723,1,T2025_02062.jpg,T2025_00382.jpg
0.6443,0,T2025_02657.jpg,T2025_01679.jpg
0.0842,0,T2025_01464.jpg,T2025_01015.jpg
0.7805,1,T2025_02247.jpg,T2025_01001.jpg
0.1754,0,T2025_01198.jpg,T2025_02452.jpg
0.3378,1,T2025_00558.jpg,T2025_00031.jpg
0.3156,0,T2025_01499.jpg,T2025_01547.jpg
0.3652,1,T2025_00008.jpg,T2025_01026.jpg
0.2102,1,T2025_00728.jpg,T2025_01243.jpg
0.2660,0,T2025_02243.jpg,T2025_01879.jpg
0.0670,0,T2025_02018.jpg,T2025_00418.jpg
0.1036,0,T2025_01682.jpg,T2025_01429.jpg
-0.1758,1,T2025_02176.jpg,T2025_00994.jpg
0.1903,0,T2025_00668.jpg,T2025_01792.jpg
0.2095,0,T2025_01787.jpg,T2025_02297.jpg
0.1531,1,T2025_01794.jpg,T2025_02187.jpg
-0.0069,1,T2025_02529.jpg,T2025_01724.jpg
0.3010,1,T2025_02853.jpg,T2025_01289.jpg
0.5344,0,T2025_01718.jpg,T2025_02405.jpg
0.2196,1,T2025_01041.jpg,T2025_00104.jpg
0.2222,0,T2025_01147.jpg,T2025_01748.jpg
0.1591,0,T2025_02641.jpg,T2025_02744.jpg
0.5158,0,T2025_02647.jpg,T2025_00799.jpg
0.5584,0,T2025_02723.jpg,T2025_01358.jpg
0.0314,1,T2025_01505.jpg,T2025_02712.jpg
0.4876,0,T2025_02724.jpg,T2025_00031.jpg
0.1085,1,T2025_00517.jpg,T2025_00734.jpg
0.6980,0,T2025_00150.jpg,T2025_00000.jpg
0.0346,1,T2025_00575.jpg,T2025_02544.jpg
0.6729,1,T2025_01652.jpg,T2025_00496.jpg
0.0922,1,T2025_00704.jpg,T2025_01807.jpg
0.1578,0,T2025_00406.jpg,T2025_01994.jpg
0.1781,0,T2025_01227.jpg,T2025_02816.jpg
0.9741,0,T2025_00548.jpg,T2025_00734.jpg
0.6092,1,T2025_01095.jpg,T2025_02596.jpg
-0.0083,0,T2025_00798.jpg,T2025_02408.jpg
0.0544,1,T2025_01357.jpg,T2025_02641.jpg
0.0571,1,T2025_00325.jpg,T2025_02302.jpg
0.0942,1,T2025_03004.jpg,T2025_00659.jpg
0.3406,0,T2025_00696.jpg,T2025_01162.jpg
0.5004,1,T2025_02219.jpg,T2025_01339.jpg
0.5079,1,T2025_02572.jpg,T2025_02382.jpg
0.0698,0,T2025_00932.jpg,T2025_02172.jpg
0.6459,0,T2025_00206.jpg,T2025_00140.jpg
0.1110,1,T2025_03013.jpg,T2025_02725.jpg
0.3875,1,T2025_02154.jpg,T2025_02961.jpg
0.7438,0,T2025_01839.jpg,T2025_03045.jpg
0.5214,0,T2025_01335.jpg,T2025_00026.jpg
0.2922,1,T2025_02134.jpg,T2025_01895.jpg
0.1554,1,T2025_01522.jpg,T2025_00517.jpg
0.5336,1,T2025_00351.jpg,T2025_01282.jpg
0.4087,0,T2025_00009.jpg,T2025_01338.jpg
0.2787,0,T2025_01663.jpg,T2025_00643.jpg
0.2909,1,T2025_01110.jpg,T2025_00771.jpg
0.2515,1,T2025_03015.jpg,T2025_01324.jpg
-0.0048,1,T2025_01672.jpg,T2025_00321.jpg
0.7096,0,T2025_00344.jpg,T2025_03083.jpg
0.5373,0,T2025_01963.jpg,T2025_01074.jpg
0.4861,1,T2025_02553.jpg,T2025_00854.jpg
0.1030,0,T2025_01352.jpg,T2025_02226.jpg
0.0530,1,T2025_02513.jpg,T2025_02137.jpg
0.3064,1,T2025_02912.jpg,T2025_01901.jpg
0.2464,1,T2025_02703.jpg,T2025_01120.jpg
0.1867,0,T2025_02877.jpg,T2025_01305.jpg
0.2981,1,T2025_00524.jpg,T2025_02029.jpg
0.1873,1,T2025_02783.jpg,T2025_01552.jpg
0.2818,0,T2025_02977.jpg,T2025_00092.jpg
0.2743,1,T2025_02132.jpg,T2025_00361.jpg
0.5087,1,T2025_00499.jpg,T2025_00787.jpg
0.3858,1,T2025_01801.jpg,T2025_00114.jpg
-0.0829,0,T2025_02870.jpg,T2025_02148.jpg
0.2381,0,T2025_00844.jpg,T2025_02553.jpg
0.2996,0,T2025_00610.jpg,T2025_02523.jpg
0.0064,0,T2025_00823.jpg,T2025_01779.jpg
-0.0139,0,T2025_01885.jpg,T2025_01930.jpg
0.0835,0,T2025_00894.jpg,T2025_00646.jpg
0.0739,1,T2025_02723.jpg,T2025_01175.jpg
0.2833,1,T2025_01511.jpg,T2025_00646.jpg
0.8981,0,T2025_00359.jpg,T2025_00933.jpg
-0.0193,0,T2025_02798.jpg,T2025_02286.jpg
0.7082,0,T2025_00781.jpg,T2025_00976.jpg
0.0703,0,T2025_02051.jpg,T2025_02337.jpg
0.6063,0,T2025_02216.jpg,T2025_00792.jpg
0.5853,0,T2025_01691.jpg,T2025_02301.jpg
0.7402,1,T2025_02299.jpg,T2025_00256.jpg
-0.0496,1,T2025_02672.jpg,T2025_02783.jpg
0.0692,0,T2025_01129.jpg,T2025_00744.jpg
0.8908,0,T2025_00189.jpg,T2025_02823.jpg
0.2107,1,T2025_02829.jpg,T2025_00929.jpg
0.7377,0,T2025_02312.jpg,T2025_01583.jpg
0.5063,0,T2025_01329.jpg,T2025_00521.jpg
0.1103,0,T2025_01533.jpg,T2025_02024.jpg
0.3828,0,T2025_02658.jpg,T2025_01063.jpg
0.2777,1,T2025_01557.jpg,T2025_01171.jpg
0.3774,1,T2025_02972.jpg,T2025_01729.jpg
0.0708,0,T2025_02280.jpg,T2025_00672.jpg
0.1497,1,T2025_01769.jpg,T2025_00907.jpg
0.4392,1,T2025_01954.jpg,T2025_00408.jpg
0.7984,0,T2025_00675.jpg,T2025_00728.jpg
0.6283,1,T2025_00186.jpg,T2025_02330.jpg
0.4598,1,T2025_02951.jpg,T2025_02028.jpg
0.2795,0,T2025_00645.jpg,T2025_01620.jpg
0.5535,0,T2025_01475.jpg,T2025_00583.jpg
-0.0730,1,T2025_03013.jpg,T2025_01772.jpg
0.2149,0,T2025_00802.jpg,T2025_00313.jpg
0.7669,0,T2025_02299.jpg,T2025_00138.jpg
0.2422,1,T2025_00922.jpg,T2025_01326.jpg
0.0807,1,T2025_00436.jpg,T2025_02127.jpg
0.7137,0,T2025_01388.jpg,T2025_02027.jpg
0.4372,0,T2025_02159.jpg,T2025_01485.jpg
0.2518,0,T2025_01000.jpg,T2025_02390.jpg
0.0991,1,T2025_01833.jpg,T2025_02664.jpg
0.1213,1,T2025_01199.jpg,T2025_02962.jpg
0.3186,0,T2025_01863.jpg,T2025_01826.jpg
0.2890,1,T2025_02577.jpg,T2025_02980.jpg
0.0113,0,T2025_00090.jpg,T2025_00331.jpg
0.2531,1,T2025_01516.jpg,T2025_00903.jpg
0.2732,1,T2025_02474.jpg,T2025_02868.jpg
0.1603,1,T2025_01769.jpg,T2025_02718.jpg
0.2095,0,T2025_00522.jpg,T2025_00480.jpg
0.6036,1,T2025_00259.jpg,T2025_02107.jpg
0.3614,1,T2025_01874.jpg,T2025_02764.jpg
0.1923,1,T2025_02357.jpg,T2025_01374.jpg
0.2432,1,T2025_02230.jpg,T2025_00091.jpg
0.0722,0,T2025_02041.jpg,T2025_03093.jpg
0.4277,0,T2025_01453.jpg,T2025_02330.jpg
0.2737,1,T2025_00573.jpg,T2025_00571.jpg
0.4558,0,T2025_00594.jpg,T2025_01433.jpg
0.2637,0,T2025_00251.jpg,T2025_00142.jpg
0.7593,0,T2025_00253.jpg,T2025_00790.jpg
0.0121,0,T2025_01001.jpg,T2025_01038.jpg
0.0904,1,T2025_02101.jpg,T2025_00797.jpg
0.1416,1,T2025_02683.jpg,T2025_00285.jpg
0.2478,1,T2025_01522.jpg,T2025_02669.jpg
0.6713,1,T2025_00878.jpg,T2025_00820.jpg
0.2424,0,T2025_02904.jpg,T2025_01335.jpg
0.0892,0,T2025_02085.jpg,T2025_02277.jpg
0.5240,1,T2025_00519.jpg,T2025_00914.jpg
0.7105,1,T2025_02556.jpg,T2025_02917.jpg
0.4580,0,T2025_01417.jpg,T2025_01161.jpg
0.0532,0,T2025_02251.jpg,T2025_00601.jpg
0.1648,0,T2025_00836.jpg,T2025_02339.jpg
0.7915,0,T2025_02143.jpg,T2025_00506.jpg
0.3996,1,T2025_02541.jpg,T2025_01251.jpg
0.2518,1,T2025_02579.jpg,T2025_02200.jpg
0.0327,0,T2025_02326.jpg,T2025_02351.jpg
0.5627,1,T2025_01877.jpg,T2025_01277.jpg
0.2129,1,T2025_00866.jpg,T2025_02053.jpg
0.0918,1,T2025_00979.jpg,T2025_01515.jpg
0.3116,0,T2025_00156.jpg,T2025_02120.jpg
0.2760,1,T2025_03001.jpg,T2025_00832.jpg
0.1741,0,T2025_02287.jpg,T2025_02250.jpg
-0.0642,0,T2025_01494.jpg,T2025_01987.jpg
0.5846,0,T2025_02208.jpg,T2025_02964.jpg
0.1442,1,T2025_01421.jpg,T2025_01659.jpg
0.0484,0,T2025_01316.jpg,T2025_02792.jpg
0.1265,1,T2025_03018.jpg,T2025_02209.jpg
0.1083,1,T2025_00168.jpg,T2025_01110.jpg
0.2037,1,T2025_00607.jpg,T2025_01742.jpg
-0.0164,1,T2025_01901.jpg,T2025_01683.jpg
-0.0558,1,T2025_02729.jpg,T2025_01767.jpg
0.4206,1,T2025_00884.jpg,T2025_02508.jpg
0.3521,0,T2025_01276.jpg,T2025_02313.jpg
0.4047,0,T2025_01997.jpg,T2025_00294.jpg
-0.0120,1,T2025_00352.jpg,T2025_00186.jpg
0.3955,1,T2025_01368.jpg,T2025_01477.jpg
0.4760,1,T2025_02849.jpg,T2025_02740.jpg
0.1864,1,T2025_00073.jpg,T2025_00634.jpg
0.2760,1,T2025_02239.jpg,T2025_01058.jpg
0.8159,1,T2025_02034.jpg,T2025_03054.jpg
0.0485,1,T2025_01969.jpg,T2025_00145.jpg
0.3958,0,T2025_00262.jpg,T2025_00294.jpg
0.4476,0,T2025_03102.jpg,T2025_01458.jpg
-0.0356,1,T2025_02292.jpg,T2025_03055.jpg
0.1185,1,T2025_00865.jpg,T2025_00460.jpg
0.6430,1,T2025_03008.jpg,T2025_00923.jpg
0.1706,0,T2025_02402.jpg,T2025_01733.jpg
0.0906,1,T2025_02983.jpg,T2025_01726.jpg
0.1008,0,T2025_02986.jpg,T2025_01671.jpg
0.3915,0,T2025_01122.jpg,T2025_00476.jpg
0.1632,0,T2025_00231.jpg,T2025_02359.jpg
-0.0439,0,T2025_02656.jpg,T2025_01910.jpg
0.8552,0,T2025_00502.jpg,T2025_01386.jpg
0.3805,0,T2025_00830.jpg,T2025_01235.jpg
0.7813,1,T2025_02875.jpg,T2025_02243.jpg
0.3958,0,T2025_00348.jpg,T2025_00456.jpg
0.7585,1,T2025_02173.jpg,T2025_01526.jpg
0.2165,1,T2025_01407.jpg,T2025_01767.jpg
0.3052,0,T2025_01575.jpg,T2025_01061.jpg
0.2197,1,T2025_00958.jpg,T2025_01742.jpg
-0.0036,1,T2025_01840.jpg,T2025_01200.jpg
0.4640,0,T2025_02009.jpg,T2025_01340.jpg
0.1230,1,T2025_00111.jpg,T2025_01097.jpg
0.1907,1,T2025_00696.jpg,T2025_01008.jpg
-0.0116,0,T2025_00091.jpg,T2025_02798.jpg
-0.0396,0,T2025_02556.jpg,T2025_02554.jpg
0.8378,0,T2025_01496.jpg,T2025_02622.jpg
0.1153,1,T2025_00181.jpg,T2025_03041.jpg
0.0639,0,T2025_01011.jpg,T2025_01173.jpg
0.2842,1,T2025_00515.jpg,T2025_00213.jpg
0.1494,1,T2025_00064.jpg,T2025_01597.jpg
0.2112,1,T2025_01084.jpg,T2025_01023.jpg
0.6555,0,T2025_02278.jpg,T2025_00636.jpg
0.1824,0,T2025_02921.jpg,T2025_01293.jpg
0.4632,0,T2025_01805.jpg,T2025_01774.jpg
0.5800,1,T2025_00792.jpg,T2025_00429.jpg
0.4830,1,T2025_01127.jpg,T2025_02100.jpg
0.0103,1,T2025_01726.jpg,T2025_01766.jpg
0.1182,1,T2025_00025.jpg,T2025_02237.jpg
0.1076,1,T2025_00759.jpg,T2025_01229.jpg
0.0921,1,T2025_00796.jpg,T2025_00041.jpg
0.0791,1,T2025_00853.jpg,T2025_01866.jpg
0.3686,1,T2025_01094.jpg,T2025_00391.jpg
0.5088,0,T2025_00540.jpg,T2025_00006.jpg
0.7463,1,T2025_00226.jpg,T2025_00457.jpg
-0.1862,0,T2025_00056.jpg,T2025_01229.jpg
0.2344,0,T2025_02698.jpg,T2025_01744.jpg
0.1843,0,T2025_02792.jpg,T2025_02802.jpg
0.2365,0,T2025_01983.jpg,T2025_00928.jpg
0.1575,1,T2025_01880.jpg,T2025_02361.jpg
0.0721,0,T2025_00982.jpg,T2025_02050.jpg
0.3298,0,T2025_00702.jpg,T2025_02159.jpg
0.1480,0,T2025_01915.jpg,T2025_00390.jpg
0.7856,1,T2025_00649.jpg,T2025_00528.jpg
0.0169,0,T2025_00199.jpg,T2025_01215.jpg
0.1856,0,T2025_01120.jpg,T2025_00615.jpg
0.3264,1,T2025_02334.jpg,T2025_00070.jpg
0.0652,1,T2025_01690.jpg,T2025_00409.jpg
0.1865,0,T2025_00610.jpg,T2025_01627.jpg
0.7307,0,T2025_00022.jpg,T2025_02435.jpg
0.0480,1,T2025_01390.jpg,T2025_01987.jpg
0.0872,0,T2025_01899.jpg,T2025_02012.jpg
0.7174,0,T2025_00959.jpg,T2025_02036.jpg
0.8761,1,T2025_00921.jpg,T2025_02871.jpg
0.1733,1,T2025_00488.jpg,T2025_00077.jpg
0.2332,1,T2025_01459.jpg,T2025_02175.jpg
0.5706,1,T2025_01071.jpg,T2025_01279.jpg
0.3978,1,T2025_01604.jpg,T2025_00729.jpg
0.5716,0,T2025_02465.jpg,T2025_00057.jpg
0.4018,1,T2025_02215.jpg,T2025_00402.jpg
0.2215,1,T2025_00555.jpg,T2025_02607.jpg
0.2721,1,T2025_02872.jpg,T2025_00856.jpg
-0.0219,0,T2025_00396.jpg,T2025_00453.jpg
0.2916,0,T2025_01939.jpg,T2025_02829.jpg
0.5309,1,T2025_02158.jpg,T2025_00016.jpg
0.0561,1,T2025_01463.jpg,T2025_01752.jpg
0.1055,1,T2025_02062.jpg,T2025_00174.jpg
0.5403,1,T2025_00735.jpg,T2025_00341.jpg
-0.0791,0,T2025_02526.jpg,T2025_02324.jpg
0.0987,1,T2025_02308.jpg,T2025_02641.jpg
0.1561,1,T2025_00068.jpg,T2025_01709.jpg
0.4601,0,T2025_02249.jpg,T2025_00822.jpg
0.3244,1,T2025_00006.jpg,T2025_00315.jpg
0.3740,1,T2025_01111.jpg,T2025_02826.jpg
-0.0235,0,T2025_00340.jpg,T2025_01592.jpg
0.7428,0,T2025_02160.jpg,T2025_01274.jpg
0.0556,0,T2025_00656.jpg,T2025_03097.jpg
0.6862,0,T2025_00436.jpg,T2025_01061.jpg
0.4259,0,T2025_02604.jpg,T2025_01495.jpg
0.4815,1,T2025_03082.jpg,T2025_00216.jpg
0.0447,1,T2025_03048.jpg,T2025_01401.jpg
0.3023,0,T2025_01337.jpg,T2025_00803.jpg
-0.0410,0,T2025_02056.jpg,T2025_02102.jpg
0.4633,1,T2025_02935.jpg,T2025_03005.jpg
0.6784,0,T2025_02875.jpg,T2025_02166.jpg
0.0535,1,T2025_01902.jpg,T2025_03054.jpg
1.0000,1,T2025_01247.jpg,T2025_01247.jpg
0.2961,0,T2025_01909.jpg,T2025_00124.jpg
0.1653,1,T2025_01420.jpg,T2025_02081.jpg
0.2827,1,T2025_00983.jpg,T2025_02120.jpg
-0.0875,1,T2025_01923.jpg,T2025_01432.jpg
0.1069,0,T2025_00572.jpg,T2025_00172.jpg
0.0635,0,T2025_00114.jpg,T2025_02477.jpg
0.0921,0,T2025_00680.jpg,T2025_02814.jpg
1.0000,0,T2025_01847.jpg,T2025_01847.jpg
0.1295,1,T2025_01479.jpg,T2025_01887.jpg
0.0082,0,T2025_01659.jpg,T2025_01118.jpg
0.1291,1,T2025_01180.jpg,T2025_00901.jpg
0.1412,0,T2025_02892.jpg,T2025_00812.jpg
0.0371,1,T2025_00252.jpg,T2025_02776.jpg
0.2799,1,T2025_00156.jpg,T2025_00339.jpg
0.1272,0,T2025_00338.jpg,T2025_00596.jpg
0.3133,0,T2025_01153.jpg,T2025_00669.jpg
0.4899,0,T2025_00298.jpg,T2025_01529.jpg
0.3869,1,T2025_01336.jpg,T2025_00546.jpg
0.2897,0,T2025_00260.jpg,T2025_01655.jpg
0.4351,1,T2025_01381.jpg,T2025_00573.jpg
0.4128,0,T2025_00312.jpg,T2025_00261.jpg
0.1656,1,T2025_02818.jpg,T2025_00795.jpg
0.6054,0,T2025_02189.jpg,T2025_00473.jpg
0.2409,1,T2025_00767.jpg,T2025_00137.jpg
0.1746,1,T2025_02943.jpg,T2025_00546.jpg
0.1587,0,T2025_00545.jpg,T2025_00207.jpg
0.3281,0,T2025_02123.jpg,T2025_01945.jpg
0.7013,1,T2025_02250.jpg,T2025_03101.jpg
0.3177,1,T2025_02482.jpg,T2025_02100.jpg
0.6984,0,T2025_01424.jpg,T2025_02022.jpg
0.3667,0,T2025_00372.jpg,T2025_01172.jpg
0.0398,1,T2025_01860.jpg,T2025_01952.jpg
0.0902,0,T2025_00317.jpg,T2025_00036.jpg
0.3657,0,T2025_00103.jpg,T2025_00664.jpg
0.5350,1,T2025_02714.jpg,T2025_01231.jpg
-0.0364,0,T2025_01808.jpg,T2025_00527.jpg
0.0508,0,T2025_00032.jpg,T2025_01035.jpg
0.4347,0,T2025_02347.jpg,T2025_01834.jpg
0.2556,1,T2025_01168.jpg,T2025_02921.jpg
0.2825,1,T2025_00124.jpg,T2025_00390.jpg
0.5296,1,T2025_00502.jpg,T2025_00405.jpg
0.5554,1,T2025_00837.jpg,T2025_03100.jpg
0.1813,0,T2025_02253.jpg,T2025_00588.jpg
-0.1455,0,T2025_02196.jpg,T2025_00567.jpg
0.1712,0,T2025_01815.jpg,T2025_00503.jpg
0.2020,1,T2025_01368.jpg,T2025_00778.jpg
0.1989,1,T2025_01787.jpg,T2025_02318.jpg
0.4446,0,T2025_02126.jpg,T2025_02440.jpg
0.3722,0,T2025_02923.jpg,T2025_02467.jpg
0.7854,0,T2025_00440.jpg,T2025_00185.jpg
0.2027,0,T2025_00895.jpg,T2025_02545.jpg
0.4004,1,T2025_02974.jpg,T2025_02187.jpg
0.1845,1,T2025_01151.jpg,T2025_01647.jpg
0.5177,1,T2025_02662.jpg,T2025_02652.jpg
-0.1331,0,T2025_00753.jpg,T2025_01681.jpg
0.7239,0,T2025_00066.jpg,T2025_02401.jpg
0.2065,1,T2025_01926.jpg,T2025_02987.jpg
-0.1501,1,T2025_01006.jpg,T2025_00188.jpg
0.5099,1,T2025_01596.jpg,T2025_02595.jpg
0.7527,1,T2025_02687.jpg,T2025_02299.jpg
0.6235,0,T2025_00827.jpg,T2025_02353.jpg
0.7069,1,T2025_00198.jpg,T2025_02758.jpg
-0.0468,1,T2025_02876.jpg,T2025_02637.jpg
0.3500,1,T2025_01661.jpg,T2025_00879.jpg
0.1138,0,T2025_02545.jpg,T2025_00768.jpg
0.4532,1,T2025_01617.jpg,T2025_00966.jpg
0.6847,1,T2025_02921.jpg,T2025_00391.jpg
0.4403,0,T2025_00572.jpg,T2025_02844.jpg
0.3574,1,T2025_01782.jpg,T2025_02219.jpg
0.8818,1,T2025_01334.jpg,T2025_02625.jpg
-0.0237,1,T2025_02825.jpg,T2025_01306.jpg
0.5650,1,T2025_01932.jpg,T2025_02505.jpg
0.0468,1,T2025_02146.jpg,T2025_01148.jpg
0.3027,0,T2025_00844.jpg,T2025_02064.jpg
0.8344,0,T2025_02774.jpg,T2025_00005.jpg
0.2437,1,T2025_01706.jpg,T2025_00495.jpg
0.8182,1,T2025_01892.jpg,T2025_01911.jpg
0.0481,1,T2025_02217.jpg,T2025_01319.jpg
0.2258,0,T2025_00287.jpg,T2025_02730.jpg
0.3755,1,T2025_00166.jpg,T2025_00249.jpg
0.1364,0,T2025_02780.jpg,T2025_03095.jpg
0.5561,0,T2025_01761.jpg,T2025_02582.jpg
0.5460,0,T2025_02056.jpg,T2025_01620.jpg
0.7861,1,T2025_01036.jpg,T2025_00370.jpg
0.9083,1,T2025_01743.jpg,T2025_02788.jpg
0.4972,0,T2025_02645.jpg,T2025_01465.jpg
0.1576,1,T2025_02147.jpg,T2025_02701.jpg
0.1545,1,T2025_01515.jpg,T2025_00760.jpg
0.3951,1,T2025_01164.jpg,T2025_01826.jpg
0.2754,0,T2025_01756.jpg,T2025_01762.jpg
-0.0258,0,T2025_01009.jpg,T2025_00622.jpg
0.2531,0,T2025_02785.jpg,T2025_01043.jpg
0.2079,0,T2025_00604.jpg,T2025_00235.jpg
0.4062,1,T2025_01500.jpg,T2025_00458.jpg
0.1792,0,T2025_00234.jpg,T2025_01128.jpg
0.2954,1,T2025_00060.jpg,T2025_00032.jpg
0.6621,1,T2025_00292.jpg,T2025_01506.jpg
0.2300,0,T2025_02208.jpg,T2025_02935.jpg
0.1973,0,T2025_00388.jpg,T2025_02751.jpg
-0.0770,1,T2025_03069.jpg,T2025_00432.jpg
0.2391,0,T2025_01023.jpg,T2025_00254.jpg
0.3740,1,T2025_00707.jpg,T2025_02726.jpg
-0.0481,0,T2025_00286.jpg,T2025_01917.jpg
0.6524,0,T2025_03046.jpg,T2025_01071.jpg
0.2730,0,T2025_01912.jpg,T2025_01587.jpg
0.6024,1,T2025_00897.jpg,T2025_01585.jpg
0.8104,0,T2025_00901.jpg,T2025_02928.jpg
0.3564,0,T2025_02433.jpg,T2025_00346.jpg
0.6006,1,T2025_01043.jpg,T2025_01581.jpg
0.4856,1,T2025_00107.jpg,T2025_00870.jpg
0.7912,0,T2025_02429.jpg,T2025_02368.jpg
0.2351,1,T2025_02689.jpg,T2025_01341.jpg
-0.0300,1,T2025_02886.jpg,T2025_00707.jpg
-0.0140,1,T2025_01167.jpg,T2025_01837.jpg
0.6716,1,T2025_00000.jpg,T2025_02183.jpg
0.0507,0,T2025_01348.jpg,T2025_00975.jpg
0.7030,1,T2025_01286.jpg,T2025_02124.jpg
0.1580,1,T2025_00760.jpg,T2025_00554.jpg
0.3952,0,T2025_02414.jpg,T2025_03023.jpg
0.0821,1,T2025_02438.jpg,T2025_00176.jpg
0.3434,0,T2025_01050.jpg,T2025_02855.jpg
0.3306,1,T2025_00889.jpg,T2025_01928.jpg
0.0978,1,T2025_01329.jpg,T2025_02080.jpg
0.0564,1,T2025_01763.jpg,T2025_01333.jpg
0.6101,0,T2025_00090.jpg,T2025_00036.jpg
0.1783,0,T2025_03075.jpg,T2025_02112.jpg
0.2211,1,T2025_01322.jpg,T2025_00119.jpg
0.5971,0,T2025_02709.jpg,T2025_02230.jpg
0.1218,1,T2025_01527.jpg,T2025_01089.jpg
0.4087,0,T2025_00797.jpg,T2025_01937.jpg
0.8720,0,T2025_00938.jpg,T2025_01437.jpg
0.0968,1,T2025_02983.jpg,T2025_01869.jpg
0.4169,0,T2025_02125.jpg,T2025_02770.jpg
0.2891,1,T2025_00913.jpg,T2025_00926.jpg
0.5752,0,T2025_01648.jpg,T2025_02353.jpg
0.3747,0,T2025_02797.jpg,T2025_00403.jpg
0.1895,1,T2025_00903.jpg,T2025_02001.jpg
0.4696,1,T2025_00212.jpg,T2025_00815.jpg
0.4598,1,T2025_00016.jpg,T2025_01913.jpg
0.5427,1,T2025_00097.jpg,T2025_00103.jpg
0.6588,0,T2025_01956.jpg,T2025_01198.jpg
0.1495,0,T2025_02818.jpg,T2025_02395.jpg
-0.0241,0,T2025_02864.jpg,T2025_02239.jpg
0.0152,0,T2025_02252.jpg,T2025_01055.jpg
0.1590,1,T2025_00475.jpg,T2025_00188.jpg
0.6541,1,T2025_01022.jpg,T2025_01832.jpg
-0.0489,0,T2025_02500.jpg,T2025_01975.jpg
0.0830,0,T2025_00123.jpg,T2025_01029.jpg
0.0910,0,T2025_01028.jpg,T2025_00918.jpg
0.5335,1,T2025_00955.jpg,T2025_00142.jpg
0.8516,0,T2025_00693.jpg,T2025_00005.jpg
-0.1799,0,T2025_02338.jpg,T2025_01708.jpg
0.1245,1,T2025_01500.jpg,T2025_02009.jpg
0.4527,1,T2025_02853.jpg,T2025_02923.jpg
0.4642,0,T2025_01980.jpg,T2025_01622.jpg
0.4600,1,T2025_01411.jpg,T2025_01803.jpg
0.2183,1,T2025_01678.jpg,T2025_02257.jpg
0.3365,0,T2025_01322.jpg,T2025_02326.jpg
-0.1257,1,T2025_02185.jpg,T2025_01252.jpg
0.1481,1,T2025_02128.jpg,T2025_02605.jpg
0.5258,1,T2025_02602.jpg,T2025_00406.jpg
0.1821,1,T2025_02170.jpg,T2025_02881.jpg
0.3897,1,T2025_01919.jpg,T2025_02585.jpg
0.8812,0,T2025_02006.jpg,T2025_00680.jpg
0.3888,1,T2025_01048.jpg,T2025_01149.jpg
0.0717,0,T2025_02199.jpg,T2025_01602.jpg
0.4179,1,T2025_02662.jpg,T2025_03059.jpg
0.5215,0,T2025_00382.jpg,T2025_00671.jpg
0.4449,1,T2025_02702.jpg,T2025_01763.jpg
0.2397,1,T2025_01802.jpg,T2025_00547.jpg
0.3404,0,T2025_00568.jpg,T2025_01587.jpg
0.3350,1,T2025_02545.jpg,T2025_00459.jpg
0.3621,1,T2025_02457.jpg,T2025_01248.jpg
0.3558,1,T2025_00260.jpg,T2025_00415.jpg
0.0050,0,T2025_00598.jpg,T2025_00658.jpg
0.6012,0,T2025_01548.jpg,T2025_02982.jpg
0.7340,0,T2025_00953.jpg,T2025_02817.jpg
0.2416,0,T2025_01844.jpg,T2025_01131.jpg
0.2892,0,T2025_02594.jpg,T2025_01257.jpg
0.1614,0,T2025_02115.jpg,T2025_02422.jpg
0.3872,1,T2025_02525.jpg,T2025_02492.jpg
0.5200,0,T2025_01602.jpg,T2025_01488.jpg
0.3652,1,T2025_01327.jpg,T2025_02324.jpg
0.7563,0,T2025_02953.jpg,T2025_02252.jpg
0.2186,1,T2025_01733.jpg,T2025_00551.jpg
0.0385,0,T2025_00566.jpg,T2025_01161.jpg
0.5673,1,T2025_02484.jpg,T2025_01764.jpg
0.0786,1,T2025_02526.jpg,T2025_02350.jpg
0.4853,1,T2025_02180.jpg,T2025_02155.jpg
0.6158,1,T2025_00619.jpg,T2025_02881.jpg
0.1932,1,T2025_02821.jpg,T2025_02413.jpg
0.6526,0,T2025_02110.jpg,T2025_00693.jpg
0.3981,0,T2025_01817.jpg,T2025_01066.jpg
0.1602,0,T2025_00249.jpg,T2025_02190.jpg
0.5592,1,T2025_00383.jpg,T2025_00829.jpg
0.3578,0,T2025_01552.jpg,T2025_00322.jpg
0.7241,0,T2025_01953.jpg,T2025_02600.jpg
0.7385,1,T2025_02338.jpg,T2025_00344.jpg
0.0066,1,T2025_01329.jpg,T2025_02983.jpg
0.4049,0,T2025_02354.jpg,T2025_00116.jpg
0.0978,1,T2025_01786.jpg,T2025_01028.jpg
-0.0837,0,T2025_02311.jpg,T2025_00254.jpg
0.0146,1,T2025_01760.jpg,T2025_00127.jpg
0.5114,0,T2025_00447.jpg,T2025_00683.jpg
0.1134,0,T2025_00556.jpg,T2025_00360.jpg
0.7721,0,T2025_00440.jpg,T2025_00132.jpg
0.5959,1,T2025_02924.jpg,T2025_02243.jpg
0.3940,0,T2025_03071.jpg,T2025_00710.jpg
0.4554,0,T2025_00493.jpg,T2025_00910.jpg
0.0849,0,T2025_02749.jpg,T2025_00078.jpg
0.5449,1,T2025_02934.jpg,T2025_00287.jpg
0.2851,1,T2025_00203.jpg,T2025_00123.jpg
0.0444,0,T2025_00487.jpg,T2025_02008.jpg
0.4755,1,T2025_01161.jpg,T2025_02424.jpg
0.6883,0,T2025_03000.jpg,T2025_02592.jpg
0.3787,1,T2025_00915.jpg,T2025_03032.jpg
0.3086,1,T2025_01354.jpg,T2025_01043.jpg
0.5570,1,T2025_02871.jpg,T2025_00691.jpg
0.2864,0,T2025_00969.jpg,T2025_01740.jpg
0.2384,1,T2025_02492.jpg,T2025_02413.jpg
0.0412,1,T2025_00705.jpg,T2025_00566.jpg
0.8702,0,T2025_01739.jpg,T2025_00275.jpg
0.4717,1,T2025_00629.jpg,T2025_01486.jpg
0.6346,0,T2025_02531.jpg,T2025_02622.jpg
-0.1086,1,T2025_02285.jpg,T2025_02177.jpg
0.0705,0,T2025_01368.jpg,T2025_02863.jpg
0.2286,1,T2025_00435.jpg,T2025_00629.jpg
0.0684,1,T2025_02847.jpg,T2025_02756.jpg
0.5182,0,T2025_02461.jpg,T2025_01069.jpg
0.5792,1,T2025_01824.jpg,T2025_02576.jpg
-0.0871,1,T2025_01252.jpg,T2025_03095.jpg
0.0251,0,T2025_01425.jpg,T2025_00924.jpg
0.1624,1,T2025_01599.jpg,T2025_02627.jpg
0.3510,1,T2025_00572.jpg,T2025_00331.jpg
0.0720,1,T2025_00752.jpg,T2025_00730.jpg
0.3852,0,T2025_02876.jpg,T2025_01308.jpg
0.3088,0,T2025_01662.jpg,T2025_02168.jpg
0.1766,1,T2025_03035.jpg,T2025_01902.jpg
0.0561,0,T2025_01920.jpg,T2025_02378.jpg
0.1264,0,T2025_02917.jpg,T2025_00061.jpg
0.2056,1,T2025_02009.jpg,T2025_00247.jpg
0.2804,1,T2025_02169.jpg,T2025_02764.jpg
0.5987,0,T2025_00471.jpg,T2025_01093.jpg
0.0676,1,T2025_02691.jpg,T2025_00234.jpg
0.1740,0,T2025_01369.jpg,T2025_01775.jpg
0.3492,0,T2025_00390.jpg,T2025_00421.jpg
0.4163,1,T2025_00626.jpg,T2025_02691.jpg
0.4153,1,T2025_02761.jpg,T2025_02894.jpg
0.1092,0,T2025_00665.jpg,T2025_00185.jpg
0.1770,0,T2025_00841.jpg,T2025_00784.jpg
0.0409,0,T2025_01394.jpg,T2025_03014.jpg
0.4955,1,T2025_01187.jpg,T2025_00199.jpg
0.1038,1,T2025_01553.jpg,T2025_00010.jpg
-0.1029,1,T2025_02160.jpg,T2025_00257.jpg
0.7973,1,T2025_01857.jpg,T2025_00992.jpg
0.6312,1,T2025_02597.jpg,T2025_01187.jpg
0.0922,0,T2025_01278.jpg,T2025_00052.jpg
0.0349,0,T2025_00877.jpg,T2025_00749.jpg
0.4668,0,T2025_00790.jpg,T2025_02199.jpg
0.2429,1,T2025_00665.jpg,T2025_01655.jpg
0.0748,0,T2025_01415.jpg,T2025_00280.jpg
0.0547,0,T2025_01630.jpg,T2025_02911.jpg
0.2279,1,T2025_01525.jpg,T2025_01697.jpg
0.4213,1,T2025_01566.jpg,T2025_02709.jpg
0.3305,0,T2025_01489.jpg,T2025_02036.jpg
-0.0913,1,T2025_01538.jpg,T2025_01774.jpg
0.6894,0,T2025_02755.jpg,T2025_00522.jpg
0.6130,0,T2025_00173.jpg,T2025_02765.jpg
0.6539,0,T2025_00308.jpg,T2025_02311.jpg
0.7328,0,T2025_02204.jpg,T2025_02936.jpg
0.6313,0,T2025_00636.jpg,T2025_01221.jpg
-0.0352,0,T2025_02255.jpg,T2025_02765.jpg
0.1911,0,T2025_01217.jpg,T2025_00939.jpg
0.2336,1,T2025_03100.jpg,T2025_01363.jpg
0.3640,0,T2025_01323.jpg,T2025_01257.jpg
0.0624,1,T2025_00478.jpg,T2025_00879.jpg
0.2350,1,T2025_01643.jpg,T2025_03095.jpg
0.7831,0,T2025_00757.jpg,T2025_01225.jpg
0.4981,1,T2025_01729.jpg,T2025_02775.jpg
-0.1190,0,T2025_03022.jpg,T2025_01039.jpg
0.0244,1,T2025_02664.jpg,T2025_02468.jpg
0.0771,0,T2025_01381.jpg,T2025_01514.jpg
0.7118,0,T2025_02952.jpg,T2025_01241.jpg
0.4834,1,T2025_00461.jpg,T2025_02191.jpg
0.7913,0,T2025_00117.jpg,T2025_00774.jpg
0.2599,0,T2025_01317.jpg,T2025_02706.jpg
0.6333,1,T2025_03062.jpg,T2025_01636.jpg
0.4550,0,T2025_00655.jpg,T2025_00364.jpg
0.4808,0,T2025_01954.jpg,T2025_01147.jpg
0.4708,1,T2025_02071.jpg,T2025_02134.jpg
0.6365,1,T2025_00094.jpg,T2025_00510.jpg
0.5986,1,T2025_00471.jpg,T2025_02018.jpg
-0.0486,1,T2025_02746.jpg,T2025_00246.jpg
0.5161,1,T2025_03026.jpg,T2025_00741.jpg
0.2538,1,T2025_02800.jpg,T2025_00260.jpg
0.4100,1,T2025_01831.jpg,T2025_03051.jpg
0.5023,0,T2025_02057.jpg,T2025_00883.jpg
0.0998,1,T2025_02301.jpg,T2025_01128.jpg
0.4566,0,T2025_02033.jpg,T2025_00427.jpg
0.1832,0,T2025_01796.jpg,T2025_00232.jpg
0.1139,0,T2025_00351.jpg,T2025_00770.jpg
0.5233,1,T2025_02014.jpg,T2025_01989.jpg
0.2514,0,T2025_00073.jpg,T2025_01695.jpg
0.2529,1,T2025_01536.jpg,T2025_00326.jpg
0.3189,0,T2025_01883.jpg,T2025_02246.jpg
0.5177,1,T2025_00538.jpg,T2025_00111.jpg
0.2346,0,T2025_00451.jpg,T2025_01356.jpg
0.4906,0,T2025_01627.jpg,T2025_01860.jpg
0.0456,1,T2025_02369.jpg,T2025_02446.jpg
0.7471,1,T2025_01556.jpg,T2025_02040.jpg
0.0568,1,T2025_00901.jpg,T2025_00419.jpg
0.5338,1,T2025_01296.jpg,T2025_02547.jpg
0.0717,0,T2025_01948.jpg,T2025_01478.jpg
0.2004,0,T2025_02621.jpg,T2025_02945.jpg
0.0659,1,T2025_02592.jpg,T2025_00229.jpg
-0.0389,1,T2025_00093.jpg,T2025_02562.jpg
0.1460,0,T2025_01315.jpg,T2025_01008.jpg
-0.0766,1,T2025_01172.jpg,T2025_01843.jpg
-0.2034,0,T2025_00108.jpg,T2025_03061.jpg
0.2076,0,T2025_00317.jpg,T2025_01877.jpg
0.4041,0,T2025_00660.jpg,T2025_02109.jpg
0.1186,1,T2025_01530.jpg,T2025_00818.jpg
-0.0129,0,T2025_02201.jpg,T2025_00104.jpg
0.5704,1,T2025_01987.jpg,T2025_02934.jpg
0.4051,0,T2025_00192.jpg,T2025_02043.jpg
0.3529,1,T2025_00901.jpg,T2025_01009.jpg
0.0566,0,T2025_02241.jpg,T2025_00571.jpg
0.2338,0,T2025_02806.jpg,T2025_01169.jpg
0.5602,1,T2025_00481.jpg,T2025_00828.jpg
0.4487,1,T2025_02058.jpg,T2025_00623.jpg
0.2184,0,T2025_00460.jpg,T2025_00789.jpg
0.5957,1,T2025_01270.jpg,T2025_02426.jpg
0.0798,0,T2025_02488.jpg,T2025_02962.jpg
0.1142,1,T2025_00678.jpg,T2025_00323.jpg
0.2464,0,T2025_02988.jpg,T2025_02027.jpg
0.1219,0,T2025_02587.jpg,T2025_02942.jpg
0.1139,1,T2025_01139.jpg,T2025_01927.jpg
0.7498,1,T2025_00064.jpg,T2025_01935.jpg
0.1734,1,T2025_02839.jpg,T2025_01212.jpg
0.7087,1,T2025_01064.jpg,T2025_02679.jpg
-0.0033,1,T2025_01642.jpg,T2025_00868.jpg
0.1779,0,T2025_02802.jpg,T2025_02184.jpg
0.2412,0,T2025_02703.jpg,T2025_01298.jpg
0.3723,1,T2025_01010.jpg,T2025_00567.jpg
0.2220,1,T2025_00662.jpg,T2025_02759.jpg
0.5642,1,T2025_00518.jpg,T2025_02215.jpg
0.2856,0,T2025_02340.jpg,T2025_00996.jpg
0.5015,0,T2025_00432.jpg,T2025_02324.jpg
0.2568,1,T2025_02064.jpg,T2025_01117.jpg
0.0915,1,T2025_01003.jpg,T2025_00342.jpg
0.1096,1,T2025_02028.jpg,T2025_02068.jpg
0.0903,0,T2025_03055.jpg,T2025_02686.jpg
0.1991,1,T2025_00801.jpg,T2025_02003.jpg
0.3943,1,T2025_02886.jpg,T2025_02053.jpg
0.6698,1,T2025_00420.jpg,T2025_02174.jpg
-0.0815,1,T2025_01604.jpg,T2025_03016.jpg
0.3081,0,T2025_01536.jpg,T2025_00870.jpg
0.6644,0,T2025_02258.jpg,T2025_01985.jpg
0.1373,0,T2025_00854.jpg,T2025_02949.jpg
-0.1262,1,T2025_02011.jpg,T2025_02468.jpg
0.1302,1,T2025_01992.jpg,T2025_00513.jpg
0.3757,0,T2025_02214.jpg,T2025_03033.jpg
0.1310,1,T2025_02014.jpg,T2025_01869.jpg
0.4692,1,T2025_00437.jpg,T2025_02591.jpg
0.3518,0,T2025_01646.jpg,T2025_02040.jpg
0.2814,0,T2025_00461.jpg,T2025_00506.jpg
0.0493,1,T2025_00584.jpg,T2025_02049.jpg
0.3170,1,T2025_00985.jpg,T2025_00383.jpg
0.3215,1,T2025_01917.jpg,T2025_00922.jpg
0.4791,1,T2025_00786.jpg,T2025_02332.jpg
0.6724,0,T2025_00473.jpg,T2025_01472.jpg
0.2195,1,T2025_02012.jpg,T2025_02504.jpg
0.1643,0,T2025_01530.jpg,T2025_01287.jpg
0.0788,1,T2025_00024.jpg,T2025_02955.jpg
0.3056,0,T2025_01216.jpg,T2025_02870.jpg
0.5410,1,T2025_00893.jpg,T2025_00317.jpg
0.0743,1,T2025_00256.jpg,T2025_01821.jpg
0.0995,1,T2025_00597.jpg,T2025_00079.jpg
0.4652,1,T2025_00729.jpg,T2025_03086.jpg
-0.1726,1,T2025_01702.jpg,T2025_00531.jpg
0.2686,0,T2025_02165.jpg,T2025_03078.jpg
0.2749,1,T2025_00885.jpg,T2025_00000.jpg
0.3660,0,T2025_01854.jpg,T2025_01230.jpg
0.2965,1,T2025_00040.jpg,T2025_00087.jpg
0.0611,0,T2025_01195.jpg,T2025_02141.jpg
0.4287,1,T2025_01110.jpg,T2025_00037.jpg
0.8084,1,T2025_02700.jpg,T2025_01528.jpg
0.2246,1,T2025_02824.jpg,T2025_01107.jpg
0.0590,0,T2025_00910.jpg,T2025_01930.jpg
0.3295,1,T2025_00344.jpg,T2025_02761.jpg
0.0108,1,T2025_01492.jpg,T2025_01042.jpg
0.2329,1,T2025_00403.jpg,T2025_00176.jpg
-0.0706,1,T2025_01426.jpg,T2025_00241.jpg
0.4783,0,T2025_00365.jpg,T2025_02281.jpg
0.0684,0,T2025_00209.jpg,T2025_00598.jpg
0.0128,0,T2025_02331.jpg,T2025_00404.jpg
0.2655,0,T2025_01922.jpg,T2025_02387.jpg
0.6163,0,T2025_00065.jpg,T2025_02484.jpg
0.3236,0,T2025_01077.jpg,T2025_02240.jpg
0.4824,1,T2025_00601.jpg,T2025_00202.jpg
0.1746,0,T2025_01377.jpg,T2025_02558.jpg
0.4931,1,T2025_00358.jpg,T2025_01396.jpg
0.5661,0,T2025_02964.jpg,T2025_00077.jpg
0.2146,1,T2025_02398.jpg,T2025_02254.jpg
-0.1079,1,T2025_01756.jpg,T2025_00930.jpg
0.0464,1,T2025_00263.jpg,T2025_02965.jpg
0.3121,0,T2025_00919.jpg,T2025_00948.jpg
0.6176,1,T2025_00336.jpg,T2025_01747.jpg
0.0080,1,T2025_00287.jpg,T2025_02915.jpg
0.2642,1,T2025_01241.jpg,T2025_02073.jpg
0.1386,1,T2025_01941.jpg,T2025_00079.jpg
0.0649,1,T2025_01015.jpg,T2025_00640.jpg
0.0210,1,T2025_01310.jpg,T2025_00969.jpg
0.3784,1,T2025_03094.jpg,T2025_02972.jpg
0.4874,1,T2025_00909.jpg,T2025_01625.jpg
0.6915,0,T2025_02967.jpg,T2025_03081.jpg
0.0506,1,T2025_00919.jpg,T2025_02225.jpg
-0.0090,1,T2025_01550.jpg,T2025_01416.jpg
0.0222,1,T2025_00068.jpg,T2025_00751.jpg
0.1466,1,T2025_01312.jpg,T2025_01490.jpg
0.0515,1,T2025_01039.jpg,T2025_01951.jpg
0.0452,1,T2025_01376.jpg,T2025_02099.jpg
0.7259,1,T2025_01274.jpg,T2025_01705.jpg
0.1873,1,T2025_00677.jpg,T2025_01259.jpg
0.5969,0,T2025_00961.jpg,T2025_00820.jpg
0.1708,1,T2025_02930.jpg,T2025_00918.jpg
0.9041,0,T2025_01665.jpg,T2025_00605.jpg
0.1161,0,T2025_03028.jpg,T2025_01162.jpg
0.2136,1,T2025_00006.jpg,T2025_02183.jpg
0.3970,0,T2025_00636.jpg,T2025_00952.jpg
0.0724,0,T2025_01182.jpg,T2025_01462.jpg
0.6684,1,T2025_00245.jpg,T2025_02511.jpg
0.5378,0,T2025_01123.jpg,T2025_02356.jpg
0.2566,0,T2025_00106.jpg,T2025_01574.jpg
0.5640,1,T2025_02282.jpg,T2025_00787.jpg
0.0200,1,T2025_01794.jpg,T2025_00091.jpg
0.2568,0,T2025_02953.jpg,T2025_02623.jpg
0.1374,0,T2025_01404.jpg,T2025_01758.jpg
-0.0899,1,T2025_00933.jpg,T2025_01113.jpg
0.4694,1,T2025_00805.jpg,T2025_01915.jpg
0.3859,0,T2025_01294.jpg,T2025_02425.jpg
0.5099,1,T2025_02673.jpg,T2025_00471.jpg
0.1464,0,T2025_00479.jpg,T2025_01530.jpg
-0.0029,0,T2025_02819.jpg,T2025_02289.jpg
0.4151,0,T2025_01639.jpg,T2025_01960.jpg
0.4930,1,T2025_02691.jpg,T2025_00820.jpg
0.2801,1,T2025_00721.jpg,T2025_01306.jpg
0.0716,1,T2025_00033.jpg,T2025_00843.jpg
0.6507,1,T2025_01336.jpg,T2025_00125.jpg
0.3092,1,T2025_01770.jpg,T2025_02031.jpg
0.6873,1,T2025_02439.jpg,T2025_00458.jpg
0.1523,0,T2025_01697.jpg,T2025_00462.jpg
0.5445,0,T2025_02465.jpg,T2025_00709.jpg
0.6608,0,T2025_01455.jpg,T2025_00656.jpg
0.0907,1,T2025_00193.jpg,T2025_00148.jpg
0.4765,0,T2025_01302.jpg,T2025_02913.jpg
0.3173,1,T2025_03016.jpg,T2025_02169.jpg
0.1910,0,T2025_01648.jpg,T2025_01675.jpg
-0.0983,0,T2025_00828.jpg,T2025_00006.jpg
0.4271,0,T2025_00054.jpg,T2025_01398.jpg
0.1944,1,T2025_01951.jpg,T2025_02211.jpg
0.2299,0,T2025_01377.jpg,T2025_01034.jpg
0.1527,0,T2025_00647.jpg,T2025_00453.jpg
0.2609,0,T2025_01153.jpg,T2025_02262.jpg
0.1677,1,T2025_00590.jpg,T2025_01030.jpg
0.0659,0,T2025_00855.jpg,T2025_02382.jpg
0.2408,1,T2025_01003.jpg,T2025_02631.jpg
0.6738,0,T2025_01368.jpg,T2025_01240.jpg
0.3182,0,T2025_00852.jpg,T2025_01387.jpg
0.0727,0,T2025_00126.jpg,T2025_02972.jpg
0.5481,0,T2025_02582.jpg,T2025_01382.jpg
0.2597,1,T2025_01632.jpg,T2025_02420.jpg
0.6425,0,T2025_00960.jpg,T2025_00949.jpg
0.1625,0,T2025_02328.jpg,T2025_02655.jpg
0.3580,0,T2025_01961.jpg,T2025_02044.jpg
0.6014,0,T2025_01405.jpg,T2025_02025.jpg
0.1861,1,T2025_02501.jpg,T2025_01753.jpg
0.0731,1,T2025_00485.jpg,T2025_00834.jpg
0.4035,0,T2025_02408.jpg,T2025_01763.jpg
0.0990,1,T2025_01261.jpg,T2025_00103.jpg
0.1730,1,T2025_01666.jpg,T2025_00753.jpg
0.6895,0,T2025_02191.jpg,T2025_01809.jpg
0.0345,0,T2025_00938.jpg,T2025_02150.jpg
0.5521,0,T2025_02646.jpg,T2025_01061.jpg
-0.0776,1,T2025_01499.jpg,T2025_02875.jpg
0.2259,0,T2025_02524.jpg,T2025_02352.jpg
0.5469,0,T2025_01996.jpg,T2025_00826.jpg
0.5841,1,T2025_02521.jpg,T2025_01743.jpg
0.8459,1,T2025_02670.jpg,T2025_00712.jpg
0.5027,0,T2025_00732.jpg,T2025_00336.jpg
0.1633,1,T2025_00394.jpg,T2025_02694.jpg
0.7267,0,T2025_02933.jpg,T2025_02823.jpg
0.5911,0,T2025_01134.jpg,T2025_00292.jpg
0.6105,1,T2025_01175.jpg,T2025_00034.jpg
0.0514,1,T2025_02744.jpg,T2025_01788.jpg
0.3513,1,T2025_02842.jpg,T2025_01615.jpg
-0.0643,0,T2025_02095.jpg,T2025_02356.jpg
0.3564,1,T2025_00416.jpg,T2025_00488.jpg
0.0879,0,T2025_01892.jpg,T2025_02818.jpg
0.5675,0,T2025_01745.jpg,T2025_02608.jpg
0.7376,0,T2025_00118.jpg,T2025_02677.jpg
0.6496,0,T2025_01324.jpg,T2025_03071.jpg
0.5387,0,T2025_02065.jpg,T2025_01922.jpg
0.0282,1,T2025_02840.jpg,T2025_00724.jpg
0.1889,1,T2025_03016.jpg,T2025_00045.jpg
-0.0936,1,T2025_01480.jpg,T2025_00978.jpg
0.0350,1,T2025_00780.jpg,T2025_03031.jpg
0.1093,0,T2025_01325.jpg,T2025_00483.jpg
0.2742,1,T2025_00235.jpg,T2025_02647.jpg
0.0449,1,T2025_00679.jpg,T2025_01533.jpg
0.1654,0,T2025_00067.jpg,T2025_01504.jpg
-0.0767,1,T2025_00830.jpg,T2025_01546.jpg
0.6879,1,T2025_01033.jpg,T2025_02238.jpg
0.0652,1,T2025_02626.jpg,T2025_01127.jpg
0.6205,0,T2025_00773.jpg,T2025_01927.jpg
0.0871,0,T2025_02721.jpg,T2025_00469.jpg
0.1816,1,T2025_02138.jpg,T2025_01104.jpg
0.1877,1,T2025_02922.jpg,T2025_01450.jpg
-0.1111,1,T2025_00264.jpg,T2025_01841.jpg
-0.0265,0,T2025_01751.jpg,T2025_01827.jpg
0.7875,0,T2025_01505.jpg,T2025_00712.jpg
0.0920,1,T2025_02974.jpg,T2025_00165.jpg
0.2132,1,T2025_02870.jpg,T2025_03031.jpg
1.0000,0,T2025_02624.jpg,T2025_02624.jpg
0.2553,1,T2025_00755.jpg,T2025_01834.jpg
0.2363,1,T2025_02794.jpg,T2025_02901.jpg
0.0524,1,T2025_00316.jpg,T2025_00474.jpg
0.2196,0,T2025_00363.jpg,T2025_02726.jpg
0.4544,0,T2025_02422.jpg,T2025_02750.jpg
0.2362,0,T2025_02507.jpg,T2025_02325.jpg
0.3486,0,T2025_01522.jpg,T2025_00287.jpg
0.1836,0,T2025_02185.jpg,T2025_01308.jpg
0.1619,1,T2025_02447.jpg,T2025_01881.jpg
-0.0237,0,T2025_00380.jpg,T2025_00366.jpg
0.3962,0,T2025_01177.jpg,T2025_01423.jpg
0.2411,1,T2025_02734.jpg,T2025_02263.jpg
0.3072,1,T2025_00162.jpg,T2025_02240.jpg
0.4148,0,T2025_02135.jpg,T2025_00278.jpg
0.0692,1,T2025_01412.jpg,T2025_00681.jpg
0.3563,0,T2025_00707.jpg,T2025_01750.jpg
0.0614,1,T2025_01365.jpg,T2025_00048.jpg
0.1317,1,T2025_00627.jpg,T2025_00299.jpg
0.5940,0,T2025_00353.jpg,T2025_00201.jpg
0.1225,1,T2025_01393.jpg,T2025_02586.jpg
0.0895,1,T2025_01971.jpg,T2025_02996.jpg
0.1242,1,T2025_01602.jpg,T2025_00657.jpg
0.2675,1,T2025_03063.jpg,T2025_02433.jpg
1.0000,0,T2025_02828.jpg,T2025_02828.jpg
1.0000,0,T2025_01014.jpg,T2025_01014.jpg
0.6560,0,T2025_02341.jpg,T2025_02696.jpg
0.8220,1,T2025_02916.jpg,T2025_00128.jpg
0.0018,0,T2025_01223.jpg,T2025_02145.jpg
0.2487,0,T2025_02603.jpg,T2025_02899.jpg
0.1652,1,T2025_01763.jpg,T2025_01197.jpg
0.5741,1,T2025_02904.jpg,T2025_01077.jpg
-0.1372,0,T2025_02580.jpg,T2025_00777.jpg
0.0547,0,T2025_03002.jpg,T2025_01543.jpg
0.0199,0,T2025_01468.jpg,T2025_01841.jpg
0.0039,0,T2025_02067.jpg,T2025_02797.jpg
0.2968,1,T2025_00085.jpg,T2025_00786.jpg
0.5746,0,T2025_02114.jpg,T2025_00356.jpg
0.4399,1,T2025_01496.jpg,T2025_00387.jpg
0.3300,0,T2025_01985.jpg,T2025_00207.jpg
0.5947,0,T2025_02797.jpg,T2025_00350.jpg
0.6345,1,T2025_00630.jpg,T2025_01818.jpg
-0.0822,1,T2025_01221.jpg,T2025_03047.jpg
0.4415,1,T2025_01802.jpg,T2025_01349.jpg
0.3113,1,T2025_02634.jpg,T2025_01849.jpg
0.1129,1,T2025_01140.jpg,T2025_02356.jpg
-0.0285,0,T2025_01677.jpg,T2025_02123.jpg
0.6717,0,T2025_01589.jpg,T2025_01839.jpg
0.1857,0,T2025_01577.jpg,T2025_02457.jpg
-0.1020,0,T2025_02708.jpg,T2025_00145.jpg
0.0944,1,T2025_01504.jpg,T2025_02501.jpg
0.3342,0,T2025_01734.jpg,T2025_00312.jpg
0.1155,1,T2025_02034.jpg,T2025_00192.jpg
0.2611,0,T2025_01903.jpg,T2025_00838.jpg
-0.0478,0,T2025_00453.jpg,T2025_02914.jpg
0.1376,0,T2025_01002.jpg,T2025_01959.jpg
-0.0332,1,T2025_02423.jpg,T2025_02073.jpg
0.1973,1,T2025_00610.jpg,T2025_01399.jpg
0.2474,0,T2025_00187.jpg,T2025_01256.jpg
0.7673,1,T2025_01098.jpg,T2025_02299.jpg
0.1941,1,T2025_01640.jpg,T2025_00858.jpg
0.3089,0,T2025_01395.jpg,T2025_01071.jpg
0.0824,1,T2025_00701.jpg,T2025_01336.jpg
0.4227,0,T2025_01280.jpg,T2025_01546.jpg
0.1278,1,T2025_02665.jpg,T2025_01741.jpg
0.2501,0,T2025_02081.jpg,T2025_02101.jpg
0.1373,1,T2025_00264.jpg,T2025_02650.jpg
0.3175,1,T2025_01170.jpg,T2025_02797.jpg
0.4667,0,T2025_03001.jpg,T2025_00427.jpg
0.1434,0,T2025_01024.jpg,T2025_00454.jpg
0.5280,1,T2025_00327.jpg,T2025_00560.jpg
0.3988,1,T2025_01347.jpg,T2025_02536.jpg
0.2183,1,T2025_01344.jpg,T2025_03020.jpg
0.5753,1,T2025_00486.jpg,T2025_01839.jpg
-0.0220,0,T2025_00638.jpg,T2025_01671.jpg
0.8514,0,T2025_01098.jpg,T2025_01460.jpg
0.7344,0,T2025_00295.jpg,T2025_02917.jpg
0.8387,1,T2025_00968.jpg,T2025_02512.jpg
0.3001,1,T2025_02388.jpg,T2025_01755.jpg
0.4036,1,T2025_01302.jpg,T2025_00633.jpg
0.5016,1,T2025_02871.jpg,T2025_01737.jpg
0.0879,0,T2025_01829.jpg,T2025_01163.jpg
0.5698,0,T2025_00159.jpg,T2025_00832.jpg
0.1343,0,T2025_01483.jpg,T2025_00812.jpg
0.5894,1,T2025_02488.jpg,T2025_01226.jpg
0.5422,0,T2025_03045.jpg,T2025_02597.jpg
0.6381,1,T2025_02630.jpg,T2025_01982.jpg
0.1290,1,T2025_02591.jpg,T2025_02148.jpg
0.7995,0,T2025_01673.jpg,T2025_00627.jpg
0.5501,0,T2025_03075.jpg,T2025_01174.jpg
0.3550,0,T2025_01722.jpg,T2025_02782.jpg
0.4719,0,T2025_00809.jpg,T2025_00391.jpg
0.2731,0,T2025_00711.jpg,T2025_03095.jpg
0.0197,1,T2025_02630.jpg,T2025_01896.jpg
0.0872,1,T2025_00424.jpg,T2025_01781.jpg
0.4296,0,T2025_02820.jpg,T2025_01019.jpg
0.2923,0,T2025_01636.jpg,T2025_02908.jpg
0.0735,1,T2025_03087.jpg,T2025_00944.jpg
0.3673,1,T2025_01966.jpg,T2025_00129.jpg
0.1931,1,T2025_02681.jpg,T2025_02078.jpg
0.1828,0,T2025_01301.jpg,T2025_02754.jpg
0.2285,0,T2025_00577.jpg,T2025_03018.jpg
0.2862,1,T2025_02419.jpg,T2025_01227.jpg
0.0418,1,T2025_02846.jpg,T2025_00871.jpg
0.7510,0,T2025_02107.jpg,T2025_01005.jpg
0.2702,1,T2025_02233.jpg,T2025_01766.jpg
0.0221,0,T2025_00111.jpg,T2025_00981.jpg
0.6237,1,T2025_01400.jpg,T2025_00196.jpg
0.2884,0,T2025_01080.jpg,T2025_02046.jpg
0.7792,0,T2025_02039.jpg,T2025_01021.jpg
0.5651,0,T2025_01559.jpg,T2025_01256.jpg
0.3056,1,T2025_00553.jpg,T2025_00481.jpg
0.2442,0,T2025_01436.jpg,T2025_00330.jpg
0.5481,0,T2025_02335.jpg,T2025_01429.jpg
0.0745,1,T2025_00464.jpg,T2025_01654.jpg
0.0742,1,T2025_01418.jpg,T2025_01470.jpg
0.1250,0,T2025_00770.jpg,T2025_00098.jpg
0.5788,1,T2025_00322.jpg,T2025_00228.jpg
0.5534,0,T2025_01568.jpg,T2025_01531.jpg
0.4382,0,T2025_01378.jpg,T2025_01487.jpg
0.5757,0,T2025_01325.jpg,T2025_02990.jpg
0.2389,1,T2025_01282.jpg,T2025_02463.jpg
0.6568,1,T2025_02877.jpg,T2025_03040.jpg
0.6487,1,T2025_01790.jpg,T2025_00593.jpg
0.4253,1,T2025_02516.jpg,T2025_01473.jpg
0.0389,0,T2025_02947.jpg,T2025_00256.jpg
0.5123,1,T2025_00479.jpg,T2025_00061.jpg
-0.0136,1,T2025_01837.jpg,T2025_00239.jpg
0.4527,0,T2025_01326.jpg,T2025_02613.jpg
0.6736,1,T2025_00272.jpg,T2025_00669.jpg
0.0513,0,T2025_02174.jpg,T2025_02826.jpg
0.1128,0,T2025_02682.jpg,T2025_02156.jpg
0.3333,1,T2025_02165.jpg,T2025_02731.jpg
0.5387,1,T2025_02812.jpg,T2025_00640.jpg
0.1338,0,T2025_01283.jpg,T2025_02313.jpg
0.3731,1,T2025_00053.jpg,T2025_02651.jpg
0.5276,1,T2025_01004.jpg,T2025_01962.jpg
0.3862,0,T2025_02587.jpg,T2025_01815.jpg
-0.0089,0,T2025_00801.jpg,T2025_00201.jpg
0.4025,1,T2025_00072.jpg,T2025_01411.jpg
1.0000,0,T2025_02939.jpg,T2025_02939.jpg
0.6734,0,T2025_01507.jpg,T2025_01856.jpg
0.0626,0,T2025_00348.jpg,T2025_01309.jpg
0.0236,1,T2025_00423.jpg,T2025_01712.jpg
0.2695,0,T2025_00707.jpg,T2025_02561.jpg
0.1640,0,T2025_01474.jpg,T2025_01882.jpg
0.1136,1,T2025_00614.jpg,T2025_02819.jpg
0.0032,0,T2025_02005.jpg,T2025_00499.jpg
0.1772,0,T2025_01501.jpg,T2025_01318.jpg
0.3046,0,T2025_02007.jpg,T2025_02216.jpg
0.2481,0,T2025_00142.jpg,T2025_03066.jpg
0.0539,0,T2025_01447.jpg,T2025_01491.jpg
0.6549,1,T2025_02137.jpg,T2025_01983.jpg
0.2302,0,T2025_02484.jpg,T2025_02532.jpg
0.4690,0,T2025_02037.jpg,T2025_00276.jpg
0.2144,1,T2025_03004.jpg,T2025_02330.jpg
0.2883,1,T2025_01915.jpg,T2025_02599.jpg
1.0000,1,T2025_02086.jpg,T2025_02086.jpg
0.0480,0,T2025_02467.jpg,T2025_03072.jpg
0.1234,1,T2025_00419.jpg,T2025_02395.jpg
0.7061,1,T2025_00559.jpg,T2025_02912.jpg
0.2900,0,T2025_00295.jpg,T2025_00146.jpg
0.1878,0,T2025_02855.jpg,T2025_01714.jpg
0.4278,1,T2025_01603.jpg,T2025_00935.jpg
0.3328,0,T2025_03077.jpg,T2025_01010.jpg
0.2902,0,T2025_02669.jpg,T2025_00795.jpg
0.3547,1,T2025_01327.jpg,T2025_02784.jpg
0.2285,1,T2025_02224.jpg,T2025_02558.jpg
0.0949,1,T2025_00202.jpg,T2025_00762.jpg
0.0871,0,T2025_02261.jpg,T2025_00945.jpg
0.5472,1,T2025_02828.jpg,T2025_00287.jpg
0.1547,0,T2025_01612.jpg,T2025_02809.jpg
0.3040,1,T2025_01237.jpg,T2025_01375.jpg
0.5719,0,T2025_01740.jpg,T2025_00633.jpg
0.1208,1,T2025_02094.jpg,T2025_02988.jpg
0.6016,1,T2025_03104.jpg,T2025_00506.jpg
-0.0816,0,T2025_00093.jpg,T2025_02405.jpg
0.5007,1,T2025_03054.jpg,T2025_00399.jpg
0.0207,0,T2025_00580.jpg,T2025_00764.jpg
0.1966,0,T2025_01671.jpg,T2025_00870.jpg
-0.0124,0,T2025_02745.jpg,T2025_01782.jpg
0.4658,1,T2025_01614.jpg,T2025_01646.jpg
0.4592,0,T2025_03004.jpg,T2025_00572.jpg
0.0465,1,T2025_01019.jpg,T2025_00847.jpg
0.0739,0,T2025_00648.jpg,T2025_00253.jpg
0.7563,0,T2025_00033.jpg,T2025_02435.jpg
0.1002,0,T2025_02479.jpg,T2025_00437.jpg
-0.0406,0,T2025_02902.jpg,T2025_01829.jpg
0.2642,0,T2025_02410.jpg,T2025_02384.jpg
0.6590,0,T2025_02424.jpg,T2025_02659.jpg
0.4170,0,T2025_00575.jpg,T2025_02179.jpg
0.6364,1,T2025_01366.jpg,T2025_02788.jpg
0.4769,0,T2025_01595.jpg,T2025_00563.jpg
0.0255,1,T2025_00743.jpg,T2025_00108.jpg
0.4188,0,T2025_00847.jpg,T2025_01959.jpg
0.8208,0,T2025_01331.jpg,T2025_01292.jpg
0.0869,1,T2025_00477.jpg,T2025_00848.jpg
0.1082,0,T2025_01225.jpg,T2025_02493.jpg
0.1922,0,T2025_03104.jpg,T2025_00836.jpg
0.5138,1,T2025_02819.jpg,T2025_02004.jpg
-0.0402,0,T2025_02784.jpg,T2025_02138.jpg
0.0182,1,T2025_02598.jpg,T2025_00071.jpg
0.5241,1,T2025_00425.jpg,T2025_02205.jpg
0.3988,1,T2025_00816.jpg,T2025_03071.jpg
-0.0005,1,T2025_02675.jpg,T2025_00273.jpg
0.7923,0,T2025_02470.jpg,T2025_01137.jpg
0.7442,1,T2025_00401.jpg,T2025_01530.jpg
0.3378,0,T2025_02425.jpg,T2025_00754.jpg
0.5779,1,T2025_01933.jpg,T2025_02267.jpg
-0.0901,0,T2025_00733.jpg,T2025_01902.jpg
0.8489,1,T2025_01450.jpg,T2025_02062.jpg
0.0079,0,T2025_00400.jpg,T2025_01932.jpg
0.0196,1,T2025_00025.jpg,T2025_00108.jpg
0.0088,1,T2025_02288.jpg,T2025_02886.jpg
0.3989,1,T2025_02896.jpg,T2025_02611.jpg
0.1901,1,T2025_02612.jpg,T2025_01787.jpg
0.3978,1,T2025_02692.jpg,T2025_01205.jpg
0.0045,0,T2025_02099.jpg,T2025_01934.jpg
0.8599,0,T2025_02732.jpg,T2025_02635.jpg
0.6743,1,T2025_01042.jpg,T2025_01599.jpg
0.5501,0,T2025_02119.jpg,T2025_00237.jpg
0.7242,1,T2025_02892.jpg,T2025_02032.jpg
0.6633,0,T2025_01351.jpg,T2025_02647.jpg
-0.0330,0,T2025_00794.jpg,T2025_02118.jpg
0.0804,0,T2025_01963.jpg,T2025_02007.jpg
0.4548,1,T2025_01925.jpg,T2025_01198.jpg
0.5113,1,T2025_02190.jpg,T2025_01669.jpg
0.4491,1,T2025_00660.jpg,T2025_02977.jpg
0.4311,0,T2025_01101.jpg,T2025_02165.jpg
0.5112,0,T2025_02499.jpg,T2025_00337.jpg
0.0785,0,T2025_00544.jpg,T2025_01208.jpg
0.3432,0,T2025_02121.jpg,T2025_01364.jpg
0.4977,1,T2025_02523.jpg,T2025_03056.jpg
0.0856,0,T2025_02929.jpg,T2025_02872.jpg
0.1121,0,T2025_01504.jpg,T2025_01608.jpg
0.0817,1,T2025_00773.jpg,T2025_00806.jpg
0.7038,0,T2025_01362.jpg,T2025_01220.jpg
0.5852,1,T2025_00783.jpg,T2025_00174.jpg
0.5952,1,T2025_02322.jpg,T2025_02577.jpg
0.2009,0,T2025_00424.jpg,T2025_01252.jpg
0.5877,1,T2025_01096.jpg,T2025_00386.jpg
1.0000,0,T2025_02686.jpg,T2025_02686.jpg
0.7098,0,T2025_00410.jpg,T2025_00330.jpg
0.2980,0,T2025_00603.jpg,T2025_00797.jpg
0.0707,1,T2025_00844.jpg,T2025_02192.jpg
0.4499,1,T2025_02778.jpg,T2025_00646.jpg
0.1265,1,T2025_02512.jpg,T2025_00767.jpg
0.4061,1,T2025_00932.jpg,T2025_02578.jpg
0.7411,1,T2025_02068.jpg,T2025_00483.jpg
0.5387,0,T2025_01867.jpg,T2025_02415.jpg
0.4891,0,T2025_00729.jpg,T2025_00715.jpg
0.4822,0,T2025_02449.jpg,T2025_00844.jpg
0.1497,1,T2025_01615.jpg,T2025_03093.jpg
0.3305,1,T2025_01173.jpg,T2025_02677.jpg
0.5404,0,T2025_01133.jpg,T2025_01318.jpg
0.2962,1,T2025_01498.jpg,T2025_02860.jpg
0.4893,1,T2025_00822.jpg,T2025_02524.jpg
0.0607,0,T2025_00958.jpg,T2025_00212.jpg
1.0000,1,T2025_01402.jpg,T2025_01402.jpg
0.3938,1,T2025_01000.jpg,T2025_02283.jpg
0.8342,0,T2025_00759.jpg,T2025_01045.jpg
0.2094,0,T2025_01478.jpg,T2025_02234.jpg
0.2620,1,T2025_02675.jpg,T2025_01034.jpg
0.0846,1,T2025_02477.jpg,T2025_01577.jpg
0.6127,1,T2025_01459.jpg,T2025_00037.jpg
0.1643,1,T2025_02196.jpg,T2025_01742.jpg
0.1309,0,T2025_01969.jpg,T2025_01143.jpg
0.7275,0,T2025_00617.jpg,T2025_02019.jpg
0.1072,0,T2025_00511.jpg,T2025_01258.jpg
0.4272,0,T2025_01152.jpg,T2025_00642.jpg
0.7809,0,T2025_01437.jpg,T2025_00780.jpg
0.5159,1,T2025_01947.jpg,T2025_02583.jpg
0.1844,0,T2025_02855.jpg,T2025_01125.jpg
0.5024,0,T2025_00320.jpg,T2025_02777.jpg
0.2442,0,T2025_01579.jpg,T2025_00807.jpg
0.6737,1,T2025_01486.jpg,T2025_01927.jpg
0.0382,0,T2025_02061.jpg,T2025_02690.jpg
0.3518,0,T2025_02889.jpg,T2025_00279.jpg
0.0107,0,T2025_01081.jpg,T2025_02540.jpg
0.1103,0,T2025_00183.jpg,T2025_00605.jpg
0.1782,0,T2025_02219.jpg,T2025_01998.jpg
0.1644,0,T2025_00825.jpg,T2025_01272.jpg
0.1274,0,T2025_02833.jpg,T2025_01586.jpg
0.3182,1,T2025_00311.jpg,T2025_02990.jpg
-0.1894,0,T2025_00063.jpg,T2025_02603.jpg
0.3308,1,T2025_01231.jpg,T2025_00114.jpg
0.1990,0,T2025_00662.jpg,T2025_02414.jpg
0.0185,1,T2025_02814.jpg,T2025_01930.jpg
0.1548,0,T2025_01929.jpg,T2025_00161.jpg
0.8534,1,T2025_02399.jpg,T2025_00220.jpg
0.2151,1,T2025_01300.jpg,T2025_02609.jpg
0.4448,0,T2025_00059.jpg,T2025_01896.jpg
0.6191,0,T2025_02202.jpg,T2025_00655.jpg
0.1140,0,T2025_00865.jpg,T2025_00238.jpg
0.1415,1,T2025_02540.jpg,T2025_02704.jpg
0.5180,1,T2025_00146.jpg,T2025_02564.jpg
0.1584,1,T2025_01988.jpg,T2025_02616.jpg
0.4272,1,T2025_02601.jpg,T2025_01166.jpg
0.1026,0,T2025_00602.jpg,T2025_02440.jpg
0.3683,0,T2025_01937.jpg,T2025_01336.jpg
0.0797,1,T2025_02220.jpg,T2025_00672.jpg
-0.0855,1,T2025_02724.jpg,T2025_02398.jpg
0.4094,1,T2025_02064.jpg,T2025_00784.jpg
0.1470,1,T2025_02442.jpg,T2025_01385.jpg
0.1780,0,T2025_01662.jpg,T2025_02884.jpg
0.8260,0,T2025_00500.jpg,T2025_02746.jpg
0.5864,1,T2025_00182.jpg,T2025_02657.jpg
0.3999,0,T2025_00014.jpg,T2025_03064.jpg
0.3162,1,T2025_02888.jpg,T2025_03058.jpg
0.5107,0,T2025_02252.jpg,T2025_02716.jpg
0.4120,1,T2025_02548.jpg,T2025_00819.jpg
0.0998,1,T2025_00767.jpg,T2025_01341.jpg
0.2981,1,T2025_00150.jpg,T2025_02922.jpg
0.2901,0,T2025_00314.jpg,T2025_01241.jpg
0.2170,0,T2025_00970.jpg,T2025_01168.jpg
0.8671,0,T2025_00037.jpg,T2025_02409.jpg
0.8543,0,T2025_02452.jpg,T2025_02890.jpg
0.3830,0,T2025_01446.jpg,T2025_02243.jpg
0.0124,1,T2025_02137.jpg,T2025_01603.jpg
0.3223,1,T2025_02236.jpg,T2025_01318.jpg
0.0597,0,T2025_00340.jpg,T2025_01556.jpg
0.1475,0,T2025_00083.jpg,T2025_01719.jpg
0.0552,0,T2025_01415.jpg,T2025_00283.jpg
0.1941,1,T2025_02744.jpg,T2025_00596.jpg
0.0143,1,T2025_00001.jpg,T2025_02942.jpg
0.3526,1,T2025_02387.jpg,T2025_03079.jpg
-0.1149,0,T2025_02072.jpg,T2025_00997.jpg
0.2235,1,T2025_02884.jpg,T2025_03024.jpg
0.3957,0,T2025_01082.jpg,T2025_00965.jpg
0.5768,0,T2025_00560.jpg,T2025_02465.jpg
0.4159,0,T2025_01982.jpg,T2025_00107.jpg
0.1420,1,T2025_00365.jpg,T2025_01258.jpg
0.4562,1,T2025_01178.jpg,T2025_01598.jpg
0.6535,1,T2025_01427.jpg,T2025_00346.jpg
0.0196,0,T2025_02855.jpg,T2025_01776.jpg
0.2667,1,T2025_01866.jpg,T2025_03023.jpg
-0.0583,1,T2025_01383.jpg,T2025_00606.jpg
0.7052,0,T2025_00920.jpg,T2025_02012.jpg
0.0690,1,T2025_00892.jpg,T2025_01266.jpg
0.2043,1,T2025_01071.jpg,T2025_01501.jpg
0.6477,0,T2025_01383.jpg,T2025_01917.jpg
0.4507,1,T2025_00528.jpg,T2025_00694.jpg
0.0370,0,T2025_00350.jpg,T2025_02725.jpg
0.6989,0,T2025_01046.jpg,T2025_00518.jpg
0.3829,1,T2025_00364.jpg,T2025_01203.jpg
0.3145,0,T2025_03093.jpg,T2025_02235.jpg
0.2667,1,T2025_00029.jpg,T2025_00667.jpg
0.4260,1,T2025_00217.jpg,T2025_01087.jpg
0.1865,0,T2025_03060.jpg,T2025_01156.jpg
0.6007,1,T2025_01751.jpg,T2025_00100.jpg
0.3443,0,T2025_01903.jpg,T2025_02887.jpg
0.5178,0,T2025_02403.jpg,T2025_01185.jpg
0.2570,0,T2025_00277.jpg,T2025_02311.jpg
0.2819,0,T2025_02436.jpg,T2025_01411.jpg
0.2520,1,T2025_02483.jpg,T2025_01373.jpg
0.3204,1,T2025_01023.jpg,T2025_00821.jpg
0.4458,0,T2025_02591.jpg,T2025_00549.jpg
0.7716,0,T2025_02279.jpg,T2025_00149.jpg
0.0891,0,T2025_00910.jpg,T2025_00101.jpg
0.4792,0,T2025_01000.jpg,T2025_00880.jpg
0.1416,0,T2025_02454.jpg,T2025_01130.jpg
0.3633,1,T2025_02066.jpg,T2025_01849.jpg
0.6596,1,T2025_02129.jpg,T2025_03104.jpg
0.1426,0,T2025_02157.jpg,T2025_01792.jpg
0.6648,1,T2025_01576.jpg,T2025_01034.jpg
0.2664,0,T2025_01609.jpg,T2025_00674.jpg
0.2925,1,T2025_01632.jpg,T2025_02613.jpg
0.5520,1,T2025_01369.jpg,T2025_00227.jpg
0.0551,1,T2025_02862.jpg,T2025_02630.jpg
0.1838,1,T2025_02756.jpg,T2025_00996.jpg
0.0458,1,T2025_01169.jpg,T2025_01742.jpg
0.1444,1,T2025_00648.jpg,T2025_01504.jpg
0.2777,0,T2025_01308.jpg,T2025_02957.jpg
0.1973,1,T2025_01705.jpg,T2025_00444.jpg
0.4638,0,T2025_02996.jpg,T2025_00813.jpg
0.2416,0,T2025_02538.jpg,T2025_01179.jpg
0.0622,1,T2025_00851.jpg,T2025_02705.jpg
0.1048,1,T2025_02484.jpg,T2025_01996.jpg
0.6843,0,T2025_01986.jpg,T2025_00326.jpg
0.2674,1,T2025_01990.jpg,T2025_02339.jpg
0.0280,1,T2025_01892.jpg,T2025_01866.jpg
0.4090,1,T2025_00337.jpg,T2025_00383.jpg
0.1988,1,T2025_01917.jpg,T2025_01516.jpg
0.5925,1,T2025_00561.jpg,T2025_02961.jpg
0.2837,0,T2025_01951.jpg,T2025_01009.jpg
0.1704,0,T2025_02103.jpg,T2025_00972.jpg
0.6284,1,T2025_01070.jpg,T2025_01771.jpg
0.6837,1,T2025_00990.jpg,T2025_01825.jpg
0.5936,0,T2025_01207.jpg,T2025_02902.jpg
0.7332,1,T2025_01798.jpg,T2025_01970.jpg
0.7910,1,T2025_02329.jpg,T2025_00344.jpg
0.0074,0,T2025_00476.jpg,T2025_00340.jpg
-0.1794,1,T2025_00290.jpg,T2025_01240.jpg
0.0885,1,T2025_01270.jpg,T2025_00495.jpg
0.3756,0,T2025_02964.jpg,T2025_00511.jpg
0.3458,0,T2025_00907.jpg,T2025_02322.jpg
0.0827,1,T2025_00675.jpg,T2025_01792.jpg
-0.0763,1,T2025_02563.jpg,T2025_01692.jpg
0.2662,0,T2025_00305.jpg,T2025_00795.jpg
0.2296,0,T2025_00071.jpg,T2025_00274.jpg
0.2326,0,T2025_01451.jpg,T2025_00757.jpg
0.2392,0,T2025_02275.jpg,T2025_02967.jpg
0.1318,1,T2025_02899.jpg,T2025_01234.jpg
-0.0219,0,T2025_02857.jpg,T2025_01686.jpg
0.1264,1,T2025_02076.jpg,T2025_00553.jpg
0.8418,1,T2025_00526.jpg,T2025_01016.jpg
0.7010,0,T2025_00561.jpg,T2025_00049.jpg
0.3780,0,T2025_02923.jpg,T2025_01824.jpg
0.1336,1,T2025_00439.jpg,T2025_01432.jpg
0.4739,0,T2025_02074.jpg,T2025_01246.jpg
0.0134,0,T2025_00394.jpg,T2025_02549.jpg
0.9352,0,T2025_00506.jpg,T2025_02732.jpg
0.4421,1,T2025_02517.jpg,T2025_01763.jpg
0.2058,1,T2025_01566.jpg,T2025_02003.jpg
0.3508,1,T2025_00274.jpg,T2025_00343.jpg
0.2626,1,T2025_00223.jpg,T2025_03075.jpg
0.0380,1,T2025_00613.jpg,T2025_00541.jpg
0.0019,0,T2025_02680.jpg,T2025_01677.jpg
0.2584,1,T2025_00657.jpg,T2025_00881.jpg
0.2612,0,T2025_02576.jpg,T2025_01968.jpg
0.0504,1,T2025_02966.jpg,T2025_01639.jpg
0.2167,1,T2025_02233.jpg,T2025_02240.jpg
0.2585,0,T2025_01775.jpg,T2025_00524.jpg
0.5191,0,T2025_02789.jpg,T2025_01929.jpg
0.2787,0,T2025_02368.jpg,T2025_02397.jpg
0.2623,0,T2025_02197.jpg,T2025_02872.jpg
0.5738,1,T2025_01188.jpg,T2025_00220.jpg
0.7884,1,T2025_02868.jpg,T2025_00919.jpg
0.1872,0,T2025_02566.jpg,T2025_00207.jpg
0.3377,1,T2025_00566.jpg,T2025_01691.jpg
0.1008,1,T2025_02555.jpg,T2025_00343.jpg
0.6597,1,T2025_02106.jpg,T2025_01220.jpg
0.2504,0,T2025_01062.jpg,T2025_02596.jpg
0.6982,0,T2025_01313.jpg,T2025_00060.jpg
0.2603,1,T2025_02354.jpg,T2025_02652.jpg
0.2485,0,T2025_02294.jpg,T2025_00121.jpg
0.1022,1,T2025_02825.jpg,T2025_01621.jpg
0.1854,0,T2025_01476.jpg,T2025_01690.jpg
0.7725,1,T2025_01011.jpg,T2025_01292.jpg
0.0450,0,T2025_01813.jpg,T2025_02225.jpg
0.7254,1,T2025_01016.jpg,T2025_02965.jpg
0.7774,1,T2025_00137.jpg,T2025_01350.jpg
0.1062,1,T2025_02260.jpg,T2025_02016.jpg
0.0251,1,T2025_02778.jpg,T2025_02664.jpg
0.6230,1,T2025_02052.jpg,T2025_02886.jpg
0.2255,0,T2025_01594.jpg,T2025_02095.jpg
0.3567,1,T2025_00298.jpg,T2025_02575.jpg
0.3029,0,T2025_01962.jpg,T2025_01984.jpg
0.1794,0,T2025_02241.jpg,T2025_01380.jpg
0.5618,0,T2025_00274.jpg,T2025_00685.jpg
0.3042,1,T2025_01780.jpg,T2025_00329.jpg
0.4358,1,T2025_00615.jpg,T2025_03058.jpg
0.0777,1,T2025_00622.jpg,T2025_00943.jpg
0.1799,0,T2025_01714.jpg,T2025_01278.jpg
0.7005,1,T2025_00152.jpg,T2025_02047.jpg
0.4543,1,T2025_01319.jpg,T2025_02161.jpg
0.8264,0,T2025_00692.jpg,T2025_00759.jpg
0.8200,0,T2025_00927.jpg,T2025_02697.jpg
0.1171,0,T2025_02707.jpg,T2025_02442.jpg
0.6926,1,T2025_00861.jpg,T2025_00635.jpg
0.2316,0,T2025_01419.jpg,T2025_01960.jpg
0.7461,0,T2025_02605.jpg,T2025_02443.jpg
0.4550,1,T2025_02851.jpg,T2025_00489.jpg
0.5466,0,T2025_00770.jpg,T2025_00782.jpg
0.1072,0,T2025_00777.jpg,T2025_01317.jpg
-0.0358,0,T2025_00470.jpg,T2025_02290.jpg
0.1692,1,T2025_00383.jpg,T2025_02186.jpg
0.1893,0,T2025_01227.jpg,T2025_00020.jpg
0.3008,0,T2025_01462.jpg,T2025_02842.jpg
0.7042,0,T2025_01840.jpg,T2025_01732.jpg
0.2607,1,T2025_02456.jpg,T2025_02228.jpg
0.0692,1,T2025_01684.jpg,T2025_02195.jpg
0.5722,0,T2025_02100.jpg,T2025_00120.jpg
0.2139,0,T2025_02080.jpg,T2025_00674.jpg
0.3666,0,T2025_02707.jpg,T2025_02060.jpg
0.2645,0,T2025_00522.jpg,T2025_00584.jpg
0.5243,0,T2025_01013.jpg,T2025_02905.jpg
0.1237,0,T2025_02676.jpg,T2025_02957.jpg
0.5202,1,T2025_02550.jpg,T2025_00854.jpg
0.5029,1,T2025_02195.jpg,T2025_02776.jpg
0.5539,1,T2025_02996.jpg,T2025_01919.jpg
0.0412,1,T2025_02597.jpg,T2025_02811.jpg
-0.0045,1,T2025_03051.jpg,T2025_02685.jpg
0.8316,1,T2025_00954.jpg,T2025_02903.jpg
0.3440,1,T2025_02306.jpg,T2025_01806.jpg
0.5082,1,T2025_00798.jpg,T2025_00559.jpg
0.4507,0,T2025_01778.jpg,T2025_02413.jpg
0.1712,0,T2025_02341.jpg,T2025_02530.jpg
0.7277,1,T2025_02469.jpg,T2025_00775.jpg
0.3055,0,T2025_02547.jpg,T2025_02081.jpg
0.5339,0,T2025_01128.jpg,T2025_02158.jpg
0.3969,1,T2025_00095.jpg,T2025_00214.jpg
0.6108,0,T2025_02082.jpg,T2025_00098.jpg
0.3996,0,T2025_00056.jpg,T2025_00452.jpg
0.3617,0,T2025_02785.jpg,T2025_01548.jpg
0.7202,0,T2025_02573.jpg,T2025_02304.jpg
0.3147,1,T2025_00293.jpg,T2025_01576.jpg
0.3523,1,T2025_02221.jpg,T2025_01185.jpg
0.8168,0,T2025_00891.jpg,T2025_00352.jpg
0.7652,0,T2025_01988.jpg,T2025_00436.jpg
0.0938,1,T2025_00172.jpg,T2025_01165.jpg
0.0527,0,T2025_01632.jpg,T2025_00527.jpg
0.1423,0,T2025_00288.jpg,T2025_01235.jpg
0.5543,0,T2025_00642.jpg,T2025_01328.jpg
0.8004,0,T2025_02596.jpg,T2025_02057.jpg
0.2943,0,T2025_01056.jpg,T2025_02878.jpg
0.3209,0,T2025_00625.jpg,T2025_01825.jpg
0.2871,0,T2025_02574.jpg,T2025_01958.jpg
0.3053,1,T2025_02711.jpg,T2025_02315.jpg
0.3742,0,T2025_03097.jpg,T2025_00227.jpg
0.3622,1,T2025_00592.jpg,T2025_01415.jpg
0.2498,0,T2025_00963.jpg,T2025_00645.jpg
0.1840,1,T2025_00638.jpg,T2025_00951.jpg
0.4319,0,T2025_02644.jpg,T2025_01408.jpg
0.1937,1,T2025_01387.jpg,T2025_01549.jpg
0.8262,1,T2025_02581.jpg,T2025_01279.jpg
0.8050,1,T2025_02981.jpg,T2025_00955.jpg
0.4050,1,T2025_00481.jpg,T2025_00973.jpg
0.2644,0,T2025_00339.jpg,T2025_02125.jpg
0.4076,1,T2025_01908.jpg,T2025_02922.jpg
0.3340,0,T2025_02788.jpg,T2025_01882.jpg
0.2015,1,T2025_02058.jpg,T2025_03081.jpg
0.1310,1,T2025_02710.jpg,T2025_01175.jpg
0.0602,0,T2025_00590.jpg,T2025_01458.jpg
0.4759,0,T2025_02768.jpg,T2025_02516.jpg
-0.0028,0,T2025_02690.jpg,T2025_01967.jpg
0.5624,0,T2025_02434.jpg,T2025_01300.jpg
0.4740,0,T2025_01079.jpg,T2025_00609.jpg
0.2173,0,T2025_02334.jpg,T2025_03002.jpg
0.2509,0,T2025_02012.jpg,T2025_02585.jpg
0.2012,0,T2025_02044.jpg,T2025_01951.jpg
0.3910,1,T2025_01695.jpg,T2025_01777.jpg
0.4709,0,T2025_02097.jpg,T2025_00122.jpg
0.7009,1,T2025_02612.jpg,T2025_02884.jpg
0.4615,0,T2025_00330.jpg,T2025_01284.jpg
0.1425,1,T2025_02820.jpg,T2025_01944.jpg
0.0726,0,T2025_01299.jpg,T2025_02936.jpg
0.6030,1,T2025_03019.jpg,T2025_03044.jpg
0.1229,0,T2025_01828.jpg,T2025_02996.jpg
0.7933,0,T2025_00113.jpg,T2025_02938.jpg
0.1522,0,T2025_01693.jpg,T2025_01056.jpg
-0.0519,1,T2025_00722.jpg,T2025_01625.jpg
0.1483,0,T2025_00460.jpg,T2025_01241.jpg
0.3233,0,T2025_00474.jpg,T2025_02489.jpg
0.1592,0,T2025_00443.jpg,T2025_03000.jpg
0.3416,1,T2025_01586.jpg,T2025_01720.jpg
0.0942,0,T2025_01963.jpg,T2025_01271.jpg
0.1620,1,T2025_00578.jpg,T2025_02741.jpg
0.7158,0,T2025_03065.jpg,T2025_00623.jpg
0.4973,0,T2025_00297.jpg,T2025_01465.jpg
0.1422,0,T2025_01613.jpg,T2025_01560.jpg
0.6384,0,T2025_03083.jpg,T2025_01836.jpg
0.3895,0,T2025_03103.jpg,T2025_00787.jpg
0.6374,0,T2025_01088.jpg,T2025_03071.jpg
0.6700,0,T2025_01723.jpg,T2025_00482.jpg
0.4027,0,T2025_02228.jpg,T2025_01116.jpg
0.0408,0,T2025_00334.jpg,T2025_00867.jpg
0.6856,0,T2025_02601.jpg,T2025_03034.jpg
0.8381,0,T2025_01652.jpg,T2025_02054.jpg
0.1260,0,T2025_00218.jpg,T2025_02189.jpg
0.3062,1,T2025_01573.jpg,T2025_01166.jpg
0.1524,0,T2025_01943.jpg,T2025_00806.jpg
0.6499,1,T2025_01549.jpg,T2025_02302.jpg
0.3366,0,T2025_00133.jpg,T2025_01771.jpg
0.2119,0,T2025_00502.jpg,T2025_01541.jpg
0.4475,0,T2025_01686.jpg,T2025_00801.jpg
0.6865,0,T2025_00301.jpg,T2025_02029.jpg
0.0469,0,T2025_02220.jpg,T2025_02686.jpg
0.2603,1,T2025_00739.jpg,T2025_01470.jpg
0.0670,1,T2025_02460.jpg,T2025_02624.jpg
0.3719,0,T2025_01730.jpg,T2025_02024.jpg
0.7979,1,T2025_03101.jpg,T2025_01137.jpg
0.3817,1,T2025_02449.jpg,T2025_02736.jpg
0.4919,1,T2025_01125.jpg,T2025_01943.jpg
0.3170,1,T2025_02701.jpg,T2025_00894.jpg
0.4349,1,T2025_02546.jpg,T2025_02036.jpg
0.1839,0,T2025_01400.jpg,T2025_00262.jpg
0.0497,0,T2025_00381.jpg,T2025_00372.jpg
0.2981,1,T2025_00438.jpg,T2025_01558.jpg
0.4171,1,T2025_00038.jpg,T2025_00176.jpg
0.6202,1,T2025_02149.jpg,T2025_02567.jpg
0.7315,0,T2025_00576.jpg,T2025_01548.jpg
0.2650,1,T2025_00030.jpg,T2025_02711.jpg
0.5591,1,T2025_00944.jpg,T2025_01344.jpg
-0.0120,0,T2025_00599.jpg,T2025_02964.jpg
0.2019,0,T2025_00058.jpg,T2025_01133.jpg
0.0440,0,T2025_02459.jpg,T2025_01216.jpg
0.1426,0,T2025_02911.jpg,T2025_01402.jpg
0.5149,1,T2025_00574.jpg,T2025_01214.jpg
0.2428,0,T2025_00191.jpg,T2025_00593.jpg
0.2312,1,T2025_02112.jpg,T2025_01483.jpg
0.0428,1,T2025_00822.jpg,T2025_02938.jpg
0.3350,1,T2025_00560.jpg,T2025_01518.jpg
0.1121,1,T2025_00239.jpg,T2025_02826.jpg
0.4952,0,T2025_01086.jpg,T2025_02580.jpg
0.2003,0,T2025_00115.jpg,T2025_02150.jpg
0.2308,1,T2025_01839.jpg,T2025_01356.jpg
0.1920,1,T2025_01490.jpg,T2025_02757.jpg
0.6711,1,T2025_02113.jpg,T2025_02054.jpg
0.2366,1,T2025_02343.jpg,T2025_03009.jpg
0.0761,1,T2025_02577.jpg,T2025_02439.jpg
0.1371,0,T2025_02594.jpg,T2025_01142.jpg
0.0779,0,T2025_02936.jpg,T2025_00215.jpg
0.2519,0,T2025_03079.jpg,T2025_01522.jpg
0.3157,1,T2025_02064.jpg,T2025_00611.jpg
0.6507,0,T2025_01088.jpg,T2025_00144.jpg
0.2289,1,T2025_02802.jpg,T2025_00425.jpg
0.3660,0,T2025_00922.jpg,T2025_01318.jpg
0.4286,1,T2025_03039.jpg,T2025_02630.jpg
-0.0519,0,T2025_01841.jpg,T2025_00643.jpg
0.1906,0,T2025_01353.jpg,T2025_00050.jpg
0.0268,1,T2025_00730.jpg,T2025_01171.jpg
0.2349,1,T2025_02769.jpg,T2025_00739.jpg
0.0530,1,T2025_00307.jpg,T2025_00522.jpg
0.1994,0,T2025_00856.jpg,T2025_02932.jpg
0.0748,0,T2025_02221.jpg,T2025_00171.jpg
0.4064,1,T2025_02225.jpg,T2025_02808.jpg
0.1457,1,T2025_02612.jpg,T2025_01789.jpg
0.0109,0,T2025_02509.jpg,T2025_03023.jpg
0.5380,0,T2025_02817.jpg,T2025_02664.jpg
-0.0293,0,T2025_00090.jpg,T2025_02034.jpg
0.2134,1,T2025_00760.jpg,T2025_00002.jpg
0.0666,1,T2025_02471.jpg,T2025_02786.jpg
0.5695,1,T2025_01129.jpg,T2025_01355.jpg
0.4251,1,T2025_02143.jpg,T2025_02437.jpg
1.0000,0,T2025_01516.jpg,T2025_01516.jpg
0.1591,1,T2025_02455.jpg,T2025_00905.jpg
0.0980,0,T2025_01705.jpg,T2025_02999.jpg
0.1144,0,T2025_00144.jpg,T2025_00399.jpg
0.0666,0,T2025_00638.jpg,T2025_02961.jpg
0.3090,1,T2025_03103.jpg,T2025_00374.jpg
0.0033,0,T2025_00161.jpg,T2025_02533.jpg
0.2927,0,T2025_00679.jpg,T2025_00583.jpg
0.2181,1,T2025_00268.jpg,T2025_01874.jpg
0.3685,0,T2025_00673.jpg,T2025_02200.jpg
0.1901,0,T2025_00436.jpg,T2025_02257.jpg
-0.0721,0,T2025_00846.jpg,T2025_03020.jpg
0.1341,1,T2025_00530.jpg,T2025_00554.jpg
0.0597,0,T2025_01134.jpg,T2025_00592.jpg
0.3172,0,T2025_01981.jpg,T2025_02401.jpg
0.1912,1,T2025_01427.jpg,T2025_02692.jpg
0.8900,1,T2025_00699.jpg,T2025_00440.jpg
0.3441,0,T2025_01564.jpg,T2025_00794.jpg
0.2750,0,T2025_03020.jpg,T2025_00704.jpg
0.4231,1,T2025_00309.jpg,T2025_00114.jpg
0.7409,1,T2025_02816.jpg,T2025_00445.jpg
0.0796,0,T2025_01073.jpg,T2025_02342.jpg
0.4669,0,T2025_00458.jpg,T2025_01921.jpg
0.7133,0,T2025_01141.jpg,T2025_00237.jpg
0.2095,0,T2025_02812.jpg,T2025_00153.jpg
0.4485,1,T2025_01317.jpg,T2025_00998.jpg
-0.0732,0,T2025_02689.jpg,T2025_02089.jpg
0.3664,1,T2025_02155.jpg,T2025_01829.jpg
0.1201,0,T2025_00076.jpg,T2025_00380.jpg
0.0645,0,T2025_03094.jpg,T2025_02734.jpg
0.4267,0,T2025_01905.jpg,T2025_02484.jpg
0.1067,1,T2025_02744.jpg,T2025_01094.jpg
0.7066,0,T2025_01991.jpg,T2025_01840.jpg
0.8104,0,T2025_03003.jpg,T2025_02584.jpg
0.0814,1,T2025_00778.jpg,T2025_01515.jpg
0.1948,0,T2025_02516.jpg,T2025_01950.jpg
0.0879,0,T2025_01233.jpg,T2025_01113.jpg
0.1665,0,T2025_02978.jpg,T2025_00822.jpg
0.7526,1,T2025_02511.jpg,T2025_00281.jpg
-0.0683,0,T2025_01994.jpg,T2025_01783.jpg
0.5470,1,T2025_02684.jpg,T2025_01167.jpg
0.3507,1,T2025_01903.jpg,T2025_02082.jpg
0.0392,0,T2025_02989.jpg,T2025_02195.jpg
0.2019,0,T2025_00964.jpg,T2025_02369.jpg
0.5293,0,T2025_00069.jpg,T2025_02767.jpg
0.2352,1,T2025_01523.jpg,T2025_02998.jpg
0.1539,0,T2025_00664.jpg,T2025_00682.jpg
0.1392,0,T2025_01211.jpg,T2025_02661.jpg
0.6872,1,T2025_00020.jpg,T2025_00242.jpg
0.1268,0,T2025_00100.jpg,T2025_02712.jpg
0.7539,0,T2025_00259.jpg,T2025_02071.jpg
0.0949,0,T2025_00801.jpg,T2025_01331.jpg
0.6335,0,T2025_01247.jpg,T2025_02682.jpg
0.5847,1,T2025_02077.jpg,T2025_00649.jpg
0.3338,0,T2025_01197.jpg,T2025_01978.jpg
0.0641,0,T2025_01424.jpg,T2025_02659.jpg
0.1739,1,T2025_00449.jpg,T2025_01218.jpg
0.3964,0,T2025_01580.jpg,T2025_00702.jpg
0.2205,0,T2025_01000.jpg,T2025_02555.jpg
0.5388,0,T2025_01566.jpg,T2025_01472.jpg
0.0564,0,T2025_01806.jpg,T2025_01535.jpg
1.0000,0,T2025_02989.jpg,T2025_02989.jpg
0.2587,1,T2025_02993.jpg,T2025_00674.jpg
0.5752,0,T2025_01103.jpg,T2025_00634.jpg
0.5559,1,T2025_01448.jpg,T2025_00535.jpg
0.5000,1,T2025_01107.jpg,T2025_02538.jpg
-0.1001,1,T2025_02995.jpg,T2025_00713.jpg
0.7503,1,T2025_00640.jpg,T2025_00893.jpg
0.8638,0,T2025_01893.jpg,T2025_01810.jpg
0.1126,0,T2025_02575.jpg,T2025_00111.jpg
0.1557,0,T2025_02722.jpg,T2025_02983.jpg
0.2036,0,T2025_00952.jpg,T2025_00616.jpg
0.2638,0,T2025_02277.jpg,T2025_02170.jpg
0.7934,0,T2025_02579.jpg,T2025_01411.jpg
0.0650,1,T2025_02573.jpg,T2025_00707.jpg
0.5034,1,T2025_02534.jpg,T2025_00582.jpg
0.5991,0,T2025_02007.jpg,T2025_00990.jpg
0.4611,1,T2025_00408.jpg,T2025_02757.jpg
0.5156,1,T2025_00482.jpg,T2025_00111.jpg
0.0060,0,T2025_00919.jpg,T2025_01664.jpg
0.0831,0,T2025_00607.jpg,T2025_00426.jpg
0.2189,1,T2025_00997.jpg,T2025_01108.jpg
0.0788,0,T2025_00163.jpg,T2025_02765.jpg
0.6183,1,T2025_03095.jpg,T2025_02202.jpg
0.0378,1,T2025_02823.jpg,T2025_00053.jpg
0.4788,1,T2025_00421.jpg,T2025_02971.jpg
0.2862,1,T2025_00000.jpg,T2025_02317.jpg
0.0808,1,T2025_01252.jpg,T2025_01568.jpg
0.4768,1,T2025_02952.jpg,T2025_00749.jpg
0.1357,0,T2025_00726.jpg,T2025_02799.jpg
0.1293,0,T2025_00126.jpg,T2025_03014.jpg
0.6739,0,T2025_02630.jpg,T2025_02853.jpg
0.3782,0,T2025_02234.jpg,T2025_00758.jpg
0.2163,1,T2025_01323.jpg,T2025_01093.jpg
0.4881,1,T2025_01024.jpg,T2025_02644.jpg
0.5957,1,T2025_02722.jpg,T2025_00098.jpg
0.0404,1,T2025_01613.jpg,T2025_00065.jpg
0.5758,0,T2025_01998.jpg,T2025_02394.jpg
0.4139,0,T2025_01734.jpg,T2025_00456.jpg
0.2516,1,T2025_01123.jpg,T2025_02133.jpg
0.3878,1,T2025_00150.jpg,T2025_02658.jpg
0.1725,0,T2025_02535.jpg,T2025_01748.jpg
0.5415,0,T2025_00419.jpg,T2025_02843.jpg
0.5601,1,T2025_00736.jpg,T2025_01752.jpg
0.8560,0,T2025_02635.jpg,T2025_00378.jpg
0.6735,1,T2025_00222.jpg,T2025_01176.jpg
0.1147,1,T2025_00069.jpg,T2025_00665.jpg
0.2892,0,T2025_02869.jpg,T2025_01140.jpg
-0.0649,1,T2025_00051.jpg,T2025_02232.jpg
0.6694,0,T2025_02734.jpg,T2025_02167.jpg
0.3793,0,T2025_02435.jpg,T2025_01909.jpg
0.1415,0,T2025_00338.jpg,T2025_02000.jpg
0.4038,0,T2025_02925.jpg,T2025_00973.jpg
0.0927,0,T2025_02268.jpg,T2025_02892.jpg
0.0740,1,T2025_02505.jpg,T2025_00506.jpg
0.3385,0,T2025_01491.jpg,T2025_02196.jpg
0.5727,0,T2025_01301.jpg,T2025_01488.jpg
0.0984,0,T2025_02859.jpg,T2025_01565.jpg
0.3418,1,T2025_00877.jpg,T2025_02849.jpg
0.5163,1,T2025_01848.jpg,T2025_00860.jpg
0.4278,0,T2025_01267.jpg,T2025_02360.jpg
0.2153,0,T2025_00885.jpg,T2025_02853.jpg
0.3800,0,T2025_00327.jpg,T2025_01620.jpg
0.3052,0,T2025_02104.jpg,T2025_00456.jpg
0.6345,1,T2025_00130.jpg,T2025_02839.jpg
0.0392,0,T2025_01586.jpg,T2025_03020.jpg
0.2570,0,T2025_01901.jpg,T2025_00432.jpg
0.2257,1,T2025_02956.jpg,T2025_02074.jpg
0.2539,0,T2025_00303.jpg,T2025_00134.jpg
0.3028,0,T2025_02716.jpg,T2025_01364.jpg
0.6312,0,T2025_02376.jpg,T2025_00494.jpg
0.6002,1,T2025_01697.jpg,T2025_00313.jpg
0.2115,0,T2025_02378.jpg,T2025_02672.jpg
0.3391,1,T2025_00657.jpg,T2025_01632.jpg
0.3213,1,T2025_01148.jpg,T2025_01924.jpg
0.4146,0,T2025_02453.jpg,T2025_00383.jpg
0.5718,1,T2025_03027.jpg,T2025_01264.jpg
0.3668,1,T2025_01139.jpg,T2025_01579.jpg
0.2007,0,T2025_00328.jpg,T2025_00369.jpg
0.1269,1,T2025_01486.jpg,T2025_00505.jpg
0.5157,1,T2025_02899.jpg,T2025_00325.jpg
0.5539,1,T2025_01141.jpg,T2025_02119.jpg
0.2301,0,T2025_02834.jpg,T2025_00966.jpg
0.2840,0,T2025_00665.jpg,T2025_00260.jpg
0.3798,0,T2025_02202.jpg,T2025_02916.jpg
0.4732,0,T2025_01406.jpg,T2025_02429.jpg
0.5349,1,T2025_01302.jpg,T2025_01032.jpg
0.6208,0,T2025_01366.jpg,T2025_00092.jpg
0.3827,0,T2025_03094.jpg,T2025_01904.jpg
0.2783,1,T2025_00357.jpg,T2025_01308.jpg
0.2120,1,T2025_01675.jpg,T2025_02968.jpg
0.3107,0,T2025_02826.jpg,T2025_02990.jpg
0.4316,0,T2025_00074.jpg,T2025_01355.jpg
0.2206,1,T2025_00580.jpg,T2025_00573.jpg
0.6790,1,T2025_01473.jpg,T2025_00518.jpg
0.7699,0,T2025_01045.jpg,T2025_00040.jpg
0.3826,0,T2025_02856.jpg,T2025_00661.jpg
0.4047,1,T2025_00956.jpg,T2025_00926.jpg
0.4275,0,T2025_01573.jpg,T2025_00925.jpg
0.5945,0,T2025_00401.jpg,T2025_00288.jpg
0.1700,1,T2025_03013.jpg,T2025_02727.jpg
0.3451,1,T2025_02032.jpg,T2025_02975.jpg
0.2248,1,T2025_02621.jpg,T2025_00612.jpg
0.2519,1,T2025_01696.jpg,T2025_02258.jpg
0.0860,0,T2025_01699.jpg,T2025_02519.jpg
0.6649,1,T2025_01153.jpg,T2025_00916.jpg
0.7556,0,T2025_02144.jpg,T2025_02046.jpg
0.0542,0,T2025_02203.jpg,T2025_00447.jpg
0.3041,1,T2025_02503.jpg,T2025_00351.jpg
0.5721,1,T2025_02510.jpg,T2025_01262.jpg
-0.0481,1,T2025_02353.jpg,T2025_02521.jpg
0.1127,1,T2025_02085.jpg,T2025_01274.jpg
0.1642,1,T2025_01317.jpg,T2025_01987.jpg
0.2182,0,T2025_00061.jpg,T2025_02799.jpg
0.1560,0,T2025_01218.jpg,T2025_00885.jpg
0.3674,1,T2025_00620.jpg,T2025_01759.jpg
0.2543,0,T2025_00950.jpg,T2025_02696.jpg
-0.1186,1,T2025_02757.jpg,T2025_01582.jpg
0.2732,1,T2025_00634.jpg,T2025_01593.jpg
0.3517,0,T2025_00825.jpg,T2025_02233.jpg
0.6783,0,T2025_02258.jpg,T2025_02555.jpg
0.4350,1,T2025_00900.jpg,T2025_02171.jpg
0.1892,1,T2025_02050.jpg,T2025_02262.jpg
0.3159,1,T2025_03029.jpg,T2025_00864.jpg
0.2164,0,T2025_00720.jpg,T2025_01720.jpg
0.4133,1,T2025_02727.jpg,T2025_01847.jpg
0.0619,1,T2025_01768.jpg,T2025_02612.jpg
0.3330,1,T2025_01208.jpg,T2025_02562.jpg
0.0925,1,T2025_02465.jpg,T2025_02358.jpg
0.7736,0,T2025_00738.jpg,T2025_02017.jpg
0.0141,1,T2025_02652.jpg,T2025_02324.jpg
0.2950,0,T2025_02790.jpg,T2025_00672.jpg
0.0528,0,T2025_01128.jpg,T2025_01082.jpg
0.5981,1,T2025_02748.jpg,T2025_01718.jpg
0.7056,1,T2025_02634.jpg,T2025_00078.jpg
0.2451,1,T2025_02789.jpg,T2025_02205.jpg
0.2690,0,T2025_01382.jpg,T2025_00713.jpg
-0.0061,1,T2025_00183.jpg,T2025_02867.jpg
0.2976,1,T2025_00997.jpg,T2025_02140.jpg
0.2123,1,T2025_01201.jpg,T2025_00451.jpg
0.2724,0,T2025_01165.jpg,T2025_02990.jpg
0.1069,1,T2025_01333.jpg,T2025_01165.jpg
0.3270,1,T2025_00824.jpg,T2025_02817.jpg
0.3818,0,T2025_02244.jpg,T2025_01112.jpg
0.0832,1,T2025_01679.jpg,T2025_00282.jpg
-0.0061,0,T2025_00132.jpg,T2025_01839.jpg
0.3691,0,T2025_02151.jpg,T2025_01052.jpg
0.0657,1,T2025_02948.jpg,T2025_00651.jpg
1.0000,0,T2025_02371.jpg,T2025_02371.jpg
0.5113,1,T2025_01883.jpg,T2025_02877.jpg
-0.1126,1,T2025_01711.jpg,T2025_02529.jpg
0.3732,0,T2025_02342.jpg,T2025_02760.jpg
0.3747,1,T2025_02318.jpg,T2025_02377.jpg
0.1289,1,T2025_00630.jpg,T2025_03020.jpg
0.6011,1,T2025_00833.jpg,T2025_00358.jpg
0.0522,1,T2025_01279.jpg,T2025_01289.jpg
0.1759,0,T2025_02120.jpg,T2025_01902.jpg
0.0995,1,T2025_03065.jpg,T2025_02648.jpg
0.0801,0,T2025_00196.jpg,T2025_02887.jpg
0.3042,0,T2025_02413.jpg,T2025_01203.jpg
-0.0028,1,T2025_00142.jpg,T2025_01971.jpg
0.7014,1,T2025_00567.jpg,T2025_01988.jpg
0.1423,0,T2025_02565.jpg,T2025_00741.jpg
0.6061,1,T2025_02399.jpg,T2025_03001.jpg
0.3062,0,T2025_00986.jpg,T2025_01367.jpg
0.4853,1,T2025_02426.jpg,T2025_00329.jpg
0.1525,0,T2025_02391.jpg,T2025_02753.jpg
0.5808,0,T2025_02500.jpg,T2025_02520.jpg
0.1518,1,T2025_00096.jpg,T2025_01908.jpg
1.0000,0,T2025_02402.jpg,T2025_02402.jpg
0.7694,0,T2025_02512.jpg,T2025_01889.jpg
0.1234,1,T2025_02030.jpg,T2025_01261.jpg
0.4574,1,T2025_00999.jpg,T2025_01139.jpg
0.1712,1,T2025_01453.jpg,T2025_01673.jpg
0.6739,1,T2025_00626.jpg,T2025_01585.jpg
0.2881,1,T2025_01487.jpg,T2025_00095.jpg
0.0886,0,T2025_02882.jpg,T2025_00562.jpg
1.0000,0,T2025_00330.jpg,T2025_00330.jpg
0.8752,1,T2025_01810.jpg,T2025_02625.jpg
0.6464,1,T2025_03023.jpg,T2025_00910.jpg
0.2542,1,T2025_01539.jpg,T2025_01985.jpg
0.2818,1,T2025_02394.jpg,T2025_01566.jpg
0.8437,0,T2025_00849.jpg,T2025_02243.jpg
0.1859,0,T2025_00018.jpg,T2025_02297.jpg
0.5548,1,T2025_01440.jpg,T2025_00144.jpg
0.1766,1,T2025_00546.jpg,T2025_02121.jpg
0.1326,1,T2025_01793.jpg,T2025_00429.jpg
0.1558,1,T2025_02172.jpg,T2025_01618.jpg
0.7782,1,T2025_00826.jpg,T2025_02068.jpg
0.1806,1,T2025_01402.jpg,T2025_03011.jpg
0.1786,1,T2025_02693.jpg,T2025_02628.jpg
0.3739,0,T2025_02330.jpg,T2025_00751.jpg
0.4840,0,T2025_01968.jpg,T2025_01716.jpg
0.1142,1,T2025_01252.jpg,T2025_02703.jpg
0.3134,1,T2025_02409.jpg,T2025_01915.jpg
0.1249,0,T2025_02960.jpg,T2025_02365.jpg
0.0576,0,T2025_00527.jpg,T2025_00686.jpg
-0.0131,0,T2025_00653.jpg,T2025_00472.jpg
0.3441,0,T2025_00981.jpg,T2025_00272.jpg
0.3006,1,T2025_02820.jpg,T2025_02058.jpg
0.1627,0,T2025_02775.jpg,T2025_00957.jpg
0.1934,0,T2025_00210.jpg,T2025_03025.jpg
0.2762,1,T2025_01513.jpg,T2025_02330.jpg
0.0860,0,T2025_00908.jpg,T2025_00119.jpg
0.2619,1,T2025_02985.jpg,T2025_02306.jpg
0.4822,1,T2025_01826.jpg,T2025_00312.jpg
0.0189,0,T2025_01639.jpg,T2025_01894.jpg
-0.0357,0,T2025_00997.jpg,T2025_00716.jpg
0.5222,0,T2025_01396.jpg,T2025_00814.jpg
0.1399,1,T2025_02460.jpg,T2025_00646.jpg
0.5084,1,T2025_01880.jpg,T2025_02803.jpg
-0.0109,0,T2025_02336.jpg,T2025_00429.jpg
0.0911,0,T2025_00284.jpg,T2025_02626.jpg
0.2290,0,T2025_03025.jpg,T2025_02026.jpg
0.2437,1,T2025_00343.jpg,T2025_00519.jpg
0.3688,0,T2025_00772.jpg,T2025_02052.jpg
0.1331,1,T2025_00540.jpg,T2025_01348.jpg
1.0000,0,T2025_02459.jpg,T2025_02459.jpg
0.4586,1,T2025_02947.jpg,T2025_01946.jpg
0.4630,1,T2025_03053.jpg,T2025_00218.jpg
0.4049,1,T2025_01647.jpg,T2025_02033.jpg
1.0000,1,T2025_02922.jpg,T2025_02922.jpg
0.2383,1,T2025_01147.jpg,T2025_02965.jpg
0.5808,1,T2025_02641.jpg,T2025_02857.jpg
0.1703,1,T2025_01401.jpg,T2025_00238.jpg
0.5341,1,T2025_02142.jpg,T2025_01553.jpg
0.0358,1,T2025_01489.jpg,T2025_02290.jpg
0.0517,0,T2025_01784.jpg,T2025_01967.jpg
0.1319,0,T2025_01978.jpg,T2025_02966.jpg
0.2840,1,T2025_00911.jpg,T2025_02620.jpg
-0.0203,1,T2025_01776.jpg,T2025_00472.jpg
0.3013,1,T2025_00737.jpg,T2025_01190.jpg
0.5695,1,T2025_02804.jpg,T2025_01063.jpg
0.2227,1,T2025_01110.jpg,T2025_02829.jpg
0.2910,1,T2025_02051.jpg,T2025_02891.jpg
0.0879,1,T2025_01192.jpg,T2025_01702.jpg
0.3953,0,T2025_02459.jpg,T2025_03082.jpg
0.2943,0,T2025_00592.jpg,T2025_01064.jpg
0.1619,1,T2025_01654.jpg,T2025_02161.jpg
0.2107,1,T2025_00338.jpg,T2025_02667.jpg
0.2319,0,T2025_01088.jpg,T2025_01273.jpg
-0.0463,1,T2025_00832.jpg,T2025_00877.jpg
0.1846,1,T2025_02151.jpg,T2025_02272.jpg
0.4703,0,T2025_00524.jpg,T2025_02317.jpg
0.8432,1,T2025_02366.jpg,T2025_00113.jpg
0.4049,0,T2025_00268.jpg,T2025_02650.jpg
-0.0253,1,T2025_01254.jpg,T2025_02137.jpg
0.5073,0,T2025_00305.jpg,T2025_00303.jpg
0.3675,1,T2025_00962.jpg,T2025_01287.jpg
0.5248,0,T2025_02418.jpg,T2025_00472.jpg
0.1986,0,T2025_01112.jpg,T2025_00921.jpg
0.1170,0,T2025_02064.jpg,T2025_00694.jpg
0.0904,0,T2025_00496.jpg,T2025_02865.jpg
0.0907,0,T2025_00965.jpg,T2025_03043.jpg
0.2161,0,T2025_01465.jpg,T2025_02906.jpg
0.3258,0,T2025_01634.jpg,T2025_02263.jpg
0.4976,1,T2025_00669.jpg,T2025_01809.jpg
0.0483,1,T2025_01652.jpg,T2025_02093.jpg
0.1452,1,T2025_00036.jpg,T2025_00760.jpg
0.2282,1,T2025_01572.jpg,T2025_01949.jpg
0.2680,1,T2025_01171.jpg,T2025_02139.jpg
0.2535,1,T2025_02468.jpg,T2025_00347.jpg
0.3480,0,T2025_02140.jpg,T2025_02957.jpg
0.2602,0,T2025_02083.jpg,T2025_02986.jpg
0.2003,0,T2025_00918.jpg,T2025_02187.jpg
0.8154,0,T2025_01246.jpg,T2025_01864.jpg
0.2620,1,T2025_01675.jpg,T2025_00523.jpg
0.7882,1,T2025_00440.jpg,T2025_02054.jpg
-0.0610,1,T2025_02896.jpg,T2025_02173.jpg
0.6350,0,T2025_02182.jpg,T2025_00820.jpg
0.0530,1,T2025_01700.jpg,T2025_00782.jpg
0.3084,1,T2025_00252.jpg,T2025_00660.jpg
0.5047,0,T2025_00095.jpg,T2025_00907.jpg
0.1941,0,T2025_02398.jpg,T2025_02985.jpg
0.7365,0,T2025_01301.jpg,T2025_00143.jpg
0.7167,1,T2025_01056.jpg,T2025_00369.jpg
0.2271,0,T2025_01962.jpg,T2025_02256.jpg
0.1998,0,T2025_02393.jpg,T2025_00254.jpg
0.2701,0,T2025_01746.jpg,T2025_02435.jpg
0.1104,0,T2025_01605.jpg,T2025_02984.jpg
0.0663,1,T2025_00767.jpg,T2025_02876.jpg
0.8153,1,T2025_00275.jpg,T2025_02992.jpg
-0.0025,0,T2025_00706.jpg,T2025_00462.jpg
0.6601,0,T2025_00140.jpg,T2025_01050.jpg
0.3089,0,T2025_00153.jpg,T2025_02141.jpg
0.4106,0,T2025_00012.jpg,T2025_00745.jpg
0.6271,0,T2025_00368.jpg,T2025_02958.jpg
0.2275,0,T2025_00114.jpg,T2025_02251.jpg
0.9148,0,T2025_00678.jpg,T2025_00732.jpg
0.6017,1,T2025_01488.jpg,T2025_00060.jpg
0.3592,1,T2025_00444.jpg,T2025_00204.jpg
0.7487,0,T2025_01380.jpg,T2025_01092.jpg
0.1060,1,T2025_00126.jpg,T2025_00441.jpg
0.2582,0,T2025_02686.jpg,T2025_01306.jpg
0.4832,1,T2025_02491.jpg,T2025_01700.jpg
0.4971,1,T2025_00003.jpg,T2025_02316.jpg
0.2420,1,T2025_03085.jpg,T2025_01944.jpg
0.3402,1,T2025_03044.jpg,T2025_02702.jpg
0.1056,0,T2025_01475.jpg,T2025_00334.jpg
0.4453,1,T2025_00734.jpg,T2025_00261.jpg
0.6301,1,T2025_02207.jpg,T2025_02326.jpg
0.5838,1,T2025_01864.jpg,T2025_00209.jpg
0.3513,0,T2025_02178.jpg,T2025_00475.jpg
0.0885,1,T2025_00260.jpg,T2025_02203.jpg
0.3115,1,T2025_01739.jpg,T2025_02809.jpg
0.3934,0,T2025_00803.jpg,T2025_01704.jpg
0.1210,1,T2025_01911.jpg,T2025_01040.jpg
0.8259,0,T2025_01529.jpg,T2025_01616.jpg
0.1889,0,T2025_02723.jpg,T2025_02063.jpg
0.4896,1,T2025_01093.jpg,T2025_02673.jpg
0.8159,0,T2025_00087.jpg,T2025_01463.jpg
0.2097,1,T2025_01916.jpg,T2025_00400.jpg
-0.0280,1,T2025_02980.jpg,T2025_00078.jpg
0.2197,0,T2025_00467.jpg,T2025_01345.jpg
0.8240,1,T2025_00483.jpg,T2025_02746.jpg
0.5938,0,T2025_02434.jpg,T2025_00649.jpg
0.4122,1,T2025_01504.jpg,T2025_02751.jpg
0.3110,0,T2025_02538.jpg,T2025_02422.jpg
0.1545,1,T2025_00494.jpg,T2025_00190.jpg
0.0582,1,T2025_01479.jpg,T2025_02878.jpg
0.2113,0,T2025_02307.jpg,T2025_01807.jpg
0.0666,0,T2025_00723.jpg,T2025_02953.jpg
-0.1735,0,T2025_02620.jpg,T2025_01358.jpg
0.2798,0,T2025_01600.jpg,T2025_01411.jpg
0.0504,1,T2025_02175.jpg,T2025_00765.jpg
0.7604,1,T2025_00369.jpg,T2025_00681.jpg
-0.0334,0,T2025_01007.jpg,T2025_02654.jpg
0.5259,1,T2025_01476.jpg,T2025_00606.jpg
0.2113,0,T2025_02068.jpg,T2025_00471.jpg
0.3183,0,T2025_01531.jpg,T2025_01190.jpg
0.3601,1,T2025_01942.jpg,T2025_02706.jpg
0.4141,0,T2025_02024.jpg,T2025_02802.jpg
0.4164,0,T2025_00966.jpg,T2025_01065.jpg
0.6880,0,T2025_00405.jpg,T2025_00805.jpg
0.5393,1,T2025_01495.jpg,T2025_01980.jpg
0.0700,1,T2025_00471.jpg,T2025_02070.jpg
0.2528,1,T2025_01354.jpg,T2025_01233.jpg
0.2019,1,T2025_02067.jpg,T2025_01767.jpg
0.0418,0,T2025_02507.jpg,T2025_02019.jpg
0.0249,1,T2025_00846.jpg,T2025_00657.jpg
0.0635,0,T2025_01282.jpg,T2025_01919.jpg
0.6201,0,T2025_01820.jpg,T2025_01248.jpg
0.4695,1,T2025_00575.jpg,T2025_00736.jpg
0.1001,0,T2025_01863.jpg,T2025_02607.jpg
0.8177,0,T2025_00693.jpg,T2025_01673.jpg
0.4444,1,T2025_00251.jpg,T2025_00733.jpg
0.2192,1,T2025_02754.jpg,T2025_02257.jpg
0.3197,1,T2025_01966.jpg,T2025_02680.jpg
0.2676,1,T2025_00089.jpg,T2025_02684.jpg
0.2707,1,T2025_02754.jpg,T2025_01829.jpg
0.6957,0,T2025_01437.jpg,T2025_01911.jpg
0.4414,0,T2025_00878.jpg,T2025_01295.jpg
0.5267,1,T2025_02470.jpg,T2025_00305.jpg
0.0185,0,T2025_02436.jpg,T2025_00188.jpg
0.5795,0,T2025_02808.jpg,T2025_00663.jpg
0.1795,0,T2025_02027.jpg,T2025_00610.jpg
0.2147,1,T2025_01633.jpg,T2025_01657.jpg
0.8339,1,T2025_01371.jpg,T2025_00185.jpg
0.7267,0,T2025_01459.jpg,T2025_02187.jpg
0.3662,0,T2025_02441.jpg,T2025_02618.jpg
0.0018,0,T2025_01228.jpg,T2025_02413.jpg
0.3817,0,T2025_01924.jpg,T2025_01387.jpg
0.2006,0,T2025_02262.jpg,T2025_01145.jpg
0.8753,0,T2025_00556.jpg,T2025_00527.jpg
0.5736,1,T2025_02320.jpg,T2025_00067.jpg
0.0166,0,T2025_00279.jpg,T2025_02176.jpg
0.1362,0,T2025_02319.jpg,T2025_03056.jpg
0.0819,0,T2025_01958.jpg,T2025_02735.jpg
0.2525,0,T2025_01178.jpg,T2025_00795.jpg
0.4713,0,T2025_00709.jpg,T2025_02261.jpg
0.1568,1,T2025_00588.jpg,T2025_03033.jpg
0.3531,0,T2025_01945.jpg,T2025_00424.jpg
0.0660,1,T2025_00789.jpg,T2025_01751.jpg
0.2571,1,T2025_01826.jpg,T2025_02971.jpg
-0.0931,0,T2025_01266.jpg,T2025_02049.jpg
0.1914,1,T2025_01367.jpg,T2025_02602.jpg
-0.0137,1,T2025_00291.jpg,T2025_00026.jpg
0.1248,1,T2025_00352.jpg,T2025_02432.jpg
0.2350,1,T2025_02719.jpg,T2025_02094.jpg
0.5629,0,T2025_00769.jpg,T2025_02853.jpg
0.7783,0,T2025_00032.jpg,T2025_01104.jpg
0.2748,1,T2025_02853.jpg,T2025_01164.jpg
0.4564,1,T2025_01326.jpg,T2025_02391.jpg
0.0400,1,T2025_01101.jpg,T2025_00257.jpg
0.3292,1,T2025_02113.jpg,T2025_00053.jpg
0.3541,1,T2025_02351.jpg,T2025_02097.jpg
0.3756,1,T2025_01002.jpg,T2025_00222.jpg
0.2000,0,T2025_02962.jpg,T2025_01714.jpg
0.2325,0,T2025_00200.jpg,T2025_01424.jpg
0.5889,1,T2025_00300.jpg,T2025_02763.jpg
-0.0478,1,T2025_01124.jpg,T2025_01329.jpg
0.5777,1,T2025_00125.jpg,T2025_02516.jpg
-0.0550,1,T2025_00379.jpg,T2025_02791.jpg
-0.1068,1,T2025_01176.jpg,T2025_02693.jpg
0.5390,1,T2025_01222.jpg,T2025_02447.jpg
0.4406,1,T2025_00092.jpg,T2025_02733.jpg
0.5910,0,T2025_02003.jpg,T2025_02248.jpg
0.4616,1,T2025_00080.jpg,T2025_00201.jpg
0.4305,0,T2025_02488.jpg,T2025_01330.jpg
0.4953,1,T2025_01113.jpg,T2025_02474.jpg
-0.0510,1,T2025_01352.jpg,T2025_01201.jpg
0.3067,1,T2025_02269.jpg,T2025_00558.jpg
0.6453,0,T2025_02227.jpg,T2025_03017.jpg
0.5715,0,T2025_00992.jpg,T2025_00978.jpg
0.1568,0,T2025_00937.jpg,T2025_02580.jpg
-0.0526,1,T2025_02061.jpg,T2025_01562.jpg
0.2568,1,T2025_00438.jpg,T2025_00819.jpg
0.3384,0,T2025_02246.jpg,T2025_02523.jpg
0.0285,1,T2025_00525.jpg,T2025_00446.jpg
0.5582,0,T2025_00925.jpg,T2025_01786.jpg
0.2208,1,T2025_02362.jpg,T2025_00998.jpg
-0.1438,1,T2025_01116.jpg,T2025_01006.jpg
0.1824,1,T2025_01121.jpg,T2025_00368.jpg
0.3297,0,T2025_02828.jpg,T2025_00115.jpg
-0.0618,0,T2025_00258.jpg,T2025_02032.jpg
-0.1276,1,T2025_01923.jpg,T2025_01773.jpg
0.8035,1,T2025_01923.jpg,T2025_02399.jpg
0.1355,0,T2025_01039.jpg,T2025_01276.jpg
0.3906,1,T2025_00633.jpg,T2025_00522.jpg
0.2829,1,T2025_00606.jpg,T2025_00854.jpg
0.3380,0,T2025_01816.jpg,T2025_02770.jpg
0.5250,1,T2025_00102.jpg,T2025_02144.jpg
0.1256,1,T2025_02515.jpg,T2025_00211.jpg
-0.0309,0,T2025_01890.jpg,T2025_00221.jpg
-0.0716,0,T2025_00719.jpg,T2025_00167.jpg
-0.0382,1,T2025_01518.jpg,T2025_00927.jpg
0.1979,0,T2025_01941.jpg,T2025_01959.jpg
0.6311,1,T2025_00190.jpg,T2025_00709.jpg
0.1801,0,T2025_01852.jpg,T2025_00658.jpg
0.8122,1,T2025_00370.jpg,T2025_00526.jpg
0.4951,1,T2025_02441.jpg,T2025_02274.jpg
0.5477,1,T2025_01066.jpg,T2025_02569.jpg
0.1288,0,T2025_01710.jpg,T2025_01101.jpg
0.1641,1,T2025_01566.jpg,T2025_00736.jpg
-0.0026,0,T2025_00313.jpg,T2025_00595.jpg
0.1576,0,T2025_02245.jpg,T2025_00903.jpg
0.4425,1,T2025_01270.jpg,T2025_00951.jpg
0.2403,0,T2025_01773.jpg,T2025_00367.jpg
0.6448,1,T2025_00321.jpg,T2025_02219.jpg
0.0872,1,T2025_00208.jpg,T2025_01746.jpg
0.4295,1,T2025_03043.jpg,T2025_02864.jpg
0.6373,0,T2025_00174.jpg,T2025_00793.jpg
0.3159,1,T2025_00528.jpg,T2025_02879.jpg
0.2799,0,T2025_00302.jpg,T2025_00802.jpg
0.1422,0,T2025_02912.jpg,T2025_01714.jpg
0.5528,0,T2025_01650.jpg,T2025_02956.jpg
0.2275,1,T2025_01336.jpg,T2025_02073.jpg
-0.0042,1,T2025_02831.jpg,T2025_01552.jpg
0.2825,0,T2025_01728.jpg,T2025_00380.jpg
-0.0240,0,T2025_00840.jpg,T2025_02710.jpg
0.6655,1,T2025_00926.jpg,T2025_00201.jpg
0.6900,1,T2025_00402.jpg,T2025_02535.jpg
0.4491,0,T2025_01698.jpg,T2025_01978.jpg
0.2031,0,T2025_02717.jpg,T2025_02225.jpg
0.4203,0,T2025_00992.jpg,T2025_02182.jpg
0.4544,0,T2025_02815.jpg,T2025_00537.jpg
0.2330,0,T2025_02638.jpg,T2025_00584.jpg
0.5865,0,T2025_00871.jpg,T2025_02590.jpg
0.6522,1,T2025_01440.jpg,T2025_03007.jpg
0.0548,0,T2025_00643.jpg,T2025_00647.jpg
0.5821,0,T2025_00866.jpg,T2025_00047.jpg
0.1428,0,T2025_02123.jpg,T2025_00200.jpg
0.3122,1,T2025_00154.jpg,T2025_00318.jpg
0.2516,1,T2025_01622.jpg,T2025_02835.jpg
0.2754,0,T2025_02802.jpg,T2025_02530.jpg
0.4699,0,T2025_01854.jpg,T2025_02786.jpg
0.7012,1,T2025_01970.jpg,T2025_00307.jpg
0.4419,1,T2025_02487.jpg,T2025_02394.jpg
0.0290,0,T2025_00042.jpg,T2025_02885.jpg
0.1053,1,T2025_00193.jpg,T2025_01355.jpg
0.1075,0,T2025_01823.jpg,T2025_01064.jpg
0.4277,1,T2025_01324.jpg,T2025_02562.jpg
0.1384,1,T2025_00297.jpg,T2025_02415.jpg
0.5871,0,T2025_03040.jpg,T2025_02224.jpg
0.1138,1,T2025_02847.jpg,T2025_02675.jpg
0.6747,1,T2025_03031.jpg,T2025_01572.jpg
0.6836,1,T2025_01380.jpg,T2025_02640.jpg
0.1030,0,T2025_02254.jpg,T2025_01067.jpg
0.6674,1,T2025_01502.jpg,T2025_00923.jpg
0.5826,0,T2025_01520.jpg,T2025_03001.jpg
0.0313,0,T2025_00603.jpg,T2025_01194.jpg
0.0808,1,T2025_02939.jpg,T2025_01173.jpg
0.5810,1,T2025_02812.jpg,T2025_02871.jpg
0.1185,1,T2025_01092.jpg,T2025_02285.jpg
0.1548,0,T2025_02389.jpg,T2025_02363.jpg
-0.1517,0,T2025_01190.jpg,T2025_02187.jpg
0.0681,1,T2025_00265.jpg,T2025_00916.jpg
0.1007,0,T2025_01472.jpg,T2025_02194.jpg
0.7549,1,T2025_01521.jpg,T2025_01239.jpg
0.3028,0,T2025_02814.jpg,T2025_01807.jpg
0.5514,0,T2025_02915.jpg,T2025_01853.jpg
0.4009,1,T2025_01253.jpg,T2025_02614.jpg
0.7598,0,T2025_02202.jpg,T2025_02252.jpg
0.4960,1,T2025_02530.jpg,T2025_00289.jpg
0.0811,1,T2025_01563.jpg,T2025_00730.jpg
0.2601,1,T2025_02147.jpg,T2025_01133.jpg
0.7495,0,T2025_02101.jpg,T2025_02065.jpg
0.6344,0,T2025_02182.jpg,T2025_02953.jpg
0.0720,1,T2025_02626.jpg,T2025_00245.jpg
0.5404,0,T2025_02097.jpg,T2025_01638.jpg
0.3921,1,T2025_01538.jpg,T2025_00095.jpg
0.4013,0,T2025_00618.jpg,T2025_00196.jpg
0.5709,1,T2025_02175.jpg,T2025_02962.jpg
0.0754,0,T2025_01598.jpg,T2025_02794.jpg
0.2349,1,T2025_02054.jpg,T2025_00268.jpg
0.2512,1,T2025_02306.jpg,T2025_02197.jpg
0.8079,0,T2025_00908.jpg,T2025_00137.jpg
0.0759,1,T2025_01359.jpg,T2025_00509.jpg
0.8681,0,T2025_00153.jpg,T2025_02810.jpg
0.2575,0,T2025_02302.jpg,T2025_01338.jpg
0.1667,0,T2025_00300.jpg,T2025_02177.jpg
0.0634,1,T2025_00066.jpg,T2025_01049.jpg
0.0707,1,T2025_01051.jpg,T2025_02899.jpg
0.0481,1,T2025_00732.jpg,T2025_02986.jpg
-0.0226,1,T2025_02374.jpg,T2025_01395.jpg
0.6813,0,T2025_01389.jpg,T2025_00957.jpg
0.2131,1,T2025_02075.jpg,T2025_00621.jpg
0.3478,1,T2025_00453.jpg,T2025_00801.jpg
0.4242,0,T2025_02991.jpg,T2025_00328.jpg
0.2212,0,T2025_00964.jpg,T2025_02685.jpg
0.6316,0,T2025_00113.jpg,T2025_01692.jpg
0.8185,0,T2025_02679.jpg,T2025_00614.jpg
0.0272,0,T2025_02669.jpg,T2025_01474.jpg
0.0890,1,T2025_01468.jpg,T2025_03042.jpg
0.4570,0,T2025_00939.jpg,T2025_02830.jpg
0.3288,0,T2025_00821.jpg,T2025_01315.jpg
0.8125,1,T2025_00304.jpg,T2025_01846.jpg
0.0944,0,T2025_00765.jpg,T2025_02725.jpg
0.5554,1,T2025_01094.jpg,T2025_01034.jpg
0.1995,0,T2025_00966.jpg,T2025_03089.jpg
0.4046,1,T2025_02212.jpg,T2025_01173.jpg
0.7215,0,T2025_03038.jpg,T2025_02404.jpg
0.2355,0,T2025_01674.jpg,T2025_02995.jpg
0.0398,0,T2025_01300.jpg,T2025_00471.jpg
0.2914,1,T2025_01685.jpg,T2025_02176.jpg
0.6769,0,T2025_00092.jpg,T2025_02949.jpg
0.6141,0,T2025_02789.jpg,T2025_01112.jpg
0.1124,1,T2025_01036.jpg,T2025_02079.jpg
0.4498,0,T2025_01417.jpg,T2025_01055.jpg
0.0811,0,T2025_02240.jpg,T2025_00373.jpg
0.7449,1,T2025_02122.jpg,T2025_00483.jpg
0.6535,0,T2025_01999.jpg,T2025_00189.jpg
0.2923,1,T2025_00395.jpg,T2025_02162.jpg
0.3965,0,T2025_02374.jpg,T2025_02578.jpg
0.1522,0,T2025_02503.jpg,T2025_02629.jpg
0.5065,0,T2025_01787.jpg,T2025_00822.jpg
-0.0366,0,T2025_02347.jpg,T2025_01837.jpg
0.2902,1,T2025_03089.jpg,T2025_02155.jpg
0.1453,0,T2025_02234.jpg,T2025_00038.jpg
0.2018,1,T2025_00645.jpg,T2025_01460.jpg
0.1653,1,T2025_01946.jpg,T2025_00430.jpg
0.4089,0,T2025_02578.jpg,T2025_02749.jpg
0.1832,0,T2025_02207.jpg,T2025_02317.jpg
0.3718,0,T2025_01336.jpg,T2025_01395.jpg
0.3248,1,T2025_02540.jpg,T2025_01759.jpg
-0.0338,0,T2025_02313.jpg,T2025_01297.jpg
0.4100,1,T2025_00428.jpg,T2025_01150.jpg
0.4215,1,T2025_01750.jpg,T2025_01327.jpg
0.1736,0,T2025_01152.jpg,T2025_02285.jpg
0.0021,0,T2025_03051.jpg,T2025_01731.jpg
0.6571,1,T2025_00320.jpg,T2025_00080.jpg
0.6697,1,T2025_00995.jpg,T2025_02839.jpg
0.4059,1,T2025_02389.jpg,T2025_00505.jpg
0.0405,0,T2025_00296.jpg,T2025_02226.jpg
-0.0593,1,T2025_02962.jpg,T2025_01780.jpg
0.2514,1,T2025_02170.jpg,T2025_00302.jpg
0.3202,0,T2025_00387.jpg,T2025_00285.jpg
0.3805,1,T2025_01026.jpg,T2025_00434.jpg
0.7342,1,T2025_00845.jpg,T2025_02158.jpg
-0.0469,1,T2025_02286.jpg,T2025_02209.jpg
0.0740,1,T2025_00096.jpg,T2025_01839.jpg
0.1964,1,T2025_02667.jpg,T2025_02902.jpg
0.2405,1,T2025_00573.jpg,T2025_01458.jpg
0.4161,1,T2025_00057.jpg,T2025_02285.jpg
0.6994,0,T2025_02839.jpg,T2025_00847.jpg
0.7084,1,T2025_02109.jpg,T2025_01931.jpg
0.2227,0,T2025_01744.jpg,T2025_01110.jpg
0.2249,0,T2025_00743.jpg,T2025_01365.jpg
0.0871,1,T2025_00489.jpg,T2025_01609.jpg
0.4009,1,T2025_00813.jpg,T2025_01154.jpg
0.0723,0,T2025_00245.jpg,T2025_02214.jpg
0.5498,0,T2025_02573.jpg,T2025_01086.jpg
0.4075,1,T2025_01672.jpg,T2025_00349.jpg
0.6329,1,T2025_01245.jpg,T2025_02752.jpg
0.3791,0,T2025_00727.jpg,T2025_02759.jpg
0.1098,0,T2025_00306.jpg,T2025_02419.jpg
0.5457,0,T2025_01469.jpg,T2025_02001.jpg
0.0681,0,T2025_01655.jpg,T2025_00763.jpg
0.3199,1,T2025_02379.jpg,T2025_03074.jpg
0.1927,0,T2025_01600.jpg,T2025_00654.jpg
0.3393,0,T2025_00503.jpg,T2025_01761.jpg
0.4993,0,T2025_02415.jpg,T2025_02031.jpg
0.7892,0,T2025_01055.jpg,T2025_00683.jpg
0.0888,0,T2025_01221.jpg,T2025_00172.jpg
0.7146,0,T2025_01623.jpg,T2025_03095.jpg
-0.0085,0,T2025_02286.jpg,T2025_01256.jpg
0.2724,1,T2025_01864.jpg,T2025_00159.jpg
0.7488,0,T2025_02039.jpg,T2025_01633.jpg
0.8687,1,T2025_03000.jpg,T2025_01653.jpg
0.4196,1,T2025_01960.jpg,T2025_00325.jpg
0.0002,1,T2025_02357.jpg,T2025_00507.jpg
0.2654,0,T2025_01961.jpg,T2025_00417.jpg
0.1850,0,T2025_02384.jpg,T2025_00634.jpg
0.1896,0,T2025_00785.jpg,T2025_01598.jpg
0.2800,1,T2025_02023.jpg,T2025_00511.jpg
0.2243,1,T2025_01154.jpg,T2025_00053.jpg
0.0414,0,T2025_00152.jpg,T2025_01551.jpg
0.7426,0,T2025_00514.jpg,T2025_00876.jpg
0.1091,1,T2025_01815.jpg,T2025_02333.jpg
0.0788,1,T2025_00354.jpg,T2025_00196.jpg
0.1545,0,T2025_01157.jpg,T2025_03066.jpg
-0.1336,0,T2025_02708.jpg,T2025_01338.jpg
-0.1007,1,T2025_00276.jpg,T2025_00209.jpg
0.0182,0,T2025_00914.jpg,T2025_00522.jpg
0.2782,1,T2025_01621.jpg,T2025_01711.jpg
0.1710,0,T2025_00119.jpg,T2025_01983.jpg
0.0929,0,T2025_00518.jpg,T2025_01801.jpg
0.1240,1,T2025_01497.jpg,T2025_00168.jpg
0.0481,1,T2025_00761.jpg,T2025_01433.jpg
0.3709,0,T2025_02298.jpg,T2025_01922.jpg
0.2565,0,T2025_00620.jpg,T2025_02973.jpg
0.3514,0,T2025_00930.jpg,T2025_01007.jpg
0.2121,1,T2025_00311.jpg,T2025_01501.jpg
0.0839,1,T2025_02437.jpg,T2025_01656.jpg
0.2505,1,T2025_01761.jpg,T2025_02132.jpg
0.1121,0,T2025_00465.jpg,T2025_00231.jpg
0.9079,0,T2025_01930.jpg,T2025_02404.jpg
0.3308,0,T2025_00973.jpg,T2025_00895.jpg
0.6291,0,T2025_01914.jpg,T2025_02599.jpg
0.8306,1,T2025_02896.jpg,T2025_02324.jpg
-0.1920,0,T2025_02385.jpg,T2025_01700.jpg
0.2916,1,T2025_00634.jpg,T2025_02470.jpg
0.4411,0,T2025_01551.jpg,T2025_00998.jpg
0.0340,1,T2025_02029.jpg,T2025_01071.jpg
0.1234,1,T2025_02186.jpg,T2025_01570.jpg
0.0724,0,T2025_00562.jpg,T2025_02008.jpg
-0.0110,1,T2025_00135.jpg,T2025_00487.jpg
0.9335,1,T2025_02005.jpg,T2025_01892.jpg
0.2660,0,T2025_02972.jpg,T2025_02774.jpg
0.1384,1,T2025_01132.jpg,T2025_01628.jpg
0.5092,0,T2025_01061.jpg,T2025_00054.jpg
-0.0424,0,T2025_02176.jpg,T2025_02061.jpg
0.0627,0,T2025_02886.jpg,T2025_02083.jpg
0.0736,0,T2025_02506.jpg,T2025_00390.jpg
0.8594,1,T2025_00392.jpg,T2025_02448.jpg
0.2767,0,T2025_01743.jpg,T2025_02846.jpg
0.1522,1,T2025_00159.jpg,T2025_01006.jpg
0.4708,0,T2025_02959.jpg,T2025_02103.jpg
0.1608,1,T2025_00065.jpg,T2025_02251.jpg
0.1217,0,T2025_00378.jpg,T2025_02427.jpg
0.0550,0,T2025_00350.jpg,T2025_02742.jpg
0.2625,1,T2025_01434.jpg,T2025_02879.jpg
0.1262,0,T2025_01114.jpg,T2025_00502.jpg
0.3458,1,T2025_02314.jpg,T2025_00162.jpg
0.4117,1,T2025_01831.jpg,T2025_02676.jpg
-0.0030,1,T2025_02672.jpg,T2025_02183.jpg
0.1166,0,T2025_01707.jpg,T2025_00431.jpg
0.7107,0,T2025_02609.jpg,T2025_01757.jpg
0.5167,1,T2025_01440.jpg,T2025_02824.jpg
-0.1037,1,T2025_02351.jpg,T2025_01133.jpg
0.2493,0,T2025_00809.jpg,T2025_02073.jpg
0.0766,1,T2025_00501.jpg,T2025_02062.jpg
-0.2029,0,T2025_02526.jpg,T2025_02152.jpg
0.3613,1,T2025_02775.jpg,T2025_01003.jpg
0.7107,1,T2025_01859.jpg,T2025_02679.jpg
0.1661,1,T2025_02792.jpg,T2025_00926.jpg
0.7132,1,T2025_02902.jpg,T2025_02469.jpg
1.0000,1,T2025_02178.jpg,T2025_02178.jpg
0.4661,1,T2025_02197.jpg,T2025_02315.jpg
0.4334,0,T2025_01400.jpg,T2025_02206.jpg
0.2610,1,T2025_01928.jpg,T2025_02813.jpg
-0.0360,0,T2025_03082.jpg,T2025_02135.jpg
0.5072,1,T2025_00312.jpg,T2025_01561.jpg
0.6523,0,T2025_01950.jpg,T2025_00137.jpg
0.2191,0,T2025_00791.jpg,T2025_02021.jpg
0.8161,1,T2025_01279.jpg,T2025_02495.jpg
0.3761,0,T2025_01816.jpg,T2025_00692.jpg
0.8524,1,T2025_02279.jpg,T2025_00981.jpg
0.2075,1,T2025_01131.jpg,T2025_01437.jpg
-0.0283,0,T2025_02486.jpg,T2025_02577.jpg
0.3074,0,T2025_00562.jpg,T2025_02470.jpg
0.5379,0,T2025_00013.jpg,T2025_02999.jpg
0.0088,1,T2025_03046.jpg,T2025_01829.jpg
0.2427,0,T2025_01834.jpg,T2025_01509.jpg
0.0603,0,T2025_02332.jpg,T2025_02203.jpg
0.2752,0,T2025_02514.jpg,T2025_01576.jpg
-0.0777,0,T2025_01786.jpg,T2025_00440.jpg
0.2806,0,T2025_01850.jpg,T2025_00362.jpg
0.3289,1,T2025_02710.jpg,T2025_03087.jpg
0.5137,1,T2025_02738.jpg,T2025_01902.jpg
0.4160,1,T2025_01128.jpg,T2025_01538.jpg
0.0780,1,T2025_02000.jpg,T2025_02656.jpg
-0.0563,0,T2025_00179.jpg,T2025_00225.jpg
0.1034,1,T2025_02961.jpg,T2025_01602.jpg
0.2216,1,T2025_00504.jpg,T2025_02564.jpg
0.0977,1,T2025_00754.jpg,T2025_00344.jpg
0.1734,1,T2025_01481.jpg,T2025_01892.jpg
0.0173,0,T2025_02946.jpg,T2025_02312.jpg
0.1217,1,T2025_02145.jpg,T2025_02425.jpg
0.4971,0,T2025_00855.jpg,T2025_02433.jpg
0.1646,1,T2025_00239.jpg,T2025_01111.jpg
0.2925,0,T2025_01670.jpg,T2025_01742.jpg
0.0795,0,T2025_02560.jpg,T2025_00339.jpg
0.0257,0,T2025_01048.jpg,T2025_02308.jpg
0.0647,1,T2025_02164.jpg,T2025_02442.jpg
0.2205,0,T2025_01495.jpg,T2025_02025.jpg
0.2597,0,T2025_02308.jpg,T2025_02821.jpg
0.3241,1,T2025_00283.jpg,T2025_00340.jpg
0.6099,1,T2025_02207.jpg,T2025_02045.jpg
0.6537,1,T2025_00309.jpg,T2025_00057.jpg
-0.0139,1,T2025_01152.jpg,T2025_02794.jpg
-0.0002,1,T2025_01843.jpg,T2025_02646.jpg
-0.0686,0,T2025_01862.jpg,T2025_00746.jpg
0.1376,1,T2025_00520.jpg,T2025_02656.jpg
0.6074,1,T2025_01984.jpg,T2025_01751.jpg
0.3239,0,T2025_01033.jpg,T2025_01759.jpg
0.3984,1,T2025_00116.jpg,T2025_02499.jpg
0.7859,1,T2025_02200.jpg,T2025_01070.jpg
0.8776,1,T2025_01930.jpg,T2025_01537.jpg
0.0757,1,T2025_01708.jpg,T2025_02382.jpg
0.0944,1,T2025_01821.jpg,T2025_01353.jpg
0.3432,1,T2025_02481.jpg,T2025_01691.jpg
-0.0924,0,T2025_02703.jpg,T2025_00432.jpg
0.4542,1,T2025_03082.jpg,T2025_02311.jpg
0.4525,0,T2025_01807.jpg,T2025_00097.jpg
0.1756,0,T2025_00384.jpg,T2025_03017.jpg
0.2392,0,T2025_01676.jpg,T2025_00351.jpg
0.2506,1,T2025_00773.jpg,T2025_01245.jpg
0.5607,1,T2025_02547.jpg,T2025_01409.jpg
0.7428,0,T2025_01457.jpg,T2025_00391.jpg
0.1404,1,T2025_01544.jpg,T2025_02847.jpg
0.5668,1,T2025_02122.jpg,T2025_00441.jpg
0.3917,1,T2025_00487.jpg,T2025_02861.jpg
0.2221,0,T2025_02157.jpg,T2025_02047.jpg
0.6677,1,T2025_01191.jpg,T2025_02760.jpg
0.2740,0,T2025_02454.jpg,T2025_01158.jpg
-0.0121,0,T2025_00267.jpg,T2025_00702.jpg
0.6120,0,T2025_00215.jpg,T2025_01105.jpg
0.6263,1,T2025_00333.jpg,T2025_02720.jpg
0.5564,1,T2025_02796.jpg,T2025_00611.jpg
0.6051,0,T2025_00594.jpg,T2025_02329.jpg
0.4941,1,T2025_02383.jpg,T2025_00377.jpg
0.5438,1,T2025_00485.jpg,T2025_01324.jpg
0.0922,1,T2025_01900.jpg,T2025_00750.jpg
-0.0802,1,T2025_02797.jpg,T2025_02217.jpg
-0.0229,1,T2025_00763.jpg,T2025_00997.jpg
0.0040,1,T2025_02098.jpg,T2025_02460.jpg
0.3283,1,T2025_01631.jpg,T2025_03002.jpg
0.0834,0,T2025_01324.jpg,T2025_01538.jpg
0.2277,0,T2025_02793.jpg,T2025_02729.jpg
0.2427,0,T2025_00204.jpg,T2025_01237.jpg
0.3696,0,T2025_02906.jpg,T2025_00547.jpg
0.0275,1,T2025_00766.jpg,T2025_02853.jpg
0.4948,0,T2025_02990.jpg,T2025_01538.jpg
0.5328,1,T2025_02331.jpg,T2025_01112.jpg
0.1300,0,T2025_01082.jpg,T2025_02539.jpg
0.4199,0,T2025_01156.jpg,T2025_02483.jpg
0.1198,0,T2025_01678.jpg,T2025_01480.jpg
-0.0510,1,T2025_01953.jpg,T2025_00679.jpg
0.0616,0,T2025_00497.jpg,T2025_01525.jpg
0.0114,0,T2025_00425.jpg,T2025_01827.jpg
0.9223,0,T2025_02894.jpg,T2025_02495.jpg
0.2495,1,T2025_00836.jpg,T2025_00410.jpg
0.5891,1,T2025_01327.jpg,T2025_01592.jpg
0.1519,0,T2025_00115.jpg,T2025_01743.jpg
0.7318,0,T2025_01350.jpg,T2025_03062.jpg
0.8529,1,T2025_02693.jpg,T2025_00512.jpg
0.1921,0,T2025_01866.jpg,T2025_00467.jpg
0.2032,0,T2025_03050.jpg,T2025_02950.jpg
0.4451,0,T2025_00516.jpg,T2025_02867.jpg
0.1906,0,T2025_01757.jpg,T2025_02590.jpg
-0.1916,1,T2025_02503.jpg,T2025_00152.jpg
0.6921,0,T2025_02720.jpg,T2025_00331.jpg
0.3072,0,T2025_02378.jpg,T2025_02764.jpg
0.5012,1,T2025_02212.jpg,T2025_01219.jpg
0.6975,0,T2025_01683.jpg,T2025_00237.jpg
0.4591,1,T2025_00601.jpg,T2025_00340.jpg
0.1493,1,T2025_00448.jpg,T2025_02891.jpg
0.3543,1,T2025_02893.jpg,T2025_01761.jpg
0.4189,1,T2025_00793.jpg,T2025_01943.jpg
0.6898,1,T2025_02882.jpg,T2025_02953.jpg
0.4189,1,T2025_01061.jpg,T2025_01895.jpg
0.8180,0,T2025_01799.jpg,T2025_01526.jpg
0.3590,1,T2025_00642.jpg,T2025_02184.jpg
0.7261,0,T2025_02407.jpg,T2025_01399.jpg
0.1516,1,T2025_02808.jpg,T2025_02279.jpg
0.5587,0,T2025_01005.jpg,T2025_00724.jpg
0.2674,0,T2025_00279.jpg,T2025_02279.jpg
0.1577,0,T2025_02653.jpg,T2025_02754.jpg
0.2775,0,T2025_02583.jpg,T2025_03041.jpg
0.1926,0,T2025_00227.jpg,T2025_01796.jpg
0.5020,1,T2025_01210.jpg,T2025_00795.jpg
0.5645,0,T2025_01457.jpg,T2025_02621.jpg
0.6768,1,T2025_02548.jpg,T2025_02112.jpg
0.2303,1,T2025_01176.jpg,T2025_00284.jpg
-0.0318,0,T2025_01168.jpg,T2025_00746.jpg
0.1086,1,T2025_01629.jpg,T2025_02809.jpg
0.1235,0,T2025_02304.jpg,T2025_00335.jpg
0.1600,0,T2025_00602.jpg,T2025_01701.jpg
0.3388,0,T2025_02750.jpg,T2025_02538.jpg
0.8111,1,T2025_01676.jpg,T2025_01043.jpg
0.3403,1,T2025_00442.jpg,T2025_00226.jpg
0.0229,0,T2025_00349.jpg,T2025_02107.jpg
0.2521,1,T2025_02203.jpg,T2025_01557.jpg
0.0353,0,T2025_02256.jpg,T2025_00383.jpg
0.3185,1,T2025_02934.jpg,T2025_01173.jpg
0.0956,0,T2025_00551.jpg,T2025_00743.jpg
0.5802,1,T2025_02799.jpg,T2025_03014.jpg
0.6232,1,T2025_02055.jpg,T2025_01481.jpg
0.8520,1,T2025_02048.jpg,T2025_00891.jpg
0.1245,0,T2025_01532.jpg,T2025_00268.jpg
0.2295,1,T2025_01601.jpg,T2025_01808.jpg
0.5359,0,T2025_02890.jpg,T2025_01285.jpg
0.3796,0,T2025_02971.jpg,T2025_00059.jpg
0.1134,1,T2025_00629.jpg,T2025_02061.jpg
0.3532,0,T2025_00127.jpg,T2025_02258.jpg
0.4850,0,T2025_01312.jpg,T2025_02923.jpg
0.7233,1,T2025_02469.jpg,T2025_01663.jpg
0.1463,1,T2025_03084.jpg,T2025_02208.jpg
0.2924,1,T2025_01851.jpg,T2025_03005.jpg
0.0884,1,T2025_02325.jpg,T2025_02747.jpg
0.0779,1,T2025_01581.jpg,T2025_01561.jpg
0.2808,0,T2025_00276.jpg,T2025_02210.jpg
0.2991,0,T2025_00851.jpg,T2025_02652.jpg
0.5684,1,T2025_00658.jpg,T2025_03074.jpg
0.4455,1,T2025_00982.jpg,T2025_02546.jpg
0.4560,0,T2025_02284.jpg,T2025_00279.jpg
0.0075,1,T2025_00011.jpg,T2025_01688.jpg
0.4365,0,T2025_02692.jpg,T2025_02540.jpg
0.1168,1,T2025_00010.jpg,T2025_02570.jpg
0.1864,0,T2025_01399.jpg,T2025_02450.jpg
-0.0466,1,T2025_02172.jpg,T2025_01588.jpg
0.2660,1,T2025_01510.jpg,T2025_00786.jpg
-0.0571,1,T2025_01231.jpg,T2025_01582.jpg
0.3694,0,T2025_00278.jpg,T2025_00091.jpg
0.3152,1,T2025_01189.jpg,T2025_00426.jpg
0.5228,1,T2025_01978.jpg,T2025_02507.jpg
0.8029,0,T2025_03084.jpg,T2025_01099.jpg
0.1244,0,T2025_02197.jpg,T2025_02453.jpg
0.2012,0,T2025_02897.jpg,T2025_03021.jpg
0.7957,0,T2025_01687.jpg,T2025_02747.jpg
0.4721,0,T2025_03087.jpg,T2025_00630.jpg
0.0959,0,T2025_00211.jpg,T2025_01905.jpg
0.3372,1,T2025_00684.jpg,T2025_00841.jpg
-0.0150,1,T2025_00035.jpg,T2025_01869.jpg
0.1400,0,T2025_00610.jpg,T2025_00538.jpg
0.5752,1,T2025_02293.jpg,T2025_02018.jpg
0.5530,0,T2025_00846.jpg,T2025_02218.jpg
0.4595,1,T2025_00812.jpg,T2025_02496.jpg
0.3748,0,T2025_00052.jpg,T2025_01752.jpg
0.0605,0,T2025_02490.jpg,T2025_01234.jpg
-0.0049,0,T2025_02536.jpg,T2025_02243.jpg
0.4723,0,T2025_01135.jpg,T2025_01343.jpg
0.3516,1,T2025_01670.jpg,T2025_02212.jpg
0.2322,1,T2025_02458.jpg,T2025_02350.jpg
-0.1584,1,T2025_00490.jpg,T2025_02675.jpg
0.5649,1,T2025_00623.jpg,T2025_00411.jpg
0.1801,0,T2025_01989.jpg,T2025_01066.jpg
0.1089,1,T2025_00272.jpg,T2025_00605.jpg
0.5146,1,T2025_02577.jpg,T2025_00494.jpg
0.5700,0,T2025_00978.jpg,T2025_00516.jpg
0.6361,0,T2025_00198.jpg,T2025_00869.jpg
0.0992,1,T2025_03063.jpg,T2025_02012.jpg
0.0494,0,T2025_02539.jpg,T2025_01146.jpg
0.1419,1,T2025_01800.jpg,T2025_02307.jpg
0.6186,0,T2025_02751.jpg,T2025_01164.jpg
0.0912,1,T2025_00977.jpg,T2025_01634.jpg
0.2160,0,T2025_02387.jpg,T2025_00104.jpg
0.4923,0,T2025_01295.jpg,T2025_01014.jpg
0.2233,1,T2025_02324.jpg,T2025_00870.jpg
0.3223,0,T2025_02619.jpg,T2025_01811.jpg
0.2620,1,T2025_01082.jpg,T2025_00512.jpg
0.1702,0,T2025_01830.jpg,T2025_00582.jpg
0.0257,1,T2025_01758.jpg,T2025_01714.jpg
0.5281,1,T2025_01841.jpg,T2025_00866.jpg
-0.1217,0,T2025_02041.jpg,T2025_00524.jpg
0.2163,1,T2025_01470.jpg,T2025_02171.jpg
0.2781,1,T2025_02297.jpg,T2025_01832.jpg
0.1701,0,T2025_02136.jpg,T2025_00869.jpg
0.2487,1,T2025_00164.jpg,T2025_02553.jpg
0.0504,1,T2025_01681.jpg,T2025_02059.jpg
0.1340,0,T2025_00817.jpg,T2025_02110.jpg
-0.0113,1,T2025_02772.jpg,T2025_00888.jpg
0.1496,1,T2025_03092.jpg,T2025_02011.jpg
0.3559,1,T2025_02661.jpg,T2025_00831.jpg
0.4974,0,T2025_02557.jpg,T2025_02537.jpg
0.8108,0,T2025_02747.jpg,T2025_01930.jpg
0.0638,1,T2025_02051.jpg,T2025_03067.jpg
0.6378,1,T2025_02826.jpg,T2025_00802.jpg
0.6531,0,T2025_02892.jpg,T2025_00652.jpg
0.5411,1,T2025_02649.jpg,T2025_01794.jpg
0.3710,1,T2025_02305.jpg,T2025_01806.jpg
0.0783,1,T2025_01028.jpg,T2025_02220.jpg
0.3662,1,T2025_01667.jpg,T2025_02470.jpg
0.1937,0,T2025_00253.jpg,T2025_01962.jpg
0.2710,0,T2025_01095.jpg,T2025_01736.jpg
0.5520,0,T2025_03096.jpg,T2025_02182.jpg
0.2504,1,T2025_00349.jpg,T2025_01709.jpg
0.0091,0,T2025_00486.jpg,T2025_00201.jpg
0.2831,1,T2025_02494.jpg,T2025_02077.jpg
0.1251,0,T2025_01813.jpg,T2025_02708.jpg
0.1202,0,T2025_01313.jpg,T2025_00954.jpg
0.1787,0,T2025_02714.jpg,T2025_01088.jpg
0.0559,0,T2025_02895.jpg,T2025_01231.jpg
0.3089,1,T2025_00731.jpg,T2025_01801.jpg
0.1370,1,T2025_00552.jpg,T2025_01786.jpg
0.9051,0,T2025_02580.jpg,T2025_00635.jpg
0.2020,0,T2025_02575.jpg,T2025_01667.jpg
-0.0871,0,T2025_02811.jpg,T2025_00589.jpg
0.1542,1,T2025_01832.jpg,T2025_01529.jpg
0.3086,0,T2025_01746.jpg,T2025_02864.jpg
0.6117,0,T2025_00473.jpg,T2025_01843.jpg
0.1716,1,T2025_02369.jpg,T2025_00306.jpg
0.6381,0,T2025_01138.jpg,T2025_01055.jpg
0.1251,0,T2025_02021.jpg,T2025_03007.jpg
0.0236,0,T2025_01839.jpg,T2025_02012.jpg
0.4543,1,T2025_01900.jpg,T2025_01149.jpg
0.4820,0,T2025_03053.jpg,T2025_00645.jpg
0.3799,1,T2025_00284.jpg,T2025_00560.jpg
0.9192,1,T2025_01813.jpg,T2025_00945.jpg
0.5893,0,T2025_02390.jpg,T2025_02439.jpg
-0.0426,1,T2025_00452.jpg,T2025_01643.jpg
0.6000,0,T2025_00915.jpg,T2025_01660.jpg
0.7733,0,T2025_00978.jpg,T2025_00811.jpg
0.1299,0,T2025_00976.jpg,T2025_01973.jpg
0.6917,1,T2025_01950.jpg,T2025_01673.jpg
0.1266,1,T2025_00360.jpg,T2025_01510.jpg
0.4659,0,T2025_00100.jpg,T2025_01165.jpg
0.0026,0,T2025_03102.jpg,T2025_01318.jpg
0.6236,1,T2025_02556.jpg,T2025_02411.jpg
0.0147,1,T2025_03093.jpg,T2025_00333.jpg
0.2550,0,T2025_01484.jpg,T2025_02188.jpg
0.1948,0,T2025_00316.jpg,T2025_00773.jpg
0.2563,1,T2025_00021.jpg,T2025_02521.jpg
0.2786,0,T2025_00211.jpg,T2025_01373.jpg
0.6087,0,T2025_02699.jpg,T2025_01412.jpg
0.2454,1,T2025_01115.jpg,T2025_02748.jpg
0.2086,1,T2025_00026.jpg,T2025_02857.jpg
0.1605,0,T2025_03013.jpg,T2025_00350.jpg
0.7129,0,T2025_00406.jpg,T2025_02882.jpg
0.6083,1,T2025_00670.jpg,T2025_02029.jpg
0.2123,0,T2025_01788.jpg,T2025_01828.jpg
0.5896,1,T2025_01820.jpg,T2025_02849.jpg
0.5992,1,T2025_02962.jpg,T2025_02423.jpg
0.5429,1,T2025_03096.jpg,T2025_00109.jpg
0.0268,0,T2025_02179.jpg,T2025_02165.jpg
0.5398,0,T2025_01881.jpg,T2025_02227.jpg
0.4458,0,T2025_00187.jpg,T2025_02296.jpg
0.0264,0,T2025_02884.jpg,T2025_01076.jpg
0.5298,1,T2025_01749.jpg,T2025_02207.jpg
0.2512,1,T2025_00428.jpg,T2025_00768.jpg
0.1888,0,T2025_00153.jpg,T2025_02395.jpg
0.4390,0,T2025_01185.jpg,T2025_00601.jpg
0.0046,0,T2025_02561.jpg,T2025_02137.jpg
0.1857,0,T2025_01828.jpg,T2025_00815.jpg
0.2661,1,T2025_01925.jpg,T2025_00219.jpg
0.2192,0,T2025_00906.jpg,T2025_00082.jpg
0.3968,1,T2025_02170.jpg,T2025_02499.jpg
-0.1304,0,T2025_00915.jpg,T2025_01198.jpg
0.4259,1,T2025_02463.jpg,T2025_01159.jpg
0.8027,1,T2025_00165.jpg,T2025_00858.jpg
0.2980,0,T2025_02241.jpg,T2025_02888.jpg
0.5467,1,T2025_02373.jpg,T2025_00651.jpg
0.5096,0,T2025_01150.jpg,T2025_00580.jpg
0.4638,0,T2025_00118.jpg,T2025_02565.jpg
0.4867,0,T2025_02529.jpg,T2025_00344.jpg
0.5046,0,T2025_01029.jpg,T2025_02640.jpg
0.7547,0,T2025_01214.jpg,T2025_01073.jpg
0.5312,1,T2025_02645.jpg,T2025_00873.jpg
0.2239,1,T2025_02945.jpg,T2025_02619.jpg
0.6892,1,T2025_02512.jpg,T2025_01547.jpg
0.6334,1,T2025_01240.jpg,T2025_02253.jpg
0.4324,0,T2025_02613.jpg,T2025_02015.jpg
0.0957,1,T2025_00430.jpg,T2025_01486.jpg
0.0809,1,T2025_00741.jpg,T2025_01415.jpg
0.3614,0,T2025_02719.jpg,T2025_01004.jpg
1.0000,0,T2025_00807.jpg,T2025_00807.jpg
-0.0577,1,T2025_00694.jpg,T2025_02580.jpg
0.5146,0,T2025_00158.jpg,T2025_00042.jpg
0.2404,0,T2025_00230.jpg,T2025_01621.jpg
-0.0406,1,T2025_02272.jpg,T2025_00358.jpg
0.2468,1,T2025_01977.jpg,T2025_00415.jpg
0.0057,1,T2025_01016.jpg,T2025_02390.jpg
-0.0494,0,T2025_02885.jpg,T2025_02479.jpg
0.3030,0,T2025_00279.jpg,T2025_01368.jpg
-0.1015,0,T2025_00176.jpg,T2025_03050.jpg
0.0877,0,T2025_01032.jpg,T2025_01883.jpg
0.3996,0,T2025_02467.jpg,T2025_00284.jpg
0.0473,1,T2025_00569.jpg,T2025_02721.jpg
0.5514,0,T2025_02200.jpg,T2025_00317.jpg
0.1772,0,T2025_00898.jpg,T2025_01521.jpg
0.0177,1,T2025_02936.jpg,T2025_02174.jpg
0.4482,1,T2025_03042.jpg,T2025_03065.jpg
0.3929,1,T2025_02544.jpg,T2025_00395.jpg
0.0411,1,T2025_01917.jpg,T2025_00072.jpg
0.6673,0,T2025_02493.jpg,T2025_01071.jpg
-0.1034,0,T2025_01298.jpg,T2025_01654.jpg
0.2565,1,T2025_00894.jpg,T2025_02340.jpg
0.4563,0,T2025_02530.jpg,T2025_00676.jpg
0.4625,0,T2025_00178.jpg,T2025_00498.jpg
0.4445,1,T2025_00812.jpg,T2025_01894.jpg
0.1151,1,T2025_01945.jpg,T2025_02035.jpg
0.2340,0,T2025_01367.jpg,T2025_01696.jpg
0.5876,0,T2025_02697.jpg,T2025_02113.jpg
0.3828,1,T2025_01555.jpg,T2025_01447.jpg
0.0657,1,T2025_00700.jpg,T2025_01260.jpg
0.5763,1,T2025_00081.jpg,T2025_03035.jpg
0.3956,0,T2025_01057.jpg,T2025_01506.jpg
0.7261,1,T2025_02596.jpg,T2025_01236.jpg
0.5442,1,T2025_02837.jpg,T2025_00952.jpg
0.2437,0,T2025_00918.jpg,T2025_00320.jpg
0.5606,1,T2025_02793.jpg,T2025_00517.jpg
0.2314,1,T2025_02804.jpg,T2025_01995.jpg
0.1556,0,T2025_01086.jpg,T2025_01185.jpg
0.6071,0,T2025_01679.jpg,T2025_00247.jpg
-0.1037,0,T2025_02978.jpg,T2025_00724.jpg
0.3911,1,T2025_01528.jpg,T2025_03015.jpg
0.4997,0,T2025_00233.jpg,T2025_00274.jpg
0.1546,0,T2025_00411.jpg,T2025_02168.jpg
0.4091,1,T2025_01787.jpg,T2025_01197.jpg
0.7278,1,T2025_00168.jpg,T2025_01005.jpg
0.0951,0,T2025_01103.jpg,T2025_01865.jpg
0.4980,1,T2025_00787.jpg,T2025_01721.jpg
0.5310,1,T2025_00336.jpg,T2025_01653.jpg
0.0994,1,T2025_01623.jpg,T2025_01065.jpg
0.1570,1,T2025_00368.jpg,T2025_01280.jpg
0.2530,0,T2025_02802.jpg,T2025_02985.jpg
0.2934,0,T2025_02991.jpg,T2025_02165.jpg
0.4330,0,T2025_02807.jpg,T2025_02796.jpg
0.2479,1,T2025_03039.jpg,T2025_00598.jpg
0.7001,0,T2025_02160.jpg,T2025_00304.jpg
0.0178,0,T2025_00565.jpg,T2025_02245.jpg
0.2260,0,T2025_00904.jpg,T2025_00110.jpg
0.7827,0,T2025_01259.jpg,T2025_02936.jpg
0.3725,1,T2025_03034.jpg,T2025_02317.jpg
0.0866,0,T2025_03038.jpg,T2025_02426.jpg
0.3008,1,T2025_01602.jpg,T2025_02259.jpg
0.4380,1,T2025_01499.jpg,T2025_02408.jpg
0.5073,0,T2025_02926.jpg,T2025_01905.jpg
0.3126,1,T2025_01765.jpg,T2025_01445.jpg
-0.0424,1,T2025_01734.jpg,T2025_00890.jpg
0.0003,0,T2025_01360.jpg,T2025_00133.jpg
0.2433,0,T2025_00660.jpg,T2025_01714.jpg
0.7702,0,T2025_02001.jpg,T2025_02463.jpg
0.1517,1,T2025_00429.jpg,T2025_01153.jpg
0.2895,1,T2025_01967.jpg,T2025_03010.jpg
0.3075,0,T2025_00772.jpg,T2025_02146.jpg
-0.1581,0,T2025_01882.jpg,T2025_03061.jpg
0.0627,1,T2025_02116.jpg,T2025_02201.jpg
0.4923,1,T2025_00679.jpg,T2025_00242.jpg
0.7471,1,T2025_03000.jpg,T2025_02917.jpg
-0.0071,0,T2025_01913.jpg,T2025_00010.jpg
0.0476,1,T2025_01624.jpg,T2025_02550.jpg
0.1607,1,T2025_01957.jpg,T2025_03104.jpg
0.0094,1,T2025_00216.jpg,T2025_00472.jpg
0.0822,0,T2025_02590.jpg,T2025_02369.jpg
0.8317,0,T2025_00551.jpg,T2025_03018.jpg
-0.0625,1,T2025_02455.jpg,T2025_00331.jpg
0.5898,1,T2025_03090.jpg,T2025_02582.jpg
0.6651,1,T2025_01087.jpg,T2025_01142.jpg
0.4053,1,T2025_00484.jpg,T2025_02215.jpg
0.1963,1,T2025_02226.jpg,T2025_01301.jpg
0.8054,0,T2025_02772.jpg,T2025_02409.jpg
0.5091,0,T2025_01948.jpg,T2025_00838.jpg
0.7931,1,T2025_00716.jpg,T2025_02071.jpg
0.0851,1,T2025_01046.jpg,T2025_00325.jpg
0.3117,1,T2025_02787.jpg,T2025_01863.jpg
0.2169,1,T2025_01584.jpg,T2025_00692.jpg
0.0700,1,T2025_02475.jpg,T2025_00468.jpg
0.4988,0,T2025_02742.jpg,T2025_00123.jpg
0.4229,1,T2025_02157.jpg,T2025_02911.jpg
0.4529,1,T2025_03081.jpg,T2025_01159.jpg
0.0924,0,T2025_01772.jpg,T2025_00051.jpg
0.3270,0,T2025_02974.jpg,T2025_01939.jpg
0.4529,1,T2025_02558.jpg,T2025_01136.jpg
0.2521,1,T2025_01356.jpg,T2025_00821.jpg
0.1456,0,T2025_02629.jpg,T2025_01901.jpg
0.0648,0,T2025_02134.jpg,T2025_00073.jpg
0.1155,1,T2025_02277.jpg,T2025_00290.jpg
0.1906,1,T2025_01742.jpg,T2025_00678.jpg
0.1537,0,T2025_01237.jpg,T2025_02722.jpg
0.5670,1,T2025_02224.jpg,T2025_01035.jpg
0.0648,1,T2025_01681.jpg,T2025_01876.jpg
0.0228,1,T2025_00682.jpg,T2025_01993.jpg
0.0030,0,T2025_00876.jpg,T2025_02169.jpg
0.2402,0,T2025_02863.jpg,T2025_02902.jpg
0.5406,1,T2025_02877.jpg,T2025_03072.jpg
0.5422,0,T2025_02187.jpg,T2025_00193.jpg
0.2433,0,T2025_01143.jpg,T2025_02601.jpg
0.3867,1,T2025_00782.jpg,T2025_01811.jpg
0.5394,0,T2025_01636.jpg,T2025_02110.jpg
0.9070,0,T2025_01836.jpg,T2025_01279.jpg
0.1907,0,T2025_00048.jpg,T2025_01268.jpg
0.3968,1,T2025_00946.jpg,T2025_02179.jpg
0.2501,0,T2025_01156.jpg,T2025_02704.jpg
0.7025,1,T2025_02733.jpg,T2025_02462.jpg
0.2434,1,T2025_03016.jpg,T2025_01656.jpg
0.6709,0,T2025_00514.jpg,T2025_02556.jpg
0.2457,1,T2025_01039.jpg,T2025_02427.jpg
0.8256,0,T2025_01987.jpg,T2025_00489.jpg
0.7052,1,T2025_00020.jpg,T2025_01677.jpg
0.2847,1,T2025_01742.jpg,T2025_00763.jpg
-0.0147,1,T2025_02810.jpg,T2025_02066.jpg
0.0836,0,T2025_01809.jpg,T2025_00919.jpg
0.1745,1,T2025_02909.jpg,T2025_00465.jpg
-0.0182,0,T2025_01311.jpg,T2025_01305.jpg
0.6031,1,T2025_00170.jpg,T2025_00266.jpg
0.3878,0,T2025_02323.jpg,T2025_02566.jpg
0.6935,1,T2025_01846.jpg,T2025_01705.jpg
0.4478,1,T2025_02842.jpg,T2025_00521.jpg
0.1923,0,T2025_02191.jpg,T2025_00667.jpg
0.2962,0,T2025_01212.jpg,T2025_01783.jpg
0.4272,1,T2025_01146.jpg,T2025_00211.jpg
0.5412,1,T2025_00293.jpg,T2025_01884.jpg
0.3690,1,T2025_00796.jpg,T2025_00648.jpg
1.0000,1,T2025_01449.jpg,T2025_01449.jpg
-0.0909,1,T2025_02942.jpg,T2025_00394.jpg
-0.0489,1,T2025_00785.jpg,T2025_00008.jpg
0.4497,0,T2025_02954.jpg,T2025_00234.jpg
0.6376,0,T2025_01261.jpg,T2025_01325.jpg
0.7616,1,T2025_00529.jpg,T2025_00133.jpg
0.4963,1,T2025_01515.jpg,T2025_01118.jpg
0.2972,0,T2025_00967.jpg,T2025_00716.jpg
-0.0147,1,T2025_02073.jpg,T2025_02894.jpg
0.5193,0,T2025_01571.jpg,T2025_00109.jpg
-0.0019,0,T2025_00132.jpg,T2025_01415.jpg
0.4274,0,T2025_01122.jpg,T2025_02323.jpg
0.1019,1,T2025_00645.jpg,T2025_01376.jpg
0.1668,0,T2025_01932.jpg,T2025_01325.jpg
0.0572,0,T2025_00484.jpg,T2025_01758.jpg
0.4517,1,T2025_02137.jpg,T2025_00740.jpg
0.0687,1,T2025_01601.jpg,T2025_01529.jpg
0.1446,1,T2025_01104.jpg,T2025_00219.jpg
0.3853,0,T2025_00088.jpg,T2025_02274.jpg
0.2644,1,T2025_00074.jpg,T2025_02152.jpg
0.1069,1,T2025_02075.jpg,T2025_00318.jpg
0.8518,1,T2025_01142.jpg,T2025_03038.jpg
0.4467,1,T2025_01145.jpg,T2025_01769.jpg
0.2768,0,T2025_00708.jpg,T2025_01188.jpg
0.3715,1,T2025_00365.jpg,T2025_02629.jpg
0.0467,1,T2025_02410.jpg,T2025_01494.jpg
0.4649,0,T2025_00131.jpg,T2025_03022.jpg
0.1904,1,T2025_02613.jpg,T2025_00113.jpg
0.0707,1,T2025_00216.jpg,T2025_00010.jpg
0.1433,1,T2025_00203.jpg,T2025_00734.jpg
-0.2022,0,T2025_00733.jpg,T2025_02886.jpg
0.0641,1,T2025_00107.jpg,T2025_00294.jpg
0.0579,0,T2025_03098.jpg,T2025_01253.jpg
1.0000,0,T2025_02115.jpg,T2025_02115.jpg
0.6490,0,T2025_00500.jpg,T2025_01944.jpg
0.4399,0,T2025_00653.jpg,T2025_00930.jpg
0.5733,0,T2025_00305.jpg,T2025_02114.jpg
-0.0411,1,T2025_00612.jpg,T2025_02650.jpg
0.0178,1,T2025_02552.jpg,T2025_02628.jpg
0.6538,1,T2025_00792.jpg,T2025_02954.jpg
0.2325,1,T2025_00795.jpg,T2025_02881.jpg
0.8572,0,T2025_02810.jpg,T2025_02769.jpg
0.0603,0,T2025_00327.jpg,T2025_02083.jpg
0.2607,0,T2025_00956.jpg,T2025_00284.jpg
0.0062,1,T2025_02326.jpg,T2025_00814.jpg
0.8093,1,T2025_01473.jpg,T2025_02571.jpg
-0.2339,0,T2025_01007.jpg,T2025_00498.jpg
0.1315,0,T2025_00871.jpg,T2025_00982.jpg
-0.0300,0,T2025_01374.jpg,T2025_02561.jpg
0.6042,1,T2025_01681.jpg,T2025_03064.jpg
0.1553,1,T2025_02035.jpg,T2025_01084.jpg
0.1250,1,T2025_02596.jpg,T2025_02055.jpg
0.4196,0,T2025_01321.jpg,T2025_00694.jpg
0.2338,0,T2025_00720.jpg,T2025_01817.jpg
0.2021,1,T2025_02340.jpg,T2025_02076.jpg
0.0453,0,T2025_01232.jpg,T2025_00024.jpg
0.4325,0,T2025_02161.jpg,T2025_03024.jpg
0.2123,1,T2025_00045.jpg,T2025_00136.jpg
0.7383,1,T2025_00107.jpg,T2025_03097.jpg
0.1277,0,T2025_01856.jpg,T2025_00338.jpg
0.3451,0,T2025_01827.jpg,T2025_02373.jpg
0.3472,1,T2025_02574.jpg,T2025_00269.jpg
0.1741,0,T2025_02719.jpg,T2025_00531.jpg
0.6307,1,T2025_02590.jpg,T2025_01409.jpg
1.0000,0,T2025_00362.jpg,T2025_00362.jpg
0.0025,1,T2025_02470.jpg,T2025_01212.jpg
-0.0255,0,T2025_02210.jpg,T2025_02101.jpg
0.5641,1,T2025_02394.jpg,T2025_01416.jpg
0.2303,1,T2025_02453.jpg,T2025_00539.jpg
0.2626,1,T2025_00108.jpg,T2025_02309.jpg
0.9142,0,T2025_01893.jpg,T2025_02992.jpg
0.0148,1,T2025_01416.jpg,T2025_02845.jpg
0.0964,1,T2025_00437.jpg,T2025_02639.jpg
0.1544,1,T2025_00038.jpg,T2025_00474.jpg
0.0043,1,T2025_02683.jpg,T2025_02401.jpg
0.4212,1,T2025_02161.jpg,T2025_02306.jpg
0.1907,0,T2025_00598.jpg,T2025_02945.jpg
0.6967,0,T2025_01522.jpg,T2025_00393.jpg
0.5348,1,T2025_03058.jpg,T2025_00632.jpg
0.6964,0,T2025_01352.jpg,T2025_00556.jpg
0.7902,0,T2025_01320.jpg,T2025_02089.jpg
0.3147,1,T2025_02109.jpg,T2025_00995.jpg
0.4539,1,T2025_02049.jpg,T2025_02932.jpg
0.6224,0,T2025_00199.jpg,T2025_01313.jpg
0.4502,0,T2025_02812.jpg,T2025_01070.jpg
0.4740,0,T2025_01959.jpg,T2025_01595.jpg
0.1831,0,T2025_00033.jpg,T2025_01850.jpg
0.1688,0,T2025_02394.jpg,T2025_02061.jpg
0.5330,0,T2025_02445.jpg,T2025_01438.jpg
0.6965,1,T2025_01241.jpg,T2025_00805.jpg
0.0145,1,T2025_01517.jpg,T2025_00334.jpg
0.1592,0,T2025_00560.jpg,T2025_02586.jpg
0.0263,0,T2025_01047.jpg,T2025_00005.jpg
0.3313,1,T2025_01141.jpg,T2025_01931.jpg
0.3281,1,T2025_01897.jpg,T2025_02888.jpg
0.5420,1,T2025_01322.jpg,T2025_00662.jpg
0.4189,1,T2025_02927.jpg,T2025_00881.jpg
0.4949,1,T2025_02937.jpg,T2025_00404.jpg
-0.0212,0,T2025_01416.jpg,T2025_02985.jpg
0.0080,1,T2025_02998.jpg,T2025_01837.jpg
0.4722,1,T2025_02705.jpg,T2025_01957.jpg
0.2885,0,T2025_01937.jpg,T2025_02624.jpg
0.4364,1,T2025_00703.jpg,T2025_00911.jpg
0.6852,0,T2025_01564.jpg,T2025_00656.jpg
0.6131,0,T2025_00054.jpg,T2025_02280.jpg
-0.0478,1,T2025_00617.jpg,T2025_01252.jpg
0.2003,1,T2025_01724.jpg,T2025_02514.jpg
0.0828,1,T2025_00937.jpg,T2025_02206.jpg
0.0805,0,T2025_01309.jpg,T2025_00983.jpg
0.1881,0,T2025_00522.jpg,T2025_01637.jpg
0.4459,0,T2025_00616.jpg,T2025_01732.jpg
0.6093,0,T2025_00680.jpg,T2025_02863.jpg
0.0578,1,T2025_01803.jpg,T2025_02521.jpg
0.7766,1,T2025_03061.jpg,T2025_01667.jpg
0.2142,1,T2025_01173.jpg,T2025_02362.jpg
0.1871,1,T2025_00762.jpg,T2025_00408.jpg
0.6472,1,T2025_00046.jpg,T2025_00680.jpg
0.2289,0,T2025_01426.jpg,T2025_01710.jpg
0.4782,0,T2025_00860.jpg,T2025_01895.jpg
0.0635,0,T2025_01303.jpg,T2025_01433.jpg
0.2967,0,T2025_02842.jpg,T2025_00865.jpg
0.1820,0,T2025_00954.jpg,T2025_01207.jpg
0.6988,1,T2025_02962.jpg,T2025_02779.jpg
0.4497,1,T2025_00678.jpg,T2025_01747.jpg
0.0118,1,T2025_02114.jpg,T2025_00411.jpg
0.1793,0,T2025_02025.jpg,T2025_02673.jpg
0.1970,1,T2025_01482.jpg,T2025_01691.jpg
0.0763,1,T2025_01447.jpg,T2025_01459.jpg
0.4039,1,T2025_01470.jpg,T2025_00546.jpg
0.2074,0,T2025_02288.jpg,T2025_00730.jpg
0.0874,1,T2025_02246.jpg,T2025_02958.jpg
0.2403,0,T2025_01454.jpg,T2025_01647.jpg
0.2222,1,T2025_02452.jpg,T2025_01981.jpg
0.2109,0,T2025_02023.jpg,T2025_01361.jpg
0.3356,0,T2025_01025.jpg,T2025_01165.jpg
0.3185,1,T2025_00338.jpg,T2025_01165.jpg
0.1580,1,T2025_02868.jpg,T2025_00463.jpg
0.6792,1,T2025_02906.jpg,T2025_03063.jpg
0.1624,0,T2025_01101.jpg,T2025_02967.jpg
1.0000,0,T2025_03080.jpg,T2025_03080.jpg
0.5513,0,T2025_01696.jpg,T2025_02772.jpg
0.0539,1,T2025_02077.jpg,T2025_02470.jpg
0.0594,1,T2025_01043.jpg,T2025_02206.jpg
-0.1033,1,T2025_00720.jpg,T2025_01191.jpg
0.1802,1,T2025_01303.jpg,T2025_00987.jpg
0.5525,0,T2025_02000.jpg,T2025_00423.jpg
0.6445,0,T2025_01992.jpg,T2025_00046.jpg
0.7037,1,T2025_02742.jpg,T2025_01764.jpg
0.2349,1,T2025_01278.jpg,T2025_01091.jpg
-0.0972,0,T2025_01138.jpg,T2025_01293.jpg
0.0168,1,T2025_01291.jpg,T2025_02624.jpg
0.8469,0,T2025_01869.jpg,T2025_01797.jpg
0.7272,0,T2025_01202.jpg,T2025_02765.jpg
0.5795,0,T2025_00734.jpg,T2025_00408.jpg
0.4746,1,T2025_02730.jpg,T2025_02684.jpg
-0.1490,0,T2025_00651.jpg,T2025_01140.jpg
0.6760,1,T2025_01814.jpg,T2025_01285.jpg
0.6216,1,T2025_00193.jpg,T2025_02273.jpg
0.4052,0,T2025_00630.jpg,T2025_00165.jpg
0.3153,1,T2025_02152.jpg,T2025_02544.jpg
0.0083,1,T2025_00115.jpg,T2025_01497.jpg
0.1555,0,T2025_01671.jpg,T2025_00130.jpg
-0.0351,0,T2025_02943.jpg,T2025_01506.jpg
0.0124,0,T2025_03078.jpg,T2025_02437.jpg
0.1697,0,T2025_00306.jpg,T2025_02750.jpg
0.2689,1,T2025_02047.jpg,T2025_01646.jpg
0.6567,1,T2025_03046.jpg,T2025_00644.jpg
0.2807,0,T2025_01031.jpg,T2025_00115.jpg
0.3220,1,T2025_01419.jpg,T2025_00262.jpg
0.1009,0,T2025_00145.jpg,T2025_00440.jpg
0.0857,0,T2025_02154.jpg,T2025_01606.jpg
0.5413,1,T2025_01294.jpg,T2025_00800.jpg
0.1474,1,T2025_00955.jpg,T2025_02061.jpg
0.6768,1,T2025_00681.jpg,T2025_01187.jpg
0.0651,0,T2025_01283.jpg,T2025_01137.jpg
0.2086,1,T2025_02590.jpg,T2025_02340.jpg
0.4625,1,T2025_00749.jpg,T2025_00405.jpg
0.3816,1,T2025_02185.jpg,T2025_01769.jpg
0.1335,1,T2025_02909.jpg,T2025_00203.jpg
0.4194,0,T2025_00748.jpg,T2025_02239.jpg
-0.1565,0,T2025_02686.jpg,T2025_02553.jpg
0.2753,0,T2025_01105.jpg,T2025_02266.jpg
0.0523,1,T2025_01824.jpg,T2025_00933.jpg
0.7441,0,T2025_02274.jpg,T2025_00225.jpg
0.4014,0,T2025_00031.jpg,T2025_02458.jpg
0.1458,0,T2025_02593.jpg,T2025_02318.jpg
0.0217,1,T2025_02759.jpg,T2025_01458.jpg
0.4668,1,T2025_01298.jpg,T2025_00336.jpg
0.6164,1,T2025_01200.jpg,T2025_00313.jpg
0.1159,1,T2025_01171.jpg,T2025_00873.jpg
0.3014,1,T2025_00857.jpg,T2025_02712.jpg
0.3257,1,T2025_01402.jpg,T2025_01106.jpg
0.1286,0,T2025_01507.jpg,T2025_00900.jpg
0.0732,0,T2025_00141.jpg,T2025_00166.jpg
0.5663,1,T2025_00571.jpg,T2025_01066.jpg
0.4170,1,T2025_02104.jpg,T2025_01725.jpg
0.5180,0,T2025_00523.jpg,T2025_01711.jpg
-0.0129,1,T2025_00112.jpg,T2025_02694.jpg
0.0901,0,T2025_00384.jpg,T2025_02411.jpg
0.1991,0,T2025_01933.jpg,T2025_00197.jpg
0.1030,1,T2025_02295.jpg,T2025_00893.jpg
0.3676,1,T2025_01555.jpg,T2025_00745.jpg
0.0780,0,T2025_01548.jpg,T2025_03051.jpg
0.6514,0,T2025_00973.jpg,T2025_01861.jpg
0.3974,1,T2025_02593.jpg,T2025_01490.jpg
0.5733,1,T2025_01225.jpg,T2025_01430.jpg
0.2459,1,T2025_02039.jpg,T2025_01059.jpg
0.0566,0,T2025_01233.jpg,T2025_00567.jpg
0.0288,1,T2025_00417.jpg,T2025_01758.jpg
0.6873,1,T2025_01099.jpg,T2025_01273.jpg
0.5341,0,T2025_01180.jpg,T2025_01003.jpg
0.8654,1,T2025_01872.jpg,T2025_00506.jpg
0.2377,0,T2025_00072.jpg,T2025_02389.jpg
0.0217,1,T2025_00590.jpg,T2025_02085.jpg
-0.2053,1,T2025_01189.jpg,T2025_00188.jpg
0.6532,1,T2025_02528.jpg,T2025_01149.jpg
0.8020,0,T2025_02746.jpg,T2025_02617.jpg
0.4330,1,T2025_00939.jpg,T2025_01143.jpg
0.1025,0,T2025_00381.jpg,T2025_00425.jpg
0.6310,1,T2025_00167.jpg,T2025_02632.jpg
0.7448,1,T2025_02121.jpg,T2025_02982.jpg
0.4775,1,T2025_02796.jpg,T2025_01257.jpg
0.7509,0,T2025_01217.jpg,T2025_02382.jpg
0.0417,1,T2025_00635.jpg,T2025_00188.jpg
0.0444,0,T2025_00067.jpg,T2025_02020.jpg
0.1059,1,T2025_02623.jpg,T2025_02715.jpg
0.1307,0,T2025_00097.jpg,T2025_03000.jpg
0.1130,0,T2025_01842.jpg,T2025_01031.jpg
0.6319,0,T2025_02098.jpg,T2025_01797.jpg
-0.0664,0,T2025_02996.jpg,T2025_00563.jpg
-0.1118,1,T2025_01588.jpg,T2025_02524.jpg
0.4960,1,T2025_02946.jpg,T2025_02361.jpg
0.5457,1,T2025_00196.jpg,T2025_00930.jpg
0.4445,1,T2025_02508.jpg,T2025_01850.jpg
0.3667,1,T2025_00417.jpg,T2025_01189.jpg
0.6629,0,T2025_02765.jpg,T2025_03084.jpg
0.5119,0,T2025_02328.jpg,T2025_00652.jpg
0.8128,1,T2025_01526.jpg,T2025_02745.jpg
0.6313,0,T2025_02981.jpg,T2025_02556.jpg
0.0616,0,T2025_02419.jpg,T2025_01276.jpg
0.0190,0,T2025_01375.jpg,T2025_01018.jpg
0.1387,1,T2025_03021.jpg,T2025_00649.jpg
0.1134,1,T2025_01969.jpg,T2025_02412.jpg
0.4708,0,T2025_02689.jpg,T2025_00243.jpg
0.0317,1,T2025_01340.jpg,T2025_01681.jpg
0.5661,1,T2025_01149.jpg,T2025_02132.jpg
0.6350,1,T2025_00876.jpg,T2025_00145.jpg
0.1439,1,T2025_02204.jpg,T2025_01065.jpg
0.1960,0,T2025_01717.jpg,T2025_00023.jpg
0.0986,0,T2025_02687.jpg,T2025_02320.jpg
1.0000,1,T2025_01685.jpg,T2025_01685.jpg
0.4330,1,T2025_00543.jpg,T2025_01613.jpg
0.0919,0,T2025_02122.jpg,T2025_01397.jpg
0.1624,1,T2025_01240.jpg,T2025_01902.jpg
0.2064,0,T2025_01934.jpg,T2025_01019.jpg
0.1074,1,T2025_00763.jpg,T2025_00820.jpg
0.5795,0,T2025_01028.jpg,T2025_01959.jpg
0.0492,0,T2025_00255.jpg,T2025_02397.jpg
0.5153,0,T2025_00982.jpg,T2025_02348.jpg
0.3819,1,T2025_00274.jpg,T2025_00284.jpg
0.2153,1,T2025_00671.jpg,T2025_00203.jpg
-0.0896,1,T2025_01554.jpg,T2025_00700.jpg
0.1956,0,T2025_02138.jpg,T2025_00938.jpg
0.2385,0,T2025_00602.jpg,T2025_02202.jpg
0.4568,1,T2025_01931.jpg,T2025_00662.jpg
0.0161,1,T2025_02397.jpg,T2025_01039.jpg
0.1167,0,T2025_00640.jpg,T2025_01062.jpg
0.0079,1,T2025_01895.jpg,T2025_02393.jpg
0.1723,1,T2025_00342.jpg,T2025_02727.jpg
0.5058,1,T2025_02381.jpg,T2025_01649.jpg
0.3810,0,T2025_01912.jpg,T2025_00366.jpg
-0.0711,1,T2025_00596.jpg,T2025_02603.jpg
0.0181,0,T2025_02685.jpg,T2025_02366.jpg
0.7971,1,T2025_01420.jpg,T2025_00622.jpg
0.5360,1,T2025_02585.jpg,T2025_03070.jpg
0.1227,1,T2025_00404.jpg,T2025_00059.jpg
0.2234,0,T2025_02036.jpg,T2025_00713.jpg
0.3306,0,T2025_01490.jpg,T2025_03020.jpg
-0.0876,0,T2025_01886.jpg,T2025_01217.jpg
0.7420,1,T2025_02304.jpg,T2025_02687.jpg
0.0374,0,T2025_01332.jpg,T2025_00811.jpg
0.1803,0,T2025_02282.jpg,T2025_00098.jpg
0.6204,0,T2025_01896.jpg,T2025_00436.jpg
0.5503,0,T2025_01999.jpg,T2025_01292.jpg
-0.0815,1,T2025_00415.jpg,T2025_01892.jpg
0.4701,0,T2025_00754.jpg,T2025_00955.jpg
0.2508,1,T2025_00230.jpg,T2025_01404.jpg
0.2518,0,T2025_02750.jpg,T2025_00833.jpg
-0.0323,0,T2025_01792.jpg,T2025_00714.jpg
0.5659,1,T2025_00064.jpg,T2025_00657.jpg
0.1675,0,T2025_01644.jpg,T2025_01674.jpg
0.0556,1,T2025_02132.jpg,T2025_01256.jpg
0.2094,1,T2025_00478.jpg,T2025_02727.jpg
0.8217,1,T2025_01878.jpg,T2025_02860.jpg
0.4245,0,T2025_00062.jpg,T2025_03001.jpg
-0.0454,1,T2025_00780.jpg,T2025_02533.jpg
0.7016,0,T2025_02995.jpg,T2025_02001.jpg
0.2760,1,T2025_01529.jpg,T2025_02337.jpg
0.2953,1,T2025_02296.jpg,T2025_00046.jpg
0.2770,1,T2025_02956.jpg,T2025_01733.jpg
0.7737,0,T2025_02480.jpg,T2025_00330.jpg
0.3297,0,T2025_01510.jpg,T2025_02473.jpg
-0.0553,0,T2025_03022.jpg,T2025_02784.jpg
0.2453,1,T2025_01610.jpg,T2025_01929.jpg
0.7781,0,T2025_00462.jpg,T2025_00148.jpg
0.4271,1,T2025_00135.jpg,T2025_03071.jpg
0.0134,0,T2025_01277.jpg,T2025_01106.jpg
0.2139,0,T2025_01774.jpg,T2025_00779.jpg
0.4187,1,T2025_00216.jpg,T2025_02419.jpg
0.2186,1,T2025_01512.jpg,T2025_01243.jpg
0.7800,1,T2025_01218.jpg,T2025_00046.jpg
0.1564,1,T2025_01117.jpg,T2025_02345.jpg
0.3886,1,T2025_01423.jpg,T2025_01352.jpg
0.8565,0,T2025_00213.jpg,T2025_00151.jpg
-0.0230,0,T2025_00490.jpg,T2025_03018.jpg
0.3448,1,T2025_01690.jpg,T2025_02644.jpg
0.4590,1,T2025_02991.jpg,T2025_02634.jpg
0.0842,1,T2025_02385.jpg,T2025_01370.jpg
0.4333,0,T2025_02219.jpg,T2025_00543.jpg
0.0478,0,T2025_01523.jpg,T2025_01322.jpg
0.4484,1,T2025_02308.jpg,T2025_01552.jpg
0.4192,0,T2025_02074.jpg,T2025_01685.jpg
0.1456,1,T2025_00450.jpg,T2025_00812.jpg
0.2621,0,T2025_00995.jpg,T2025_01055.jpg
0.0287,1,T2025_00220.jpg,T2025_02324.jpg
0.1580,1,T2025_01063.jpg,T2025_02049.jpg
0.3005,1,T2025_02220.jpg,T2025_02833.jpg
0.1829,1,T2025_02133.jpg,T2025_01378.jpg
0.4186,0,T2025_00207.jpg,T2025_01004.jpg
0.0613,1,T2025_00117.jpg,T2025_01582.jpg
0.1675,0,T2025_00821.jpg,T2025_01728.jpg
0.2839,1,T2025_01375.jpg,T2025_02408.jpg
0.1300,0,T2025_00726.jpg,T2025_00182.jpg
0.7866,0,T2025_00759.jpg,T2025_02713.jpg
0.3429,1,T2025_03074.jpg,T2025_01096.jpg
0.4358,1,T2025_01288.jpg,T2025_02184.jpg
0.5888,0,T2025_00906.jpg,T2025_00808.jpg
0.1009,1,T2025_01206.jpg,T2025_02831.jpg
0.2904,0,T2025_00457.jpg,T2025_00166.jpg
0.4385,0,T2025_02544.jpg,T2025_01643.jpg
0.2018,0,T2025_02815.jpg,T2025_03051.jpg
0.6743,1,T2025_00329.jpg,T2025_01497.jpg
0.2277,0,T2025_00825.jpg,T2025_01429.jpg
0.2108,1,T2025_01542.jpg,T2025_01942.jpg
0.0518,1,T2025_01869.jpg,T2025_02003.jpg
0.3158,0,T2025_02961.jpg,T2025_00546.jpg
-0.0113,0,T2025_01748.jpg,T2025_00677.jpg
0.6661,0,T2025_02054.jpg,T2025_02956.jpg
0.0654,0,T2025_00173.jpg,T2025_00406.jpg
0.2931,0,T2025_03024.jpg,T2025_02445.jpg
-0.0216,0,T2025_00036.jpg,T2025_00909.jpg
0.5725,1,T2025_01092.jpg,T2025_01173.jpg
-0.1253,0,T2025_00410.jpg,T2025_01460.jpg
-0.2837,1,T2025_02037.jpg,T2025_00640.jpg
0.3184,1,T2025_01075.jpg,T2025_01406.jpg
0.6495,1,T2025_00462.jpg,T2025_01209.jpg
0.3497,0,T2025_02493.jpg,T2025_01070.jpg
-0.0509,0,T2025_00232.jpg,T2025_01800.jpg
-0.0224,1,T2025_00281.jpg,T2025_01250.jpg
0.0119,0,T2025_02176.jpg,T2025_00566.jpg
0.3088,1,T2025_00431.jpg,T2025_01211.jpg
0.7537,1,T2025_02343.jpg,T2025_00635.jpg
0.0605,1,T2025_00465.jpg,T2025_02007.jpg
0.2412,1,T2025_01641.jpg,T2025_01519.jpg
-0.0351,1,T2025_02459.jpg,T2025_01498.jpg
0.6399,1,T2025_01490.jpg,T2025_02492.jpg
0.4582,0,T2025_00973.jpg,T2025_01005.jpg
0.1889,1,T2025_01915.jpg,T2025_00809.jpg
0.2626,0,T2025_00169.jpg,T2025_02820.jpg
1.0000,0,T2025_02583.jpg,T2025_02583.jpg
0.6137,1,T2025_01364.jpg,T2025_02513.jpg
0.7382,1,T2025_02769.jpg,T2025_01420.jpg
0.4835,0,T2025_00513.jpg,T2025_00732.jpg
0.0501,1,T2025_00748.jpg,T2025_01634.jpg
0.0648,0,T2025_02751.jpg,T2025_01705.jpg
0.4236,1,T2025_01609.jpg,T2025_00688.jpg
0.4856,1,T2025_00571.jpg,T2025_01003.jpg
0.4124,1,T2025_02757.jpg,T2025_02738.jpg
0.8592,0,T2025_01414.jpg,T2025_00617.jpg
0.2841,0,T2025_01231.jpg,T2025_01130.jpg
0.7284,0,T2025_01685.jpg,T2025_01879.jpg
0.2540,1,T2025_01805.jpg,T2025_00701.jpg
0.7237,1,T2025_00783.jpg,T2025_02107.jpg
0.0956,1,T2025_01030.jpg,T2025_02721.jpg
0.0633,1,T2025_01795.jpg,T2025_02647.jpg
0.3023,0,T2025_02624.jpg,T2025_02241.jpg
0.2645,1,T2025_01835.jpg,T2025_00246.jpg
0.6440,0,T2025_01372.jpg,T2025_00193.jpg
0.4700,0,T2025_01743.jpg,T2025_01470.jpg
-0.1021,0,T2025_02707.jpg,T2025_00891.jpg
0.0069,1,T2025_01063.jpg,T2025_00298.jpg
0.1657,0,T2025_02477.jpg,T2025_00355.jpg
0.1160,0,T2025_01173.jpg,T2025_00357.jpg
0.0873,1,T2025_01211.jpg,T2025_00047.jpg
0.3629,0,T2025_02320.jpg,T2025_01902.jpg
0.3543,0,T2025_03087.jpg,T2025_02383.jpg
0.3121,0,T2025_02550.jpg,T2025_02966.jpg
-0.0063,1,T2025_00090.jpg,T2025_00687.jpg
0.5139,1,T2025_01081.jpg,T2025_01883.jpg
-0.0388,1,T2025_02463.jpg,T2025_00750.jpg
0.1392,1,T2025_01086.jpg,T2025_00726.jpg
0.4160,1,T2025_00859.jpg,T2025_01722.jpg
0.1883,1,T2025_02898.jpg,T2025_00956.jpg
0.5016,0,T2025_01330.jpg,T2025_01872.jpg
0.7960,0,T2025_01413.jpg,T2025_01738.jpg
0.5903,1,T2025_00697.jpg,T2025_01568.jpg
0.7067,0,T2025_00826.jpg,T2025_00616.jpg
0.0529,1,T2025_00150.jpg,T2025_00602.jpg
-0.1593,0,T2025_01526.jpg,T2025_00063.jpg
0.2697,0,T2025_01391.jpg,T2025_00251.jpg
0.1552,0,T2025_01003.jpg,T2025_00276.jpg
0.0226,0,T2025_00930.jpg,T2025_02339.jpg
0.0881,1,T2025_02684.jpg,T2025_01204.jpg
0.3364,0,T2025_02071.jpg,T2025_02933.jpg
0.5402,1,T2025_02403.jpg,T2025_00340.jpg
0.5865,0,T2025_02875.jpg,T2025_00758.jpg
0.6282,1,T2025_02144.jpg,T2025_02540.jpg
0.0604,1,T2025_01642.jpg,T2025_01738.jpg
0.3461,0,T2025_02618.jpg,T2025_02379.jpg
0.1975,1,T2025_03080.jpg,T2025_02025.jpg
0.1456,1,T2025_00346.jpg,T2025_00858.jpg
0.6130,1,T2025_01112.jpg,T2025_01630.jpg
0.3700,1,T2025_02128.jpg,T2025_00865.jpg
0.5536,0,T2025_02827.jpg,T2025_01930.jpg
0.6209,0,T2025_01512.jpg,T2025_00349.jpg
0.0795,0,T2025_00580.jpg,T2025_02172.jpg
0.3000,0,T2025_02020.jpg,T2025_02776.jpg
0.2289,1,T2025_02122.jpg,T2025_02734.jpg
-0.0475,1,T2025_01658.jpg,T2025_03017.jpg
0.5069,0,T2025_01833.jpg,T2025_02326.jpg
0.4586,0,T2025_01336.jpg,T2025_02406.jpg
0.4446,1,T2025_01867.jpg,T2025_01189.jpg
0.3243,0,T2025_00050.jpg,T2025_00789.jpg
0.5808,1,T2025_01969.jpg,T2025_00028.jpg
0.0151,0,T2025_02178.jpg,T2025_02340.jpg
0.4984,0,T2025_00567.jpg,T2025_02280.jpg
0.0550,0,T2025_00574.jpg,T2025_01416.jpg
0.1609,0,T2025_01799.jpg,T2025_01575.jpg
0.0993,0,T2025_01100.jpg,T2025_00105.jpg
0.5027,1,T2025_01381.jpg,T2025_00517.jpg
0.2967,1,T2025_01704.jpg,T2025_01782.jpg
0.4300,1,T2025_00745.jpg,T2025_02704.jpg
0.0517,0,T2025_00114.jpg,T2025_02223.jpg
0.4233,1,T2025_01742.jpg,T2025_00744.jpg
0.6857,0,T2025_02185.jpg,T2025_00383.jpg
0.1660,0,T2025_00341.jpg,T2025_01096.jpg
0.4227,0,T2025_01737.jpg,T2025_03085.jpg
0.0996,0,T2025_02866.jpg,T2025_01275.jpg
0.1509,1,T2025_00163.jpg,T2025_01567.jpg
0.5347,0,T2025_01631.jpg,T2025_02306.jpg
0.5113,0,T2025_00448.jpg,T2025_01043.jpg
0.1759,0,T2025_01442.jpg,T2025_02719.jpg
0.1331,0,T2025_00278.jpg,T2025_03061.jpg
0.6191,1,T2025_01075.jpg,T2025_01691.jpg
0.1270,0,T2025_02963.jpg,T2025_00468.jpg
0.1058,1,T2025_02959.jpg,T2025_02604.jpg
0.2016,0,T2025_02153.jpg,T2025_02989.jpg
0.4561,0,T2025_01604.jpg,T2025_00161.jpg
0.9094,1,T2025_02908.jpg,T2025_02366.jpg
0.6645,0,T2025_02748.jpg,T2025_00333.jpg
0.8322,1,T2025_01218.jpg,T2025_01371.jpg
0.0723,0,T2025_00705.jpg,T2025_02655.jpg
0.3841,1,T2025_00721.jpg,T2025_01074.jpg
0.5758,1,T2025_01557.jpg,T2025_02948.jpg
0.2564,1,T2025_00969.jpg,T2025_02933.jpg
-0.0193,1,T2025_02078.jpg,T2025_01811.jpg
0.1768,1,T2025_01157.jpg,T2025_00152.jpg
0.0438,1,T2025_03000.jpg,T2025_02798.jpg
0.1119,0,T2025_01920.jpg,T2025_02621.jpg
0.8124,1,T2025_01862.jpg,T2025_00518.jpg
0.0198,1,T2025_02225.jpg,T2025_02791.jpg
0.4549,0,T2025_00383.jpg,T2025_03051.jpg
0.5071,1,T2025_00963.jpg,T2025_02610.jpg
0.6113,1,T2025_00980.jpg,T2025_02960.jpg
0.0193,0,T2025_01541.jpg,T2025_00168.jpg
0.0352,1,T2025_01035.jpg,T2025_00838.jpg
0.5357,1,T2025_01090.jpg,T2025_02937.jpg
0.5661,0,T2025_01534.jpg,T2025_01959.jpg
0.3829,0,T2025_00343.jpg,T2025_02267.jpg
0.3177,0,T2025_02594.jpg,T2025_02700.jpg
0.0285,0,T2025_00354.jpg,T2025_01134.jpg
0.1331,0,T2025_02449.jpg,T2025_01220.jpg
0.4489,1,T2025_02154.jpg,T2025_01002.jpg
0.2464,0,T2025_01171.jpg,T2025_02016.jpg
0.2932,1,T2025_01834.jpg,T2025_02501.jpg
0.1137,0,T2025_00070.jpg,T2025_02093.jpg
0.1366,0,T2025_01115.jpg,T2025_02076.jpg
0.2242,1,T2025_02293.jpg,T2025_01338.jpg
0.3259,0,T2025_02736.jpg,T2025_02259.jpg
0.1053,0,T2025_00429.jpg,T2025_01386.jpg
0.3968,1,T2025_01571.jpg,T2025_03011.jpg
0.1174,1,T2025_02285.jpg,T2025_01733.jpg
0.1322,1,T2025_01921.jpg,T2025_00650.jpg
0.4914,0,T2025_02128.jpg,T2025_00300.jpg
0.6992,0,T2025_00908.jpg,T2025_02272.jpg
0.4147,0,T2025_01343.jpg,T2025_00558.jpg
0.1291,0,T2025_02901.jpg,T2025_02000.jpg
0.5114,0,T2025_00990.jpg,T2025_00296.jpg
0.7868,0,T2025_01838.jpg,T2025_02703.jpg
0.3854,1,T2025_00284.jpg,T2025_00235.jpg
0.3178,0,T2025_00267.jpg,T2025_01910.jpg
0.2026,0,T2025_00339.jpg,T2025_00207.jpg
0.4281,1,T2025_02988.jpg,T2025_00970.jpg
0.2661,1,T2025_01723.jpg,T2025_00125.jpg
0.8472,0,T2025_02625.jpg,T2025_01021.jpg
0.0261,0,T2025_00162.jpg,T2025_01028.jpg
0.1953,0,T2025_01467.jpg,T2025_02445.jpg
-0.1038,0,T2025_00113.jpg,T2025_00694.jpg
0.4033,1,T2025_01660.jpg,T2025_01541.jpg
0.0873,0,T2025_01979.jpg,T2025_02034.jpg
0.1247,1,T2025_00215.jpg,T2025_00687.jpg
0.6632,0,T2025_02651.jpg,T2025_00326.jpg
0.2346,0,T2025_02766.jpg,T2025_01716.jpg
0.2220,0,T2025_02390.jpg,T2025_02652.jpg
0.3151,1,T2025_02140.jpg,T2025_00996.jpg
0.1241,1,T2025_01878.jpg,T2025_01514.jpg
-0.0677,0,T2025_01711.jpg,T2025_01432.jpg
0.2623,0,T2025_01691.jpg,T2025_01266.jpg
0.3767,1,T2025_01575.jpg,T2025_01988.jpg
0.4015,1,T2025_03057.jpg,T2025_01280.jpg
0.8018,0,T2025_02038.jpg,T2025_02886.jpg
0.5217,1,T2025_01117.jpg,T2025_02857.jpg
0.5282,1,T2025_02350.jpg,T2025_01901.jpg
0.7431,1,T2025_02914.jpg,T2025_01268.jpg
-0.0034,0,T2025_01342.jpg,T2025_01254.jpg
0.4885,1,T2025_00044.jpg,T2025_02234.jpg
0.1222,1,T2025_00503.jpg,T2025_02085.jpg
0.3748,0,T2025_01578.jpg,T2025_01597.jpg
0.3351,1,T2025_01480.jpg,T2025_00785.jpg
0.5634,1,T2025_02629.jpg,T2025_02574.jpg
0.1423,0,T2025_01387.jpg,T2025_02785.jpg
0.4564,0,T2025_01485.jpg,T2025_03063.jpg
0.1623,0,T2025_00129.jpg,T2025_01888.jpg
-0.0997,0,T2025_01346.jpg,T2025_02316.jpg
0.4351,1,T2025_00320.jpg,T2025_02466.jpg
0.0649,0,T2025_00689.jpg,T2025_00277.jpg
-0.0416,0,T2025_02203.jpg,T2025_02810.jpg
0.6981,1,T2025_01223.jpg,T2025_00729.jpg
0.6098,1,T2025_02898.jpg,T2025_00375.jpg
0.0805,0,T2025_00356.jpg,T2025_00518.jpg
0.5523,1,T2025_00966.jpg,T2025_01779.jpg
0.3595,0,T2025_00855.jpg,T2025_02170.jpg
0.4707,1,T2025_02136.jpg,T2025_00691.jpg
0.5877,1,T2025_02235.jpg,T2025_02371.jpg
0.1613,0,T2025_01658.jpg,T2025_01855.jpg
-0.1653,0,T2025_01013.jpg,T2025_00680.jpg
0.1343,0,T2025_00893.jpg,T2025_00006.jpg
0.1470,0,T2025_01017.jpg,T2025_00424.jpg
0.1557,1,T2025_02565.jpg,T2025_02538.jpg
0.0569,1,T2025_01591.jpg,T2025_02903.jpg
0.4471,0,T2025_02349.jpg,T2025_00949.jpg
-0.0466,1,T2025_00706.jpg,T2025_00610.jpg
0.5544,0,T2025_01095.jpg,T2025_02409.jpg
0.1816,1,T2025_01221.jpg,T2025_00515.jpg
0.5078,1,T2025_02326.jpg,T2025_02293.jpg
0.4160,1,T2025_02531.jpg,T2025_01004.jpg
0.5478,0,T2025_00021.jpg,T2025_02280.jpg
0.2241,0,T2025_00464.jpg,T2025_01903.jpg
0.3123,0,T2025_01289.jpg,T2025_00030.jpg
0.5639,1,T2025_02461.jpg,T2025_01400.jpg
0.1638,0,T2025_01526.jpg,T2025_00569.jpg
0.0652,1,T2025_03020.jpg,T2025_02108.jpg
0.1227,0,T2025_00456.jpg,T2025_00704.jpg
0.3972,0,T2025_02650.jpg,T2025_01760.jpg
0.1335,0,T2025_02289.jpg,T2025_00964.jpg
0.3559,0,T2025_00818.jpg,T2025_01358.jpg
0.2818,1,T2025_02147.jpg,T2025_02874.jpg
0.4481,0,T2025_02069.jpg,T2025_03079.jpg
0.2113,1,T2025_00975.jpg,T2025_01492.jpg
0.6351,0,T2025_00264.jpg,T2025_00907.jpg
0.7619,1,T2025_02567.jpg,T2025_00867.jpg
-0.0078,0,T2025_02880.jpg,T2025_01934.jpg
0.2083,0,T2025_02340.jpg,T2025_01741.jpg
0.3313,1,T2025_00712.jpg,T2025_02394.jpg
0.5600,1,T2025_01347.jpg,T2025_00947.jpg
0.3277,1,T2025_01600.jpg,T2025_01093.jpg
0.6684,0,T2025_01354.jpg,T2025_00705.jpg
0.0693,1,T2025_00059.jpg,T2025_01932.jpg
0.7626,1,T2025_01918.jpg,T2025_02853.jpg
0.5787,0,T2025_01452.jpg,T2025_00190.jpg
0.6574,0,T2025_01530.jpg,T2025_02309.jpg
-0.0345,1,T2025_01634.jpg,T2025_00455.jpg
0.4941,1,T2025_01955.jpg,T2025_01854.jpg
0.0008,0,T2025_00687.jpg,T2025_00765.jpg
0.2203,0,T2025_01131.jpg,T2025_01215.jpg
0.6685,0,T2025_01342.jpg,T2025_01485.jpg
-0.0723,0,T2025_02317.jpg,T2025_01209.jpg
0.1620,1,T2025_02174.jpg,T2025_00121.jpg
0.2921,0,T2025_00179.jpg,T2025_00365.jpg
0.7224,1,T2025_02195.jpg,T2025_01622.jpg
0.0149,1,T2025_00338.jpg,T2025_01454.jpg
0.4625,1,T2025_01770.jpg,T2025_00338.jpg
0.1556,1,T2025_02568.jpg,T2025_02486.jpg
0.2667,1,T2025_01606.jpg,T2025_03036.jpg
0.7680,1,T2025_02929.jpg,T2025_00137.jpg
0.2928,0,T2025_02169.jpg,T2025_03079.jpg
0.3216,0,T2025_00195.jpg,T2025_01259.jpg
0.3256,1,T2025_01013.jpg,T2025_01442.jpg
0.0621,0,T2025_00946.jpg,T2025_02285.jpg
0.8647,0,T2025_00500.jpg,T2025_02488.jpg
0.0096,1,T2025_00284.jpg,T2025_00137.jpg
0.2877,0,T2025_00543.jpg,T2025_02382.jpg
0.1718,0,T2025_01657.jpg,T2025_02856.jpg
0.0553,1,T2025_02049.jpg,T2025_00235.jpg
0.6861,1,T2025_01841.jpg,T2025_00560.jpg
0.4715,0,T2025_01996.jpg,T2025_01411.jpg
0.1958,1,T2025_00470.jpg,T2025_00819.jpg
0.8140,0,T2025_02635.jpg,T2025_01395.jpg
0.1394,1,T2025_02031.jpg,T2025_02875.jpg
-0.1443,1,T2025_00067.jpg,T2025_01933.jpg
0.7062,0,T2025_00396.jpg,T2025_00678.jpg
0.5896,1,T2025_00228.jpg,T2025_01426.jpg
0.6187,0,T2025_02863.jpg,T2025_02337.jpg
0.6924,0,T2025_00860.jpg,T2025_01650.jpg
0.3455,0,T2025_02574.jpg,T2025_02269.jpg
0.1492,0,T2025_01249.jpg,T2025_01966.jpg
0.1234,0,T2025_00322.jpg,T2025_00304.jpg
0.3054,0,T2025_00618.jpg,T2025_02737.jpg
0.5352,0,T2025_01487.jpg,T2025_02791.jpg
0.7917,0,T2025_00022.jpg,T2025_02978.jpg
-0.0372,1,T2025_01347.jpg,T2025_02076.jpg
0.1638,1,T2025_00283.jpg,T2025_01241.jpg
0.3769,1,T2025_02222.jpg,T2025_01861.jpg
0.1905,0,T2025_02901.jpg,T2025_02672.jpg
0.0083,1,T2025_02315.jpg,T2025_02342.jpg
0.4195,1,T2025_00951.jpg,T2025_02920.jpg
0.1715,1,T2025_01241.jpg,T2025_01725.jpg
0.2111,0,T2025_00812.jpg,T2025_00517.jpg
0.6191,0,T2025_02112.jpg,T2025_01222.jpg
0.0333,1,T2025_02420.jpg,T2025_02926.jpg
0.3618,1,T2025_00235.jpg,T2025_02024.jpg
0.7116,0,T2025_00554.jpg,T2025_00399.jpg
0.2017,0,T2025_00420.jpg,T2025_02616.jpg
0.4914,1,T2025_02263.jpg,T2025_01018.jpg
0.7458,1,T2025_02238.jpg,T2025_01060.jpg
0.5385,1,T2025_01408.jpg,T2025_02835.jpg
0.5195,0,T2025_01305.jpg,T2025_01283.jpg
0.4651,1,T2025_01269.jpg,T2025_03058.jpg
0.7282,1,T2025_02395.jpg,T2025_00112.jpg
0.6363,0,T2025_02476.jpg,T2025_00397.jpg
0.2231,1,T2025_01895.jpg,T2025_00783.jpg
0.3102,1,T2025_02456.jpg,T2025_02566.jpg
0.0398,1,T2025_00480.jpg,T2025_00818.jpg
-0.0462,0,T2025_01925.jpg,T2025_01427.jpg
0.1431,0,T2025_00036.jpg,T2025_01174.jpg
0.7000,0,T2025_02606.jpg,T2025_02847.jpg
0.1361,1,T2025_00470.jpg,T2025_02246.jpg
0.8176,0,T2025_00045.jpg,T2025_00635.jpg
0.3736,0,T2025_00328.jpg,T2025_01900.jpg
0.1084,0,T2025_01858.jpg,T2025_01275.jpg
0.2972,0,T2025_01398.jpg,T2025_00583.jpg
0.6081,1,T2025_01861.jpg,T2025_00507.jpg
0.1574,1,T2025_02476.jpg,T2025_02255.jpg
0.5157,0,T2025_00456.jpg,T2025_00634.jpg
0.7323,0,T2025_01886.jpg,T2025_02580.jpg
0.2051,0,T2025_01364.jpg,T2025_02598.jpg
0.6737,0,T2025_00603.jpg,T2025_01345.jpg
0.4674,0,T2025_00490.jpg,T2025_01177.jpg
-0.1606,1,T2025_02271.jpg,T2025_01227.jpg
0.0247,1,T2025_01218.jpg,T2025_00729.jpg
0.1839,0,T2025_02129.jpg,T2025_00655.jpg
0.7751,0,T2025_00498.jpg,T2025_02279.jpg
0.5029,1,T2025_02901.jpg,T2025_00743.jpg
0.4225,1,T2025_02347.jpg,T2025_02773.jpg
0.2401,0,T2025_01707.jpg,T2025_03030.jpg
0.3519,0,T2025_00686.jpg,T2025_02195.jpg
1.0000,0,T2025_01539.jpg,T2025_01539.jpg
0.5687,0,T2025_02219.jpg,T2025_02664.jpg
0.8170,1,T2025_01505.jpg,T2025_00945.jpg
0.6723,1,T2025_01898.jpg,T2025_01934.jpg
0.1139,0,T2025_00275.jpg,T2025_01830.jpg
0.0804,0,T2025_01747.jpg,T2025_01628.jpg
-0.0805,1,T2025_02511.jpg,T2025_00859.jpg
0.5192,1,T2025_02630.jpg,T2025_00652.jpg
-0.0218,1,T2025_00009.jpg,T2025_01917.jpg
0.1181,1,T2025_00505.jpg,T2025_02150.jpg
0.3072,1,T2025_00665.jpg,T2025_01002.jpg
0.2254,0,T2025_02163.jpg,T2025_00736.jpg
0.6301,0,T2025_00848.jpg,T2025_01842.jpg
0.8847,0,T2025_00128.jpg,T2025_01505.jpg
0.5309,0,T2025_01533.jpg,T2025_01186.jpg
0.8303,1,T2025_00968.jpg,T2025_02951.jpg
0.0485,0,T2025_02671.jpg,T2025_00332.jpg
0.0930,1,T2025_00541.jpg,T2025_01329.jpg
0.0093,1,T2025_01523.jpg,T2025_03013.jpg
0.6587,1,T2025_02240.jpg,T2025_02541.jpg
0.2209,0,T2025_01318.jpg,T2025_00767.jpg
0.1444,0,T2025_00576.jpg,T2025_00148.jpg
0.4751,1,T2025_02283.jpg,T2025_01534.jpg
-0.0309,0,T2025_01565.jpg,T2025_01008.jpg
-0.0771,1,T2025_02333.jpg,T2025_01355.jpg
0.6255,1,T2025_01943.jpg,T2025_00140.jpg
0.0462,0,T2025_02873.jpg,T2025_01933.jpg
0.7412,1,T2025_01802.jpg,T2025_02926.jpg
0.6363,1,T2025_02693.jpg,T2025_02931.jpg
0.4823,1,T2025_00450.jpg,T2025_01314.jpg
0.5632,1,T2025_01472.jpg,T2025_02381.jpg
0.7746,0,T2025_01384.jpg,T2025_02635.jpg
0.3054,1,T2025_02576.jpg,T2025_01440.jpg
0.0003,0,T2025_02287.jpg,T2025_01586.jpg
0.6847,1,T2025_00724.jpg,T2025_00395.jpg
0.1673,1,T2025_01958.jpg,T2025_01571.jpg
0.0263,0,T2025_02457.jpg,T2025_00154.jpg
0.0077,0,T2025_01353.jpg,T2025_01477.jpg
0.6066,1,T2025_02282.jpg,T2025_00465.jpg
0.3950,1,T2025_01481.jpg,T2025_02629.jpg
0.1422,1,T2025_00542.jpg,T2025_02376.jpg
0.3299,0,T2025_01719.jpg,T2025_02856.jpg
0.1401,1,T2025_01924.jpg,T2025_02335.jpg
0.1754,1,T2025_00273.jpg,T2025_00755.jpg
0.5358,0,T2025_03056.jpg,T2025_01727.jpg
0.0917,0,T2025_00957.jpg,T2025_01792.jpg
0.3810,1,T2025_02244.jpg,T2025_00875.jpg
0.8674,0,T2025_00329.jpg,T2025_02515.jpg
0.2597,0,T2025_01363.jpg,T2025_02396.jpg
0.4658,1,T2025_01725.jpg,T2025_03028.jpg
0.3717,1,T2025_02557.jpg,T2025_01406.jpg
0.0826,0,T2025_00200.jpg,T2025_01530.jpg
0.3277,0,T2025_00480.jpg,T2025_00578.jpg
0.3092,0,T2025_02130.jpg,T2025_00074.jpg
0.5649,1,T2025_01183.jpg,T2025_01091.jpg
0.7992,1,T2025_00780.jpg,T2025_00145.jpg
-0.0342,1,T2025_02980.jpg,T2025_02708.jpg
0.5484,0,T2025_01166.jpg,T2025_00210.jpg
0.6850,1,T2025_01973.jpg,T2025_02411.jpg
0.1327,0,T2025_01645.jpg,T2025_01446.jpg
0.4660,1,T2025_02576.jpg,T2025_03039.jpg
0.4123,1,T2025_02766.jpg,T2025_03065.jpg
0.6409,0,T2025_01885.jpg,T2025_02797.jpg
0.3398,1,T2025_02216.jpg,T2025_00331.jpg
-0.1261,1,T2025_02094.jpg,T2025_02995.jpg
0.0908,0,T2025_01938.jpg,T2025_00784.jpg
0.1787,0,T2025_02423.jpg,T2025_02119.jpg
0.2393,0,T2025_01370.jpg,T2025_02764.jpg
0.3675,0,T2025_01777.jpg,T2025_02688.jpg
0.6025,1,T2025_01138.jpg,T2025_01309.jpg
0.7541,1,T2025_01511.jpg,T2025_01819.jpg
-0.0296,0,T2025_01849.jpg,T2025_00903.jpg
0.6262,0,T2025_01290.jpg,T2025_01433.jpg
0.1296,0,T2025_01535.jpg,T2025_00267.jpg
0.1195,1,T2025_02969.jpg,T2025_00136.jpg
0.4195,0,T2025_02281.jpg,T2025_02072.jpg
-0.0112,1,T2025_02275.jpg,T2025_02601.jpg
0.6025,1,T2025_02669.jpg,T2025_00707.jpg
0.5739,1,T2025_01651.jpg,T2025_01176.jpg
0.1490,0,T2025_00659.jpg,T2025_00834.jpg
-0.0197,1,T2025_02215.jpg,T2025_02596.jpg
-0.1310,0,T2025_01021.jpg,T2025_01111.jpg
0.8400,0,T2025_01669.jpg,T2025_02006.jpg
0.3065,0,T2025_01873.jpg,T2025_00013.jpg
0.3067,0,T2025_01556.jpg,T2025_01323.jpg
0.4728,1,T2025_00990.jpg,T2025_02573.jpg
0.2519,0,T2025_02725.jpg,T2025_02501.jpg
0.0304,1,T2025_02135.jpg,T2025_00215.jpg
0.2277,0,T2025_02021.jpg,T2025_02170.jpg
-0.0325,1,T2025_00002.jpg,T2025_02695.jpg
0.2789,0,T2025_01115.jpg,T2025_01820.jpg
0.1222,1,T2025_01726.jpg,T2025_02283.jpg
-0.0386,1,T2025_00319.jpg,T2025_01072.jpg
0.4386,0,T2025_03024.jpg,T2025_02230.jpg
0.5399,1,T2025_02729.jpg,T2025_00721.jpg
0.6145,1,T2025_01679.jpg,T2025_02739.jpg
0.4890,0,T2025_02572.jpg,T2025_02666.jpg
0.0757,1,T2025_02622.jpg,T2025_01387.jpg
0.5978,1,T2025_02787.jpg,T2025_01110.jpg
0.0477,0,T2025_00625.jpg,T2025_00060.jpg
0.5334,0,T2025_01915.jpg,T2025_01243.jpg
0.0617,1,T2025_00233.jpg,T2025_00321.jpg
0.1595,0,T2025_02496.jpg,T2025_02662.jpg
0.7285,1,T2025_01738.jpg,T2025_01047.jpg
0.2711,0,T2025_00978.jpg,T2025_01462.jpg
0.1995,0,T2025_00523.jpg,T2025_02483.jpg
0.3963,0,T2025_03046.jpg,T2025_01811.jpg
0.3277,0,T2025_00152.jpg,T2025_02767.jpg
0.0812,0,T2025_03014.jpg,T2025_02080.jpg
0.0414,1,T2025_01793.jpg,T2025_00449.jpg
0.8249,1,T2025_02462.jpg,T2025_01250.jpg
0.6067,0,T2025_02532.jpg,T2025_02773.jpg
0.6695,0,T2025_01955.jpg,T2025_02375.jpg
0.6780,0,T2025_00448.jpg,T2025_01209.jpg
0.0961,0,T2025_00524.jpg,T2025_00246.jpg
0.7418,0,T2025_00108.jpg,T2025_02678.jpg
0.1651,0,T2025_01312.jpg,T2025_02698.jpg
0.7522,1,T2025_01308.jpg,T2025_02227.jpg
0.8279,1,T2025_00659.jpg,T2025_01450.jpg
0.1134,1,T2025_01535.jpg,T2025_01977.jpg
0.7002,0,T2025_00706.jpg,T2025_01336.jpg
0.4088,1,T2025_00459.jpg,T2025_02909.jpg
-0.0016,1,T2025_00842.jpg,T2025_01978.jpg
0.1985,1,T2025_00822.jpg,T2025_02427.jpg
0.1296,0,T2025_02177.jpg,T2025_02664.jpg
0.2790,1,T2025_00781.jpg,T2025_02394.jpg
0.5313,1,T2025_01793.jpg,T2025_01109.jpg
0.2884,1,T2025_02927.jpg,T2025_02799.jpg
0.1025,1,T2025_00102.jpg,T2025_02060.jpg
0.7843,0,T2025_01663.jpg,T2025_02508.jpg
0.6542,1,T2025_01269.jpg,T2025_01075.jpg
0.2865,1,T2025_00974.jpg,T2025_01323.jpg
0.6101,1,T2025_02816.jpg,T2025_00722.jpg
0.1700,0,T2025_02081.jpg,T2025_00871.jpg
0.5311,1,T2025_00293.jpg,T2025_00873.jpg
0.0320,0,T2025_01498.jpg,T2025_01278.jpg
-0.0420,0,T2025_02529.jpg,T2025_02693.jpg
0.1319,1,T2025_01159.jpg,T2025_01229.jpg
0.2189,0,T2025_01080.jpg,T2025_00558.jpg
0.0764,0,T2025_02276.jpg,T2025_01631.jpg
0.0382,1,T2025_00455.jpg,T2025_02788.jpg
0.7585,0,T2025_00076.jpg,T2025_02269.jpg
0.4095,0,T2025_03047.jpg,T2025_02397.jpg
0.4697,1,T2025_00340.jpg,T2025_02609.jpg
0.3137,1,T2025_00625.jpg,T2025_02979.jpg
0.1865,0,T2025_02771.jpg,T2025_02976.jpg
0.8196,1,T2025_01838.jpg,T2025_02817.jpg
0.0891,1,T2025_00771.jpg,T2025_02136.jpg
0.3905,0,T2025_00541.jpg,T2025_02041.jpg
0.6307,0,T2025_01617.jpg,T2025_02002.jpg
0.4291,1,T2025_01410.jpg,T2025_00797.jpg
0.7370,0,T2025_01583.jpg,T2025_02690.jpg
0.2252,0,T2025_01536.jpg,T2025_01575.jpg
0.4745,1,T2025_00800.jpg,T2025_02219.jpg
0.1620,1,T2025_01348.jpg,T2025_00976.jpg
0.6093,0,T2025_01734.jpg,T2025_02801.jpg
0.3399,1,T2025_02931.jpg,T2025_01465.jpg
0.1005,1,T2025_01604.jpg,T2025_02174.jpg
0.5633,0,T2025_00534.jpg,T2025_00020.jpg
0.1064,1,T2025_02731.jpg,T2025_01153.jpg
0.3199,1,T2025_02207.jpg,T2025_01550.jpg
0.5024,0,T2025_00957.jpg,T2025_00069.jpg
0.2041,1,T2025_00376.jpg,T2025_02678.jpg
0.0615,1,T2025_00494.jpg,T2025_02885.jpg
0.4034,1,T2025_00103.jpg,T2025_02523.jpg
0.0530,0,T2025_02335.jpg,T2025_00065.jpg
0.1844,1,T2025_01354.jpg,T2025_00189.jpg
0.7183,1,T2025_01613.jpg,T2025_03053.jpg
0.0015,1,T2025_02767.jpg,T2025_01421.jpg
0.4131,1,T2025_02295.jpg,T2025_00240.jpg
0.3125,1,T2025_00383.jpg,T2025_00590.jpg
0.4191,1,T2025_00907.jpg,T2025_02401.jpg
0.3781,1,T2025_02363.jpg,T2025_00039.jpg
0.8122,1,T2025_02592.jpg,T2025_01892.jpg
0.3332,1,T2025_00848.jpg,T2025_00358.jpg
0.2215,1,T2025_02730.jpg,T2025_01545.jpg
0.6780,1,T2025_02182.jpg,T2025_01426.jpg
-0.0813,1,T2025_03032.jpg,T2025_00184.jpg
0.0556,0,T2025_00280.jpg,T2025_01184.jpg
0.8453,1,T2025_02048.jpg,T2025_02101.jpg
0.6114,0,T2025_00753.jpg,T2025_02013.jpg
0.1648,1,T2025_01061.jpg,T2025_00123.jpg
0.7802,0,T2025_00035.jpg,T2025_02992.jpg
0.2815,0,T2025_00414.jpg,T2025_01201.jpg
0.0601,0,T2025_01246.jpg,T2025_02327.jpg
0.2788,0,T2025_03044.jpg,T2025_02558.jpg
0.5721,0,T2025_01551.jpg,T2025_00500.jpg
-0.0250,0,T2025_01360.jpg,T2025_02724.jpg
0.5549,0,T2025_01754.jpg,T2025_03052.jpg
0.0847,0,T2025_00473.jpg,T2025_00937.jpg
0.6670,0,T2025_01202.jpg,T2025_00173.jpg
0.0879,0,T2025_02672.jpg,T2025_00547.jpg
0.3823,0,T2025_00128.jpg,T2025_02280.jpg
0.0547,0,T2025_02386.jpg,T2025_02432.jpg
0.0969,0,T2025_01624.jpg,T2025_02589.jpg
0.4377,1,T2025_00922.jpg,T2025_02869.jpg
0.2038,0,T2025_00641.jpg,T2025_01935.jpg
0.6135,0,T2025_00209.jpg,T2025_03046.jpg
0.4443,1,T2025_00980.jpg,T2025_02026.jpg
-0.1431,0,T2025_02429.jpg,T2025_00309.jpg
0.0059,0,T2025_01551.jpg,T2025_01565.jpg
0.2438,1,T2025_02678.jpg,T2025_01440.jpg
0.3897,1,T2025_02020.jpg,T2025_03058.jpg
0.2523,0,T2025_02109.jpg,T2025_01018.jpg
0.1920,1,T2025_00722.jpg,T2025_02456.jpg
0.3354,0,T2025_03015.jpg,T2025_02943.jpg
0.2603,1,T2025_02283.jpg,T2025_00769.jpg
0.2706,1,T2025_00141.jpg,T2025_01261.jpg
0.2681,0,T2025_02613.jpg,T2025_01723.jpg
0.3859,0,T2025_01429.jpg,T2025_01191.jpg
0.3158,1,T2025_01399.jpg,T2025_01431.jpg
-0.0151,0,T2025_02527.jpg,T2025_02524.jpg
0.3702,1,T2025_02262.jpg,T2025_01261.jpg
0.8730,1,T2025_01879.jpg,T2025_01930.jpg
0.1691,1,T2025_02088.jpg,T2025_00129.jpg
0.5556,1,T2025_01182.jpg,T2025_02631.jpg
-0.0235,1,T2025_02330.jpg,T2025_00605.jpg
0.2220,1,T2025_02540.jpg,T2025_00466.jpg
0.0875,0,T2025_01602.jpg,T2025_01944.jpg
0.3575,0,T2025_02161.jpg,T2025_00500.jpg
0.0077,1,T2025_01183.jpg,T2025_01303.jpg
0.4037,1,T2025_00886.jpg,T2025_01277.jpg
0.3832,0,T2025_01659.jpg,T2025_01142.jpg
0.5790,0,T2025_02944.jpg,T2025_01324.jpg
0.3739,1,T2025_00171.jpg,T2025_02347.jpg
0.4833,0,T2025_00792.jpg,T2025_00847.jpg
0.5053,0,T2025_00940.jpg,T2025_01754.jpg
0.2613,1,T2025_02990.jpg,T2025_01880.jpg
0.2117,0,T2025_02184.jpg,T2025_02612.jpg
0.1013,1,T2025_02002.jpg,T2025_02150.jpg
0.7131,1,T2025_01073.jpg,T2025_01118.jpg
0.2585,1,T2025_01517.jpg,T2025_00593.jpg
0.2989,0,T2025_02654.jpg,T2025_02421.jpg
0.0232,0,T2025_00014.jpg,T2025_00880.jpg
0.6020,1,T2025_00529.jpg,T2025_01219.jpg
0.6204,1,T2025_00076.jpg,T2025_00378.jpg
0.5623,0,T2025_01968.jpg,T2025_00633.jpg
0.4151,1,T2025_02213.jpg,T2025_01159.jpg
0.0636,0,T2025_01823.jpg,T2025_02794.jpg
0.1612,0,T2025_00008.jpg,T2025_00695.jpg
0.7148,1,T2025_01124.jpg,T2025_01954.jpg
0.6827,0,T2025_01570.jpg,T2025_01217.jpg
0.4647,0,T2025_03088.jpg,T2025_00754.jpg
0.1234,0,T2025_01586.jpg,T2025_01601.jpg
0.0892,1,T2025_01470.jpg,T2025_00730.jpg
0.5569,1,T2025_02491.jpg,T2025_02284.jpg
0.5187,0,T2025_00001.jpg,T2025_01174.jpg
0.7006,1,T2025_01521.jpg,T2025_02621.jpg
0.2366,1,T2025_01132.jpg,T2025_01501.jpg
0.3134,1,T2025_02562.jpg,T2025_01760.jpg
0.0988,1,T2025_02484.jpg,T2025_00494.jpg
0.4625,0,T2025_01020.jpg,T2025_01319.jpg
0.2340,1,T2025_02961.jpg,T2025_00571.jpg
0.2181,0,T2025_02642.jpg,T2025_02011.jpg
0.3002,0,T2025_01079.jpg,T2025_01059.jpg
0.3836,1,T2025_00413.jpg,T2025_01822.jpg
0.1612,0,T2025_02784.jpg,T2025_01507.jpg
0.7251,1,T2025_02700.jpg,T2025_01507.jpg
-0.1146,1,T2025_00332.jpg,T2025_03025.jpg
0.3469,0,T2025_02571.jpg,T2025_00085.jpg
0.4806,1,T2025_00121.jpg,T2025_00157.jpg
0.3214,0,T2025_01703.jpg,T2025_02923.jpg
0.1054,0,T2025_01605.jpg,T2025_00702.jpg
0.3610,0,T2025_01332.jpg,T2025_00461.jpg
0.4713,0,T2025_00261.jpg,T2025_02325.jpg
0.3418,1,T2025_01639.jpg,T2025_03002.jpg
0.1225,0,T2025_00947.jpg,T2025_02701.jpg
0.5143,1,T2025_02801.jpg,T2025_01827.jpg
0.3919,0,T2025_00312.jpg,T2025_00937.jpg
-0.0974,0,T2025_02377.jpg,T2025_02632.jpg
0.0971,0,T2025_01754.jpg,T2025_03010.jpg
-0.0450,0,T2025_01999.jpg,T2025_00647.jpg
0.1224,1,T2025_02651.jpg,T2025_01554.jpg
0.1368,1,T2025_02274.jpg,T2025_02828.jpg
0.0144,0,T2025_02388.jpg,T2025_02091.jpg
0.1880,0,T2025_00407.jpg,T2025_00052.jpg
0.2498,1,T2025_01528.jpg,T2025_01273.jpg
0.0734,0,T2025_02667.jpg,T2025_00720.jpg
0.1262,1,T2025_02726.jpg,T2025_00552.jpg
0.1670,1,T2025_01332.jpg,T2025_00915.jpg
-0.2119,1,T2025_01449.jpg,T2025_00531.jpg
0.1497,0,T2025_01243.jpg,T2025_00303.jpg
0.4447,0,T2025_00331.jpg,T2025_02708.jpg
0.1460,0,T2025_02298.jpg,T2025_01786.jpg
0.1927,0,T2025_00534.jpg,T2025_03018.jpg
0.4106,0,T2025_02010.jpg,T2025_02207.jpg
0.3482,0,T2025_02869.jpg,T2025_02972.jpg
0.1542,0,T2025_02329.jpg,T2025_02310.jpg
0.0183,1,T2025_00423.jpg,T2025_02797.jpg
0.1071,0,T2025_00896.jpg,T2025_00865.jpg
0.1426,0,T2025_02445.jpg,T2025_02111.jpg
0.1660,0,T2025_00450.jpg,T2025_01676.jpg
0.1626,1,T2025_00561.jpg,T2025_00864.jpg
-0.1421,0,T2025_01709.jpg,T2025_00770.jpg
0.5690,0,T2025_01131.jpg,T2025_00011.jpg
0.1577,1,T2025_01358.jpg,T2025_01525.jpg
0.5394,1,T2025_02663.jpg,T2025_00134.jpg
0.5221,1,T2025_00257.jpg,T2025_01923.jpg
0.3945,0,T2025_00305.jpg,T2025_03101.jpg
0.2027,1,T2025_00734.jpg,T2025_02068.jpg
0.5409,0,T2025_02247.jpg,T2025_01718.jpg
0.1235,1,T2025_00754.jpg,T2025_01473.jpg
0.2973,1,T2025_00339.jpg,T2025_00548.jpg
0.0232,0,T2025_00308.jpg,T2025_02715.jpg
0.2087,0,T2025_00460.jpg,T2025_02795.jpg
0.7948,0,T2025_01336.jpg,T2025_02269.jpg
0.5632,1,T2025_00602.jpg,T2025_02351.jpg
-0.0346,0,T2025_01653.jpg,T2025_02359.jpg
0.0484,0,T2025_00158.jpg,T2025_02778.jpg
0.1983,0,T2025_00531.jpg,T2025_00613.jpg
0.5327,1,T2025_00994.jpg,T2025_02981.jpg
0.3746,1,T2025_00035.jpg,T2025_02977.jpg
-0.0650,0,T2025_01170.jpg,T2025_01229.jpg
0.0287,0,T2025_01841.jpg,T2025_01626.jpg
0.0548,0,T2025_01627.jpg,T2025_01880.jpg
-0.1157,0,T2025_00739.jpg,T2025_00748.jpg
0.7859,0,T2025_01666.jpg,T2025_02746.jpg
0.3409,0,T2025_02240.jpg,T2025_01500.jpg
0.6845,0,T2025_01285.jpg,T2025_00775.jpg
0.2977,1,T2025_00852.jpg,T2025_02815.jpg
0.6854,1,T2025_00948.jpg,T2025_00583.jpg
0.1142,1,T2025_01254.jpg,T2025_00759.jpg
0.1582,1,T2025_01583.jpg,T2025_03001.jpg
0.0599,0,T2025_00084.jpg,T2025_00993.jpg
0.0839,0,T2025_02268.jpg,T2025_02864.jpg
0.2376,0,T2025_00500.jpg,T2025_02063.jpg
0.5367,1,T2025_03079.jpg,T2025_00187.jpg
0.7136,0,T2025_02979.jpg,T2025_03062.jpg
0.2891,0,T2025_01169.jpg,T2025_01185.jpg
0.0032,0,T2025_01498.jpg,T2025_02360.jpg
0.8005,1,T2025_01301.jpg,T2025_00242.jpg
0.8284,0,T2025_03062.jpg,T2025_02003.jpg
0.1561,1,T2025_02100.jpg,T2025_01309.jpg
0.1463,1,T2025_01870.jpg,T2025_02426.jpg
0.4372,1,T2025_00784.jpg,T2025_00731.jpg
0.2580,0,T2025_00956.jpg,T2025_02715.jpg
0.3799,1,T2025_00999.jpg,T2025_00439.jpg
0.1697,1,T2025_01813.jpg,T2025_00574.jpg
0.2283,0,T2025_01722.jpg,T2025_01336.jpg
0.3828,1,T2025_01921.jpg,T2025_00554.jpg
0.5547,1,T2025_00904.jpg,T2025_01165.jpg
0.5136,1,T2025_00621.jpg,T2025_03015.jpg
0.0877,0,T2025_01511.jpg,T2025_01227.jpg
0.1456,0,T2025_01798.jpg,T2025_00394.jpg
0.1266,0,T2025_00590.jpg,T2025_01126.jpg
0.0294,1,T2025_02198.jpg,T2025_01459.jpg
0.5038,1,T2025_02113.jpg,T2025_01685.jpg
0.6316,1,T2025_01973.jpg,T2025_00485.jpg
0.1356,1,T2025_00583.jpg,T2025_02167.jpg
-0.0480,1,T2025_01528.jpg,T2025_00362.jpg
0.0760,0,T2025_00682.jpg,T2025_00929.jpg
0.5958,0,T2025_02835.jpg,T2025_00319.jpg
0.5058,1,T2025_01348.jpg,T2025_02012.jpg
0.0953,1,T2025_01467.jpg,T2025_01892.jpg
0.2247,1,T2025_02829.jpg,T2025_00988.jpg
0.0820,1,T2025_02444.jpg,T2025_01358.jpg
0.0797,0,T2025_02363.jpg,T2025_00182.jpg
0.3789,0,T2025_01054.jpg,T2025_02037.jpg
0.0192,0,T2025_02397.jpg,T2025_00961.jpg
0.0679,0,T2025_03081.jpg,T2025_01423.jpg
0.5061,0,T2025_00811.jpg,T2025_02432.jpg
0.5809,1,T2025_00222.jpg,T2025_01491.jpg
0.1273,1,T2025_00530.jpg,T2025_00496.jpg
0.1414,1,T2025_02586.jpg,T2025_01422.jpg
0.3523,1,T2025_01080.jpg,T2025_03100.jpg
0.3087,1,T2025_02076.jpg,T2025_02023.jpg
0.1336,0,T2025_00143.jpg,T2025_00514.jpg
0.2403,0,T2025_02445.jpg,T2025_00856.jpg
0.0311,0,T2025_02223.jpg,T2025_01292.jpg
0.0038,0,T2025_00838.jpg,T2025_02276.jpg
0.5867,0,T2025_00883.jpg,T2025_01073.jpg
0.5105,1,T2025_00741.jpg,T2025_00938.jpg
-0.0156,1,T2025_01064.jpg,T2025_02888.jpg
-0.1977,1,T2025_01647.jpg,T2025_00743.jpg
-0.0603,1,T2025_03042.jpg,T2025_00845.jpg
0.1609,1,T2025_00891.jpg,T2025_02105.jpg
0.5605,1,T2025_02209.jpg,T2025_01692.jpg
0.3857,1,T2025_02310.jpg,T2025_02995.jpg
0.2514,1,T2025_00758.jpg,T2025_02413.jpg
0.1084,1,T2025_01590.jpg,T2025_00251.jpg
0.2542,0,T2025_00849.jpg,T2025_01383.jpg
0.2466,0,T2025_02200.jpg,T2025_01619.jpg
0.6335,1,T2025_00925.jpg,T2025_01389.jpg
0.0367,1,T2025_01980.jpg,T2025_02938.jpg
0.1885,1,T2025_02868.jpg,T2025_03011.jpg
0.2303,1,T2025_02201.jpg,T2025_00610.jpg
0.4860,0,T2025_02869.jpg,T2025_01711.jpg
0.5192,0,T2025_00178.jpg,T2025_01554.jpg
0.1089,0,T2025_01477.jpg,T2025_00656.jpg
0.5329,1,T2025_01143.jpg,T2025_01119.jpg
0.7942,1,T2025_00368.jpg,T2025_01904.jpg
0.4550,1,T2025_02510.jpg,T2025_00817.jpg
0.4450,0,T2025_00450.jpg,T2025_01937.jpg
0.6452,1,T2025_01791.jpg,T2025_02087.jpg
0.1378,1,T2025_01084.jpg,T2025_00915.jpg
0.2977,1,T2025_02875.jpg,T2025_00361.jpg
0.1657,0,T2025_01785.jpg,T2025_00726.jpg
0.4995,0,T2025_02047.jpg,T2025_00022.jpg
0.6070,0,T2025_03089.jpg,T2025_00565.jpg
0.2534,0,T2025_01998.jpg,T2025_00288.jpg
0.2618,1,T2025_01791.jpg,T2025_02475.jpg
0.1623,0,T2025_02702.jpg,T2025_02420.jpg
0.0333,0,T2025_00928.jpg,T2025_02256.jpg
0.4393,1,T2025_01488.jpg,T2025_02720.jpg
0.3131,0,T2025_00409.jpg,T2025_02997.jpg
0.0207,1,T2025_00652.jpg,T2025_01987.jpg
0.1571,0,T2025_00289.jpg,T2025_01032.jpg
0.4061,0,T2025_02549.jpg,T2025_03070.jpg
0.6854,0,T2025_00347.jpg,T2025_02378.jpg
-0.0330,0,T2025_01534.jpg,T2025_02650.jpg
0.2343,0,T2025_00237.jpg,T2025_02569.jpg
0.4750,0,T2025_02255.jpg,T2025_01908.jpg
0.1504,0,T2025_02023.jpg,T2025_02471.jpg
0.5461,1,T2025_00023.jpg,T2025_02871.jpg
0.1462,1,T2025_00017.jpg,T2025_00770.jpg
0.3959,1,T2025_02518.jpg,T2025_00394.jpg
0.1516,1,T2025_01389.jpg,T2025_01225.jpg
0.3367,0,T2025_01252.jpg,T2025_02475.jpg
0.7511,0,T2025_01530.jpg,T2025_01142.jpg
0.4007,1,T2025_02841.jpg,T2025_00800.jpg
0.6293,1,T2025_00154.jpg,T2025_00280.jpg
0.1524,0,T2025_01637.jpg,T2025_02132.jpg
0.0517,1,T2025_02918.jpg,T2025_02785.jpg
0.2017,1,T2025_02501.jpg,T2025_01578.jpg
0.2620,0,T2025_00698.jpg,T2025_00664.jpg
0.1322,0,T2025_00892.jpg,T2025_01892.jpg
0.2952,0,T2025_00085.jpg,T2025_00522.jpg
0.6282,1,T2025_01559.jpg,T2025_02002.jpg
0.1424,0,T2025_02489.jpg,T2025_00275.jpg
0.3891,0,T2025_00364.jpg,T2025_00358.jpg
0.5458,0,T2025_00090.jpg,T2025_01448.jpg
0.5138,0,T2025_01448.jpg,T2025_00635.jpg
0.3152,1,T2025_00225.jpg,T2025_01408.jpg
0.3075,0,T2025_02665.jpg,T2025_03076.jpg
0.1276,1,T2025_00811.jpg,T2025_02981.jpg
0.1690,1,T2025_01067.jpg,T2025_01814.jpg
0.6255,1,T2025_01083.jpg,T2025_00315.jpg
0.0961,0,T2025_03046.jpg,T2025_02717.jpg
0.1496,0,T2025_00746.jpg,T2025_02173.jpg
0.4591,1,T2025_02688.jpg,T2025_02733.jpg
0.7298,0,T2025_02394.jpg,T2025_01280.jpg
0.5480,0,T2025_01442.jpg,T2025_01351.jpg
0.2884,0,T2025_02589.jpg,T2025_01957.jpg
0.0289,1,T2025_00233.jpg,T2025_01163.jpg
0.1248,1,T2025_02729.jpg,T2025_02581.jpg
0.0845,0,T2025_02918.jpg,T2025_01438.jpg
0.2095,1,T2025_01430.jpg,T2025_00453.jpg
0.1383,0,T2025_01091.jpg,T2025_02154.jpg
0.2378,0,T2025_02259.jpg,T2025_01578.jpg
-0.0455,1,T2025_00363.jpg,T2025_02221.jpg
0.4308,0,T2025_01709.jpg,T2025_00283.jpg
0.5427,1,T2025_01357.jpg,T2025_01802.jpg
0.4946,1,T2025_01964.jpg,T2025_02028.jpg
0.0245,0,T2025_02008.jpg,T2025_02985.jpg
0.8585,0,T2025_01306.jpg,T2025_01720.jpg
0.0958,1,T2025_01330.jpg,T2025_01373.jpg
0.4131,0,T2025_02331.jpg,T2025_01436.jpg
0.5405,0,T2025_01150.jpg,T2025_01088.jpg
0.3935,1,T2025_00959.jpg,T2025_01174.jpg
0.2643,0,T2025_00871.jpg,T2025_01349.jpg
0.3615,0,T2025_02537.jpg,T2025_00832.jpg
0.6486,1,T2025_01405.jpg,T2025_00506.jpg
0.5019,0,T2025_01845.jpg,T2025_01295.jpg
0.3630,1,T2025_02986.jpg,T2025_01341.jpg
0.3354,0,T2025_01273.jpg,T2025_01709.jpg
0.4323,1,T2025_00748.jpg,T2025_00964.jpg
0.3418,1,T2025_00422.jpg,T2025_00255.jpg
0.1460,0,T2025_02247.jpg,T2025_00776.jpg
0.4194,1,T2025_03052.jpg,T2025_00205.jpg
0.1042,1,T2025_00266.jpg,T2025_00484.jpg
0.7686,1,T2025_02173.jpg,T2025_02963.jpg
0.0147,1,T2025_00326.jpg,T2025_01122.jpg
0.0165,0,T2025_00391.jpg,T2025_01429.jpg
-0.0158,1,T2025_00718.jpg,T2025_02349.jpg
0.0333,1,T2025_00775.jpg,T2025_01426.jpg
0.7036,1,T2025_02569.jpg,T2025_01182.jpg
0.4891,1,T2025_01705.jpg,T2025_00316.jpg
0.8776,0,T2025_01371.jpg,T2025_03003.jpg
0.4045,0,T2025_01912.jpg,T2025_00836.jpg
0.3780,1,T2025_01488.jpg,T2025_00572.jpg
1.0000,0,T2025_01494.jpg,T2025_01494.jpg
0.7089,1,T2025_02055.jpg,T2025_02684.jpg
0.2996,0,T2025_02123.jpg,T2025_00468.jpg
0.1488,1,T2025_02615.jpg,T2025_01351.jpg
0.2498,0,T2025_02674.jpg,T2025_01777.jpg
0.3498,1,T2025_02020.jpg,T2025_00095.jpg
0.3292,0,T2025_01688.jpg,T2025_00072.jpg
0.2292,0,T2025_02235.jpg,T2025_00422.jpg
0.2799,1,T2025_01925.jpg,T2025_00955.jpg
0.1560,0,T2025_02082.jpg,T2025_00766.jpg
0.4456,0,T2025_01717.jpg,T2025_00255.jpg
0.1076,0,T2025_01603.jpg,T2025_00469.jpg
0.0163,1,T2025_01131.jpg,T2025_02514.jpg
0.3169,1,T2025_01742.jpg,T2025_02790.jpg
0.4697,0,T2025_00930.jpg,T2025_01348.jpg
0.7649,1,T2025_03104.jpg,T2025_01409.jpg
0.1422,0,T2025_02426.jpg,T2025_01145.jpg
0.2032,0,T2025_01249.jpg,T2025_00591.jpg
-0.0119,0,T2025_00038.jpg,T2025_01682.jpg
0.3442,0,T2025_02439.jpg,T2025_02852.jpg
0.0082,0,T2025_01018.jpg,T2025_01338.jpg
-0.0756,0,T2025_02713.jpg,T2025_00976.jpg
0.1608,0,T2025_01952.jpg,T2025_02258.jpg
0.7185,1,T2025_00479.jpg,T2025_01214.jpg
0.6147,0,T2025_02268.jpg,T2025_01781.jpg
0.5332,1,T2025_02740.jpg,T2025_02555.jpg
0.1678,0,T2025_00852.jpg,T2025_00680.jpg
0.7263,0,T2025_00213.jpg,T2025_00394.jpg
-0.1097,0,T2025_02468.jpg,T2025_01246.jpg
0.8857,1,T2025_03026.jpg,T2025_00555.jpg
0.3359,1,T2025_00912.jpg,T2025_02471.jpg
0.4792,0,T2025_02360.jpg,T2025_01327.jpg
0.1538,1,T2025_01404.jpg,T2025_01858.jpg
0.4269,1,T2025_00886.jpg,T2025_00170.jpg
0.3759,0,T2025_01125.jpg,T2025_00140.jpg
0.3104,0,T2025_00050.jpg,T2025_02462.jpg
0.1095,1,T2025_02668.jpg,T2025_01694.jpg
0.0690,1,T2025_01812.jpg,T2025_00867.jpg
0.1238,1,T2025_02161.jpg,T2025_00535.jpg
-0.0828,0,T2025_00635.jpg,T2025_00257.jpg
0.0151,1,T2025_02739.jpg,T2025_02470.jpg
0.1926,1,T2025_00684.jpg,T2025_00239.jpg
0.0995,0,T2025_01275.jpg,T2025_01271.jpg
0.1948,1,T2025_02145.jpg,T2025_00439.jpg
0.3098,1,T2025_02372.jpg,T2025_02156.jpg
0.8996,0,T2025_00378.jpg,T2025_00506.jpg
0.2351,0,T2025_02495.jpg,T2025_02823.jpg
0.5265,1,T2025_00116.jpg,T2025_00649.jpg
-0.0188,0,T2025_00619.jpg,T2025_00660.jpg
0.2765,1,T2025_00110.jpg,T2025_00026.jpg
0.3561,1,T2025_01837.jpg,T2025_01785.jpg
0.4749,0,T2025_01983.jpg,T2025_02444.jpg
0.0807,1,T2025_01111.jpg,T2025_01661.jpg
0.3946,0,T2025_00914.jpg,T2025_02206.jpg
0.1993,1,T2025_01434.jpg,T2025_01969.jpg
0.1738,0,T2025_02553.jpg,T2025_00405.jpg
0.0801,0,T2025_01669.jpg,T2025_00524.jpg
0.1555,0,T2025_01335.jpg,T2025_01598.jpg
0.1818,0,T2025_01963.jpg,T2025_00661.jpg
0.6718,0,T2025_02153.jpg,T2025_02523.jpg
0.3837,1,T2025_02836.jpg,T2025_01327.jpg
0.2841,0,T2025_01210.jpg,T2025_01157.jpg
0.0858,0,T2025_02226.jpg,T2025_00820.jpg
0.2985,0,T2025_00355.jpg,T2025_01414.jpg
-0.0140,0,T2025_02397.jpg,T2025_01161.jpg
0.2345,1,T2025_01975.jpg,T2025_00711.jpg
0.3426,1,T2025_02370.jpg,T2025_01612.jpg
-0.0170,0,T2025_00118.jpg,T2025_02207.jpg
0.0371,1,T2025_02167.jpg,T2025_02469.jpg
0.7532,0,T2025_02385.jpg,T2025_01026.jpg
0.2576,0,T2025_01928.jpg,T2025_01924.jpg
0.1349,0,T2025_01849.jpg,T2025_03025.jpg
0.0311,0,T2025_00663.jpg,T2025_00431.jpg
0.3975,0,T2025_00801.jpg,T2025_02833.jpg
0.3837,1,T2025_02492.jpg,T2025_01335.jpg
0.3815,0,T2025_01968.jpg,T2025_01045.jpg
0.0745,1,T2025_01674.jpg,T2025_01822.jpg
0.1944,1,T2025_01968.jpg,T2025_00345.jpg
0.1556,1,T2025_00759.jpg,T2025_00566.jpg
0.0475,0,T2025_00527.jpg,T2025_02004.jpg
0.8378,0,T2025_02928.jpg,T2025_02346.jpg
0.2452,0,T2025_02343.jpg,T2025_01881.jpg
0.1053,0,T2025_02384.jpg,T2025_01986.jpg
0.6917,1,T2025_01547.jpg,T2025_01368.jpg
0.4067,0,T2025_00664.jpg,T2025_01617.jpg
-0.0625,0,T2025_01822.jpg,T2025_01548.jpg
0.2456,0,T2025_02887.jpg,T2025_02720.jpg
0.3724,0,T2025_00142.jpg,T2025_00671.jpg
0.7428,0,T2025_00139.jpg,T2025_02995.jpg
0.3478,0,T2025_01333.jpg,T2025_02607.jpg
0.1708,1,T2025_01403.jpg,T2025_02901.jpg
0.3167,0,T2025_01403.jpg,T2025_00810.jpg
0.6016,1,T2025_01646.jpg,T2025_00125.jpg
0.2307,1,T2025_00370.jpg,T2025_01116.jpg
0.3235,1,T2025_01597.jpg,T2025_02989.jpg
0.1612,0,T2025_02654.jpg,T2025_02392.jpg
0.3848,1,T2025_01173.jpg,T2025_00142.jpg
0.0705,1,T2025_00414.jpg,T2025_00701.jpg
0.5904,1,T2025_01988.jpg,T2025_02646.jpg
0.2016,0,T2025_01380.jpg,T2025_00995.jpg
0.4419,1,T2025_02429.jpg,T2025_02537.jpg
0.8174,0,T2025_00936.jpg,T2025_02204.jpg
0.2398,1,T2025_03047.jpg,T2025_00785.jpg
0.2145,1,T2025_00627.jpg,T2025_01071.jpg
0.1069,1,T2025_01345.jpg,T2025_00882.jpg
0.1076,1,T2025_02882.jpg,T2025_00505.jpg
0.5601,0,T2025_01741.jpg,T2025_01799.jpg
0.3719,0,T2025_02030.jpg,T2025_01045.jpg
0.5007,1,T2025_00517.jpg,T2025_00314.jpg
0.4904,1,T2025_00249.jpg,T2025_03005.jpg
0.2653,1,T2025_00536.jpg,T2025_00399.jpg
0.7049,1,T2025_01959.jpg,T2025_00465.jpg
0.8151,1,T2025_01395.jpg,T2025_02924.jpg
0.5224,0,T2025_01552.jpg,T2025_00070.jpg
0.3320,0,T2025_02181.jpg,T2025_01040.jpg
0.5036,0,T2025_01009.jpg,T2025_00780.jpg
0.6669,0,T2025_01463.jpg,T2025_01047.jpg
0.0976,1,T2025_02779.jpg,T2025_01044.jpg
0.4156,1,T2025_02370.jpg,T2025_02307.jpg
0.0211,1,T2025_01893.jpg,T2025_00985.jpg
0.8945,0,T2025_01710.jpg,T2025_00128.jpg
-0.0238,1,T2025_01051.jpg,T2025_00482.jpg
0.2130,0,T2025_00683.jpg,T2025_00010.jpg
0.3055,1,T2025_02951.jpg,T2025_02370.jpg
0.0046,0,T2025_01866.jpg,T2025_00756.jpg
0.2157,1,T2025_02893.jpg,T2025_01096.jpg
0.2349,0,T2025_03032.jpg,T2025_02572.jpg
0.0905,0,T2025_02131.jpg,T2025_01164.jpg
0.1441,0,T2025_00104.jpg,T2025_00387.jpg
0.0219,1,T2025_02862.jpg,T2025_01991.jpg
0.1461,1,T2025_02427.jpg,T2025_01509.jpg
0.4793,0,T2025_01543.jpg,T2025_01204.jpg
0.1520,1,T2025_02141.jpg,T2025_02565.jpg
0.0848,1,T2025_01742.jpg,T2025_02156.jpg
0.0238,1,T2025_00267.jpg,T2025_01198.jpg
0.4709,1,T2025_00797.jpg,T2025_02203.jpg
0.4586,0,T2025_02432.jpg,T2025_01713.jpg
0.6654,0,T2025_01376.jpg,T2025_03067.jpg
0.1733,0,T2025_00736.jpg,T2025_00515.jpg
0.4467,1,T2025_01038.jpg,T2025_01542.jpg
0.6068,1,T2025_01702.jpg,T2025_01726.jpg
0.2821,0,T2025_02389.jpg,T2025_01436.jpg
0.4007,1,T2025_00562.jpg,T2025_00774.jpg
0.1852,0,T2025_00910.jpg,T2025_02671.jpg
0.2259,1,T2025_00989.jpg,T2025_02796.jpg
0.8262,0,T2025_00617.jpg,T2025_01797.jpg
0.3752,1,T2025_02174.jpg,T2025_02821.jpg
0.2423,0,T2025_02377.jpg,T2025_01055.jpg
0.7261,0,T2025_01372.jpg,T2025_01202.jpg
0.3101,1,T2025_02610.jpg,T2025_01974.jpg
0.6379,0,T2025_00316.jpg,T2025_00256.jpg
0.2530,0,T2025_01052.jpg,T2025_01572.jpg
0.4932,1,T2025_00505.jpg,T2025_01642.jpg
0.2256,1,T2025_00499.jpg,T2025_00312.jpg
0.4784,0,T2025_01407.jpg,T2025_00988.jpg
0.4565,0,T2025_01966.jpg,T2025_02707.jpg
0.4438,1,T2025_00955.jpg,T2025_00800.jpg
0.6855,1,T2025_01733.jpg,T2025_02504.jpg
0.2662,0,T2025_02606.jpg,T2025_01562.jpg
-0.2780,0,T2025_02646.jpg,T2025_02066.jpg
0.7843,1,T2025_01520.jpg,T2025_01342.jpg
0.3368,0,T2025_02303.jpg,T2025_01624.jpg
0.1009,0,T2025_02919.jpg,T2025_01376.jpg
0.0808,0,T2025_01766.jpg,T2025_00687.jpg
0.1387,0,T2025_00325.jpg,T2025_01168.jpg
0.2909,0,T2025_01122.jpg,T2025_02998.jpg
0.8714,0,T2025_00556.jpg,T2025_01371.jpg
0.6234,0,T2025_00405.jpg,T2025_02080.jpg
0.0727,0,T2025_00206.jpg,T2025_02909.jpg
0.3322,0,T2025_01883.jpg,T2025_01197.jpg
0.7740,1,T2025_00790.jpg,T2025_00978.jpg
0.6330,1,T2025_01914.jpg,T2025_01158.jpg
0.4878,0,T2025_02024.jpg,T2025_00353.jpg
0.6387,1,T2025_01901.jpg,T2025_02047.jpg
0.1428,0,T2025_00975.jpg,T2025_00089.jpg
0.4216,1,T2025_01492.jpg,T2025_02574.jpg
0.0889,0,T2025_00095.jpg,T2025_01714.jpg
0.4431,1,T2025_01157.jpg,T2025_00783.jpg
0.2233,0,T2025_02639.jpg,T2025_00931.jpg
0.1447,0,T2025_02879.jpg,T2025_03037.jpg
0.1487,0,T2025_02620.jpg,T2025_02800.jpg
0.4884,0,T2025_00463.jpg,T2025_02803.jpg
0.8655,0,T2025_01394.jpg,T2025_01313.jpg
0.4045,0,T2025_02428.jpg,T2025_03076.jpg
0.1596,1,T2025_03084.jpg,T2025_02926.jpg
0.2505,0,T2025_00023.jpg,T2025_00837.jpg
0.3000,1,T2025_02617.jpg,T2025_02802.jpg
0.2957,0,T2025_00357.jpg,T2025_00412.jpg
0.7472,1,T2025_02809.jpg,T2025_00733.jpg
0.3800,1,T2025_00161.jpg,T2025_01541.jpg
0.1842,1,T2025_01281.jpg,T2025_00407.jpg
0.2311,1,T2025_01651.jpg,T2025_03087.jpg
0.5158,0,T2025_00863.jpg,T2025_00427.jpg
0.5521,1,T2025_02148.jpg,T2025_01722.jpg
0.0786,0,T2025_01058.jpg,T2025_03082.jpg
0.4734,0,T2025_00009.jpg,T2025_00852.jpg
0.0705,0,T2025_02854.jpg,T2025_01390.jpg
0.7108,0,T2025_00766.jpg,T2025_02351.jpg
0.8088,1,T2025_00515.jpg,T2025_00826.jpg
0.1936,1,T2025_00981.jpg,T2025_02515.jpg
0.3840,1,T2025_00581.jpg,T2025_02601.jpg
0.3821,1,T2025_00653.jpg,T2025_02972.jpg
0.4982,1,T2025_00310.jpg,T2025_02327.jpg
0.3952,0,T2025_00723.jpg,T2025_00971.jpg
0.4406,1,T2025_01447.jpg,T2025_02631.jpg
0.7712,0,T2025_01972.jpg,T2025_01979.jpg
0.1671,0,T2025_01278.jpg,T2025_02871.jpg
0.3954,0,T2025_01588.jpg,T2025_01558.jpg
0.2424,1,T2025_02168.jpg,T2025_02932.jpg
0.1232,1,T2025_01475.jpg,T2025_02783.jpg
0.1594,1,T2025_02708.jpg,T2025_00445.jpg
0.4233,1,T2025_01272.jpg,T2025_00279.jpg
0.4838,0,T2025_00475.jpg,T2025_01059.jpg
0.3189,1,T2025_00562.jpg,T2025_00643.jpg
0.1710,1,T2025_02327.jpg,T2025_00833.jpg
0.8211,1,T2025_03045.jpg,T2025_01898.jpg
0.2041,0,T2025_00400.jpg,T2025_00713.jpg
0.4650,0,T2025_02859.jpg,T2025_02844.jpg
0.9402,0,T2025_00826.jpg,T2025_01395.jpg
0.4820,1,T2025_02558.jpg,T2025_00111.jpg
0.9234,1,T2025_03078.jpg,T2025_02788.jpg
-0.0475,0,T2025_00013.jpg,T2025_01090.jpg
0.3503,1,T2025_02718.jpg,T2025_00197.jpg
0.0124,0,T2025_01807.jpg,T2025_03073.jpg
0.4012,1,T2025_01269.jpg,T2025_01763.jpg
0.0109,0,T2025_03027.jpg,T2025_02172.jpg
0.4716,0,T2025_01086.jpg,T2025_01460.jpg
0.2227,1,T2025_01244.jpg,T2025_00195.jpg
0.1648,1,T2025_01095.jpg,T2025_02947.jpg
0.4596,0,T2025_01261.jpg,T2025_02274.jpg
0.0917,0,T2025_02776.jpg,T2025_00202.jpg
0.0187,0,T2025_00955.jpg,T2025_02420.jpg
0.4905,1,T2025_00863.jpg,T2025_02663.jpg
0.1283,1,T2025_02422.jpg,T2025_00930.jpg
0.8751,0,T2025_02599.jpg,T2025_00526.jpg
0.2030,1,T2025_00364.jpg,T2025_01970.jpg
0.4110,0,T2025_00348.jpg,T2025_02384.jpg
0.1747,1,T2025_02588.jpg,T2025_01233.jpg
0.1908,1,T2025_00841.jpg,T2025_01077.jpg
0.8059,0,T2025_02054.jpg,T2025_01320.jpg
-0.2668,1,T2025_02431.jpg,T2025_02391.jpg
0.6545,0,T2025_00102.jpg,T2025_02540.jpg
0.0906,0,T2025_02885.jpg,T2025_00297.jpg
0.4841,1,T2025_03099.jpg,T2025_01791.jpg
0.8265,1,T2025_02312.jpg,T2025_01537.jpg
0.9499,0,T2025_00422.jpg,T2025_01445.jpg
0.3444,1,T2025_02232.jpg,T2025_00054.jpg
0.5434,1,T2025_01627.jpg,T2025_01399.jpg
0.4388,0,T2025_00747.jpg,T2025_02109.jpg
0.4053,1,T2025_00353.jpg,T2025_02127.jpg
0.2353,1,T2025_02067.jpg,T2025_02564.jpg
0.0846,0,T2025_01650.jpg,T2025_02429.jpg
-0.0518,1,T2025_01767.jpg,T2025_00844.jpg
0.1350,0,T2025_03104.jpg,T2025_00056.jpg
0.5107,1,T2025_00696.jpg,T2025_02436.jpg
0.5644,0,T2025_01113.jpg,T2025_00448.jpg
0.7426,1,T2025_00554.jpg,T2025_00463.jpg
-0.0135,1,T2025_00126.jpg,T2025_02706.jpg
-0.0202,0,T2025_02946.jpg,T2025_00067.jpg
0.4487,1,T2025_01135.jpg,T2025_00074.jpg
0.2517,1,T2025_02273.jpg,T2025_00428.jpg
0.1370,1,T2025_00858.jpg,T2025_00750.jpg
-0.0577,0,T2025_00116.jpg,T2025_02495.jpg
0.1296,1,T2025_00205.jpg,T2025_01829.jpg
-0.0332,1,T2025_02347.jpg,T2025_01875.jpg
0.3448,0,T2025_00589.jpg,T2025_01062.jpg
0.3553,0,T2025_00926.jpg,T2025_02038.jpg
0.3730,0,T2025_02136.jpg,T2025_01017.jpg
0.5880,0,T2025_02582.jpg,T2025_00272.jpg
0.2951,0,T2025_02267.jpg,T2025_02418.jpg
0.3766,0,T2025_02496.jpg,T2025_00544.jpg
0.3410,1,T2025_02471.jpg,T2025_02289.jpg
-0.0664,0,T2025_02183.jpg,T2025_02484.jpg
0.2801,0,T2025_00990.jpg,T2025_02236.jpg
0.5303,1,T2025_00148.jpg,T2025_01702.jpg
0.0299,1,T2025_01878.jpg,T2025_02468.jpg
-0.0713,1,T2025_01919.jpg,T2025_00740.jpg
0.5371,1,T2025_01229.jpg,T2025_01145.jpg
0.2574,0,T2025_02036.jpg,T2025_02369.jpg
0.0371,1,T2025_01288.jpg,T2025_01355.jpg
0.0261,0,T2025_01451.jpg,T2025_01516.jpg
0.4206,1,T2025_00291.jpg,T2025_01980.jpg
0.1107,0,T2025_01464.jpg,T2025_02753.jpg
0.3095,1,T2025_02255.jpg,T2025_01127.jpg
0.1924,1,T2025_00787.jpg,T2025_01304.jpg
0.5989,1,T2025_02741.jpg,T2025_00125.jpg
0.1421,1,T2025_00332.jpg,T2025_02898.jpg
0.0727,1,T2025_01514.jpg,T2025_02900.jpg
0.1183,0,T2025_00581.jpg,T2025_01046.jpg
0.8174,0,T2025_02346.jpg,T2025_02271.jpg
0.1494,1,T2025_00294.jpg,T2025_02895.jpg
0.3030,0,T2025_00272.jpg,T2025_00461.jpg
0.8342,0,T2025_00500.jpg,T2025_01610.jpg
0.1193,0,T2025_02111.jpg,T2025_01402.jpg
0.1577,1,T2025_03036.jpg,T2025_03082.jpg
-0.0170,1,T2025_02171.jpg,T2025_01561.jpg
1.0000,1,T2025_00092.jpg,T2025_00092.jpg
0.5487,0,T2025_00015.jpg,T2025_01915.jpg
0.3072,1,T2025_02406.jpg,T2025_00048.jpg
0.4220,0,T2025_02552.jpg,T2025_01873.jpg
0.2804,0,T2025_02890.jpg,T2025_00856.jpg
0.5162,0,T2025_02446.jpg,T2025_01312.jpg
0.0480,1,T2025_01410.jpg,T2025_00834.jpg
-0.0856,0,T2025_02772.jpg,T2025_01984.jpg
0.5227,0,T2025_01459.jpg,T2025_00282.jpg
0.1795,1,T2025_00177.jpg,T2025_00443.jpg
0.6946,0,T2025_01085.jpg,T2025_01397.jpg
0.3473,0,T2025_00248.jpg,T2025_02974.jpg
0.0888,1,T2025_02743.jpg,T2025_03019.jpg
0.2643,0,T2025_00296.jpg,T2025_00899.jpg
0.8525,1,T2025_01845.jpg,T2025_01014.jpg
0.0944,1,T2025_00423.jpg,T2025_02603.jpg
0.4021,0,T2025_00119.jpg,T2025_00710.jpg
0.0049,1,T2025_02478.jpg,T2025_02606.jpg
0.1252,1,T2025_02279.jpg,T2025_01587.jpg
0.0325,1,T2025_02291.jpg,T2025_00690.jpg
0.2341,1,T2025_02717.jpg,T2025_00930.jpg
0.4248,0,T2025_02932.jpg,T2025_02306.jpg
0.5929,0,T2025_02555.jpg,T2025_01726.jpg
0.2186,0,T2025_01553.jpg,T2025_00946.jpg
-0.0424,0,T2025_00229.jpg,T2025_00309.jpg
0.3436,1,T2025_01302.jpg,T2025_00428.jpg
0.1621,1,T2025_01118.jpg,T2025_01904.jpg
0.0962,1,T2025_00255.jpg,T2025_01908.jpg
0.2203,0,T2025_01310.jpg,T2025_00477.jpg
-0.0147,0,T2025_01274.jpg,T2025_01994.jpg
0.3089,1,T2025_01977.jpg,T2025_01903.jpg
0.2556,1,T2025_02039.jpg,T2025_00836.jpg
0.3775,1,T2025_02682.jpg,T2025_00893.jpg
0.3777,1,T2025_03034.jpg,T2025_00192.jpg
0.1797,0,T2025_00585.jpg,T2025_02025.jpg
0.1324,0,T2025_01404.jpg,T2025_02500.jpg
0.8136,0,T2025_00535.jpg,T2025_01098.jpg
0.8158,1,T2025_02936.jpg,T2025_02122.jpg
0.0117,1,T2025_00943.jpg,T2025_02896.jpg
0.0516,0,T2025_02094.jpg,T2025_00639.jpg
0.1744,0,T2025_00072.jpg,T2025_01003.jpg
0.1645,0,T2025_02714.jpg,T2025_00624.jpg
0.1161,0,T2025_01990.jpg,T2025_01972.jpg
0.6723,1,T2025_01566.jpg,T2025_00776.jpg
0.5880,1,T2025_00072.jpg,T2025_01107.jpg
0.2901,1,T2025_02123.jpg,T2025_02254.jpg
0.1012,1,T2025_00138.jpg,T2025_03013.jpg
0.5644,1,T2025_01512.jpg,T2025_01099.jpg
0.1441,1,T2025_00212.jpg,T2025_01074.jpg
0.2355,1,T2025_02884.jpg,T2025_01513.jpg
0.0689,0,T2025_02766.jpg,T2025_01195.jpg
0.1763,1,T2025_02135.jpg,T2025_00912.jpg
0.2230,1,T2025_00426.jpg,T2025_01967.jpg
0.4145,1,T2025_00517.jpg,T2025_01915.jpg
0.2899,0,T2025_01194.jpg,T2025_01684.jpg
0.1620,0,T2025_02696.jpg,T2025_00344.jpg
0.2152,0,T2025_00095.jpg,T2025_01837.jpg
-0.1102,1,T2025_01825.jpg,T2025_02498.jpg
0.1101,1,T2025_02984.jpg,T2025_02464.jpg
0.0165,1,T2025_01172.jpg,T2025_02042.jpg
0.2833,1,T2025_00133.jpg,T2025_01377.jpg
0.0340,0,T2025_03000.jpg,T2025_02746.jpg
0.0698,0,T2025_00226.jpg,T2025_01508.jpg
0.2364,1,T2025_00805.jpg,T2025_02337.jpg
0.5456,1,T2025_00522.jpg,T2025_00900.jpg
0.4128,0,T2025_02189.jpg,T2025_01725.jpg
0.5623,0,T2025_02333.jpg,T2025_01887.jpg
0.3107,0,T2025_01164.jpg,T2025_01195.jpg
-0.0741,1,T2025_02411.jpg,T2025_02708.jpg
1.0000,0,T2025_01166.jpg,T2025_01166.jpg
0.5248,1,T2025_01057.jpg,T2025_00280.jpg
0.7290,1,T2025_02269.jpg,T2025_00892.jpg
0.0444,1,T2025_02438.jpg,T2025_01841.jpg
-0.1327,1,T2025_00224.jpg,T2025_00895.jpg
0.5504,0,T2025_02640.jpg,T2025_00382.jpg
0.4231,1,T2025_00093.jpg,T2025_01082.jpg
0.4176,0,T2025_02866.jpg,T2025_00897.jpg
0.2530,0,T2025_00181.jpg,T2025_01645.jpg
0.8340,0,T2025_00980.jpg,T2025_01045.jpg
0.3356,1,T2025_01427.jpg,T2025_02192.jpg
0.2282,0,T2025_02672.jpg,T2025_02169.jpg
0.0812,1,T2025_01147.jpg,T2025_01687.jpg
0.2713,0,T2025_00346.jpg,T2025_01101.jpg
0.1140,1,T2025_02259.jpg,T2025_02090.jpg
0.1958,0,T2025_01863.jpg,T2025_02565.jpg
0.1060,1,T2025_00226.jpg,T2025_02648.jpg
0.1599,0,T2025_00619.jpg,T2025_02770.jpg
0.5922,1,T2025_01978.jpg,T2025_02877.jpg
0.8683,1,T2025_01019.jpg,T2025_00712.jpg
0.2654,1,T2025_00947.jpg,T2025_01451.jpg
0.1514,1,T2025_02424.jpg,T2025_00050.jpg
0.0313,1,T2025_02522.jpg,T2025_01675.jpg
0.2725,1,T2025_02998.jpg,T2025_01018.jpg
0.8273,0,T2025_01250.jpg,T2025_00160.jpg
0.5823,1,T2025_02637.jpg,T2025_02204.jpg
0.1160,1,T2025_02543.jpg,T2025_01256.jpg
0.6639,1,T2025_01493.jpg,T2025_01226.jpg
0.0656,0,T2025_01993.jpg,T2025_03023.jpg
0.4161,1,T2025_02649.jpg,T2025_02770.jpg
0.1967,1,T2025_00608.jpg,T2025_00132.jpg
0.2170,0,T2025_02477.jpg,T2025_00662.jpg
0.6873,0,T2025_01576.jpg,T2025_02280.jpg
0.5911,1,T2025_00736.jpg,T2025_01232.jpg
0.3862,0,T2025_02984.jpg,T2025_00791.jpg
0.5799,0,T2025_01853.jpg,T2025_02137.jpg
0.2802,0,T2025_02005.jpg,T2025_01529.jpg
-0.0142,0,T2025_01184.jpg,T2025_00245.jpg
0.3780,0,T2025_03010.jpg,T2025_00334.jpg
0.3855,1,T2025_02765.jpg,T2025_02318.jpg
0.3579,1,T2025_01461.jpg,T2025_00569.jpg
0.2342,1,T2025_01521.jpg,T2025_01853.jpg
0.7464,0,T2025_02026.jpg,T2025_01803.jpg
0.0481,0,T2025_01459.jpg,T2025_01894.jpg
0.3128,0,T2025_00235.jpg,T2025_01310.jpg
0.6820,0,T2025_02007.jpg,T2025_00005.jpg
0.2960,0,T2025_00194.jpg,T2025_02043.jpg
0.5045,0,T2025_02578.jpg,T2025_00150.jpg
0.0163,0,T2025_02034.jpg,T2025_01614.jpg
0.5916,0,T2025_00465.jpg,T2025_02569.jpg
0.5218,1,T2025_00850.jpg,T2025_02131.jpg
0.2565,0,T2025_00565.jpg,T2025_01446.jpg
0.7349,0,T2025_00029.jpg,T2025_00033.jpg
0.8845,1,T2025_02428.jpg,T2025_02617.jpg
0.3352,0,T2025_01031.jpg,T2025_02878.jpg
0.4785,1,T2025_01240.jpg,T2025_02028.jpg
0.3100,1,T2025_00374.jpg,T2025_00012.jpg
0.2269,1,T2025_01333.jpg,T2025_01111.jpg
-0.0868,1,T2025_02650.jpg,T2025_00529.jpg
-0.0147,1,T2025_01926.jpg,T2025_00985.jpg
0.1876,1,T2025_02083.jpg,T2025_01580.jpg
0.2309,1,T2025_01439.jpg,T2025_01639.jpg
0.4809,0,T2025_02183.jpg,T2025_01117.jpg
0.0812,1,T2025_02583.jpg,T2025_00784.jpg
0.2733,1,T2025_00214.jpg,T2025_00824.jpg
0.0469,0,T2025_01839.jpg,T2025_01542.jpg
0.3879,1,T2025_02625.jpg,T2025_01564.jpg
0.7268,0,T2025_03095.jpg,T2025_00987.jpg
0.5437,0,T2025_02631.jpg,T2025_01534.jpg
0.0862,0,T2025_00934.jpg,T2025_01743.jpg
0.3152,0,T2025_02788.jpg,T2025_02825.jpg
0.3720,1,T2025_01107.jpg,T2025_02540.jpg
0.2312,0,T2025_01150.jpg,T2025_00362.jpg
0.1822,0,T2025_02666.jpg,T2025_00965.jpg
0.6706,1,T2025_00261.jpg,T2025_02628.jpg
0.1838,1,T2025_00475.jpg,T2025_00114.jpg
0.3935,1,T2025_02249.jpg,T2025_01059.jpg
0.1135,0,T2025_01845.jpg,T2025_01354.jpg
0.5083,1,T2025_00554.jpg,T2025_00012.jpg
0.0280,0,T2025_00535.jpg,T2025_01817.jpg
0.6195,1,T2025_01613.jpg,T2025_02421.jpg
0.2586,1,T2025_01322.jpg,T2025_01697.jpg
-0.0859,1,T2025_00413.jpg,T2025_02472.jpg
0.1320,1,T2025_00453.jpg,T2025_01543.jpg
-0.1822,0,T2025_02965.jpg,T2025_01715.jpg
0.7300,1,T2025_00332.jpg,T2025_02882.jpg
0.1555,0,T2025_02059.jpg,T2025_02125.jpg
0.4817,1,T2025_02194.jpg,T2025_02549.jpg
0.5796,1,T2025_01384.jpg,T2025_02921.jpg
0.2024,0,T2025_02951.jpg,T2025_02837.jpg
0.4752,1,T2025_02763.jpg,T2025_02150.jpg
0.4520,0,T2025_02655.jpg,T2025_02239.jpg
0.6587,1,T2025_01296.jpg,T2025_01292.jpg
0.2604,1,T2025_01252.jpg,T2025_00411.jpg
0.1317,0,T2025_01778.jpg,T2025_00517.jpg
0.6007,0,T2025_00940.jpg,T2025_00745.jpg
0.1385,1,T2025_01822.jpg,T2025_02257.jpg
-0.0729,1,T2025_02749.jpg,T2025_00094.jpg
0.4061,0,T2025_02993.jpg,T2025_01783.jpg
0.4073,0,T2025_00525.jpg,T2025_01491.jpg
-0.0438,0,T2025_00410.jpg,T2025_02785.jpg
0.6154,0,T2025_01905.jpg,T2025_00720.jpg
0.2919,0,T2025_02447.jpg,T2025_02758.jpg
0.2391,1,T2025_02994.jpg,T2025_02608.jpg
0.1079,1,T2025_00612.jpg,T2025_02405.jpg
0.6821,0,T2025_02242.jpg,T2025_02740.jpg
-0.1552,1,T2025_00643.jpg,T2025_02450.jpg
0.1562,1,T2025_00417.jpg,T2025_00607.jpg
0.0644,1,T2025_02425.jpg,T2025_03053.jpg
0.3103,0,T2025_02274.jpg,T2025_01297.jpg
0.6989,0,T2025_00346.jpg,T2025_00147.jpg
0.8291,0,T2025_00853.jpg,T2025_00758.jpg
0.0609,0,T2025_01967.jpg,T2025_01212.jpg
0.4200,1,T2025_02093.jpg,T2025_00322.jpg
0.4674,0,T2025_02010.jpg,T2025_02066.jpg
0.4094,0,T2025_00457.jpg,T2025_02681.jpg
0.2743,1,T2025_00117.jpg,T2025_00356.jpg
0.5695,0,T2025_01036.jpg,T2025_02590.jpg
0.4211,1,T2025_01045.jpg,T2025_00083.jpg
0.1527,1,T2025_02764.jpg,T2025_02905.jpg
0.4695,1,T2025_00824.jpg,T2025_00583.jpg
0.4504,1,T2025_00953.jpg,T2025_00220.jpg
0.7460,0,T2025_02026.jpg,T2025_02617.jpg
0.0916,1,T2025_01547.jpg,T2025_02025.jpg
0.2096,1,T2025_02450.jpg,T2025_00119.jpg
0.6115,1,T2025_00995.jpg,T2025_00847.jpg
0.2926,1,T2025_02605.jpg,T2025_02003.jpg
0.2936,1,T2025_02146.jpg,T2025_02044.jpg
0.2645,0,T2025_00752.jpg,T2025_02624.jpg
0.6637,0,T2025_02890.jpg,T2025_02373.jpg
0.2673,1,T2025_03060.jpg,T2025_01081.jpg
0.4544,0,T2025_01649.jpg,T2025_01472.jpg
0.0539,0,T2025_00861.jpg,T2025_01201.jpg
0.0627,0,T2025_01305.jpg,T2025_01845.jpg
-0.0375,1,T2025_02470.jpg,T2025_01995.jpg
-0.1171,0,T2025_01728.jpg,T2025_03050.jpg
0.0727,0,T2025_00985.jpg,T2025_00731.jpg
0.3314,0,T2025_00156.jpg,T2025_01259.jpg
0.0736,1,T2025_01517.jpg,T2025_02450.jpg
0.2007,1,T2025_00434.jpg,T2025_01499.jpg
0.2050,1,T2025_00790.jpg,T2025_01970.jpg
0.2211,0,T2025_01584.jpg,T2025_02028.jpg
0.7529,0,T2025_03009.jpg,T2025_01805.jpg
0.2441,1,T2025_00455.jpg,T2025_02801.jpg
0.5680,1,T2025_01468.jpg,T2025_00800.jpg
0.5466,1,T2025_02564.jpg,T2025_00669.jpg
0.0864,1,T2025_01710.jpg,T2025_00329.jpg
0.6665,0,T2025_03028.jpg,T2025_03087.jpg
0.6052,1,T2025_01870.jpg,T2025_00065.jpg
0.3947,1,T2025_02439.jpg,T2025_01000.jpg
0.1708,0,T2025_02016.jpg,T2025_00268.jpg
0.2345,1,T2025_02658.jpg,T2025_00390.jpg
0.2727,1,T2025_00452.jpg,T2025_01513.jpg
0.3105,0,T2025_00244.jpg,T2025_00350.jpg
0.7668,1,T2025_00588.jpg,T2025_02280.jpg
0.6793,0,T2025_00049.jpg,T2025_01844.jpg
0.7658,0,T2025_01320.jpg,T2025_01414.jpg
0.2361,1,T2025_03028.jpg,T2025_00485.jpg
0.4256,0,T2025_00532.jpg,T2025_01970.jpg
-0.0379,0,T2025_00532.jpg,T2025_02777.jpg
0.1228,0,T2025_00205.jpg,T2025_01579.jpg
0.6038,0,T2025_02665.jpg,T2025_01954.jpg
0.2130,1,T2025_01354.jpg,T2025_01658.jpg
0.2022,1,T2025_00673.jpg,T2025_01173.jpg
0.0917,0,T2025_00913.jpg,T2025_01826.jpg
0.1647,0,T2025_01450.jpg,T2025_02649.jpg
0.5829,1,T2025_00719.jpg,T2025_02144.jpg
0.3444,1,T2025_02383.jpg,T2025_01402.jpg
0.4570,0,T2025_02918.jpg,T2025_00676.jpg
-0.0742,0,T2025_01784.jpg,T2025_01507.jpg
0.1942,1,T2025_00297.jpg,T2025_01199.jpg
0.1179,0,T2025_02622.jpg,T2025_00232.jpg
0.5912,0,T2025_00624.jpg,T2025_01725.jpg
0.4362,0,T2025_00972.jpg,T2025_02818.jpg
0.1468,0,T2025_00204.jpg,T2025_02524.jpg
0.0464,1,T2025_00996.jpg,T2025_02109.jpg
0.3876,0,T2025_01957.jpg,T2025_02507.jpg
0.1126,1,T2025_02196.jpg,T2025_02588.jpg
0.3771,0,T2025_00979.jpg,T2025_03091.jpg
0.5615,0,T2025_00475.jpg,T2025_03090.jpg
0.1657,0,T2025_02003.jpg,T2025_01542.jpg
0.7111,1,T2025_03005.jpg,T2025_00159.jpg
0.2660,0,T2025_00783.jpg,T2025_02000.jpg
-0.0552,1,T2025_00874.jpg,T2025_00038.jpg
0.1903,0,T2025_01215.jpg,T2025_01958.jpg
0.2624,1,T2025_00461.jpg,T2025_00238.jpg
0.7892,0,T2025_00241.jpg,T2025_01673.jpg
0.4265,0,T2025_02255.jpg,T2025_01986.jpg
0.6611,0,T2025_01703.jpg,T2025_02533.jpg
0.3775,1,T2025_01780.jpg,T2025_00286.jpg
0.2635,0,T2025_02049.jpg,T2025_01623.jpg
0.5354,0,T2025_02345.jpg,T2025_00616.jpg
0.2974,1,T2025_01894.jpg,T2025_02274.jpg
0.1074,0,T2025_01016.jpg,T2025_02787.jpg
0.3112,0,T2025_02857.jpg,T2025_00836.jpg
0.4018,1,T2025_02616.jpg,T2025_02957.jpg
0.5308,1,T2025_02887.jpg,T2025_02175.jpg
0.3627,1,T2025_01876.jpg,T2025_01048.jpg
0.1066,1,T2025_00211.jpg,T2025_02750.jpg
0.1812,0,T2025_02905.jpg,T2025_02884.jpg
0.2031,1,T2025_00503.jpg,T2025_00268.jpg
0.1286,0,T2025_00308.jpg,T2025_00407.jpg
0.2426,1,T2025_00242.jpg,T2025_02147.jpg
0.0835,0,T2025_00560.jpg,T2025_00671.jpg
-0.0918,1,T2025_00057.jpg,T2025_02451.jpg
0.2743,0,T2025_02018.jpg,T2025_01701.jpg
0.3474,1,T2025_01506.jpg,T2025_01651.jpg
0.4789,0,T2025_01077.jpg,T2025_01123.jpg
0.0483,0,T2025_00126.jpg,T2025_02398.jpg
0.2520,1,T2025_01044.jpg,T2025_01414.jpg
0.5126,1,T2025_00823.jpg,T2025_02353.jpg
0.4629,0,T2025_00920.jpg,T2025_02929.jpg
0.0589,1,T2025_02969.jpg,T2025_02821.jpg
0.3428,0,T2025_02165.jpg,T2025_00397.jpg
-0.0407,0,T2025_01322.jpg,T2025_02131.jpg
0.1885,1,T2025_00266.jpg,T2025_02221.jpg
0.0581,0,T2025_02830.jpg,T2025_02841.jpg
0.7416,0,T2025_00717.jpg,T2025_01054.jpg
-0.0558,1,T2025_01505.jpg,T2025_00722.jpg
0.5923,0,T2025_00672.jpg,T2025_01185.jpg
0.6040,1,T2025_00557.jpg,T2025_01885.jpg
0.0960,0,T2025_02994.jpg,T2025_01471.jpg
0.2757,1,T2025_00130.jpg,T2025_02618.jpg
0.3054,0,T2025_01855.jpg,T2025_01932.jpg
0.0660,0,T2025_01421.jpg,T2025_02336.jpg
0.5182,1,T2025_00028.jpg,T2025_02577.jpg
0.1402,1,T2025_00449.jpg,T2025_00895.jpg
0.6859,1,T2025_01291.jpg,T2025_02789.jpg
0.2170,1,T2025_02283.jpg,T2025_01561.jpg
0.0663,1,T2025_00488.jpg,T2025_00366.jpg
0.1945,0,T2025_03032.jpg,T2025_02235.jpg
0.1211,1,T2025_01784.jpg,T2025_02884.jpg
0.1105,1,T2025_01130.jpg,T2025_02524.jpg
0.2027,1,T2025_02154.jpg,T2025_00091.jpg
0.7453,0,T2025_01588.jpg,T2025_01576.jpg
0.1201,1,T2025_02580.jpg,T2025_03101.jpg
0.2387,1,T2025_01769.jpg,T2025_00467.jpg
0.2990,0,T2025_03087.jpg,T2025_01818.jpg
0.0817,1,T2025_00073.jpg,T2025_00221.jpg
0.0162,0,T2025_01692.jpg,T2025_01004.jpg
0.5861,1,T2025_01037.jpg,T2025_01013.jpg
0.4741,0,T2025_02941.jpg,T2025_03024.jpg
0.2605,1,T2025_02093.jpg,T2025_02691.jpg
0.8165,0,T2025_01184.jpg,T2025_02625.jpg
0.6787,1,T2025_01846.jpg,T2025_02343.jpg
0.2552,1,T2025_00788.jpg,T2025_01511.jpg
0.5029,0,T2025_00162.jpg,T2025_01110.jpg
-0.1075,1,T2025_01971.jpg,T2025_02275.jpg
0.0795,0,T2025_00507.jpg,T2025_02908.jpg
0.2507,0,T2025_01421.jpg,T2025_03072.jpg
0.2069,1,T2025_02824.jpg,T2025_01428.jpg
0.0329,1,T2025_00273.jpg,T2025_00027.jpg
0.5177,1,T2025_01014.jpg,T2025_00082.jpg
0.3471,0,T2025_02383.jpg,T2025_01701.jpg
0.0352,1,T2025_00983.jpg,T2025_02153.jpg
0.3175,1,T2025_01197.jpg,T2025_02249.jpg
0.4249,1,T2025_01299.jpg,T2025_00588.jpg
0.3199,0,T2025_00889.jpg,T2025_00276.jpg
0.4049,0,T2025_00291.jpg,T2025_00974.jpg
0.7947,1,T2025_02086.jpg,T2025_01825.jpg
-0.0199,0,T2025_02192.jpg,T2025_00580.jpg
0.7517,0,T2025_00210.jpg,T2025_02279.jpg
0.5351,1,T2025_01228.jpg,T2025_00761.jpg
0.5814,0,T2025_02772.jpg,T2025_00883.jpg
0.6388,0,T2025_01396.jpg,T2025_00987.jpg
-0.0609,0,T2025_02457.jpg,T2025_01222.jpg
0.2023,0,T2025_01644.jpg,T2025_00662.jpg
0.1611,1,T2025_01037.jpg,T2025_02009.jpg
0.1130,1,T2025_00077.jpg,T2025_01245.jpg
0.6910,1,T2025_02120.jpg,T2025_01162.jpg
-0.0512,0,T2025_01527.jpg,T2025_02726.jpg
0.2674,1,T2025_02909.jpg,T2025_00109.jpg
0.4025,0,T2025_02545.jpg,T2025_00208.jpg
0.4477,1,T2025_02838.jpg,T2025_00112.jpg
0.5974,0,T2025_02969.jpg,T2025_00846.jpg
0.8826,0,T2025_00498.jpg,T2025_02476.jpg
0.1963,0,T2025_02263.jpg,T2025_02289.jpg
0.2038,0,T2025_01362.jpg,T2025_01174.jpg
0.5787,1,T2025_00790.jpg,T2025_02098.jpg
0.1981,0,T2025_02473.jpg,T2025_00426.jpg
0.2309,0,T2025_02610.jpg,T2025_02750.jpg
0.3966,1,T2025_02381.jpg,T2025_02256.jpg
0.6642,0,T2025_01846.jpg,T2025_02342.jpg
0.2898,1,T2025_00613.jpg,T2025_02989.jpg
0.1723,0,T2025_00031.jpg,T2025_01431.jpg
0.4800,1,T2025_03085.jpg,T2025_02715.jpg
0.7425,0,T2025_01286.jpg,T2025_01581.jpg
0.7089,0,T2025_00727.jpg,T2025_02102.jpg
0.0468,0,T2025_02595.jpg,T2025_02925.jpg
0.0540,1,T2025_00043.jpg,T2025_01245.jpg
0.3174,1,T2025_00191.jpg,T2025_00243.jpg
0.6782,1,T2025_01069.jpg,T2025_00920.jpg
0.6205,0,T2025_00799.jpg,T2025_01442.jpg
0.5617,0,T2025_02178.jpg,T2025_01421.jpg
0.8892,0,T2025_01060.jpg,T2025_01414.jpg
0.0086,1,T2025_00457.jpg,T2025_02472.jpg
0.4923,1,T2025_00175.jpg,T2025_01237.jpg
0.5455,0,T2025_01365.jpg,T2025_00282.jpg
0.4934,1,T2025_00893.jpg,T2025_02137.jpg
0.5875,1,T2025_01087.jpg,T2025_00496.jpg
0.2388,0,T2025_02763.jpg,T2025_01431.jpg
0.6178,0,T2025_00784.jpg,T2025_00683.jpg
0.4252,1,T2025_01140.jpg,T2025_01834.jpg
-0.0506,1,T2025_01767.jpg,T2025_00469.jpg
0.6367,1,T2025_01478.jpg,T2025_00332.jpg
0.0915,0,T2025_00536.jpg,T2025_00316.jpg
-0.0885,1,T2025_02253.jpg,T2025_01174.jpg
0.2601,1,T2025_00770.jpg,T2025_02985.jpg
0.4868,0,T2025_02496.jpg,T2025_01381.jpg
0.4459,0,T2025_01035.jpg,T2025_02613.jpg
0.2553,1,T2025_02914.jpg,T2025_02556.jpg
0.4323,0,T2025_00452.jpg,T2025_01533.jpg
0.4742,0,T2025_02935.jpg,T2025_01761.jpg
0.1084,0,T2025_02408.jpg,T2025_00782.jpg
-0.0070,0,T2025_01228.jpg,T2025_02151.jpg
0.4313,1,T2025_01862.jpg,T2025_02406.jpg
0.3363,0,T2025_02809.jpg,T2025_02917.jpg
0.5139,0,T2025_00887.jpg,T2025_02212.jpg
0.4995,1,T2025_02610.jpg,T2025_02891.jpg
0.7444,1,T2025_01920.jpg,T2025_00425.jpg
0.3207,0,T2025_00498.jpg,T2025_02043.jpg
0.3214,0,T2025_00630.jpg,T2025_00858.jpg
0.5623,1,T2025_02440.jpg,T2025_02201.jpg
0.0737,1,T2025_01529.jpg,T2025_02317.jpg
0.1476,1,T2025_02152.jpg,T2025_00774.jpg
0.1593,0,T2025_01051.jpg,T2025_03090.jpg
0.0106,1,T2025_00644.jpg,T2025_00731.jpg
0.0462,1,T2025_01127.jpg,T2025_00374.jpg
0.2197,0,T2025_00545.jpg,T2025_02745.jpg
-0.0240,1,T2025_01171.jpg,T2025_01855.jpg
0.3742,0,T2025_01581.jpg,T2025_02468.jpg
0.5452,0,T2025_01053.jpg,T2025_00016.jpg
0.5758,1,T2025_01263.jpg,T2025_02760.jpg
0.4770,1,T2025_00341.jpg,T2025_02717.jpg
0.5219,1,T2025_00862.jpg,T2025_00123.jpg
0.3979,1,T2025_01708.jpg,T2025_00619.jpg
0.0993,0,T2025_00676.jpg,T2025_01106.jpg
0.1252,1,T2025_00037.jpg,T2025_01183.jpg
0.3191,0,T2025_02177.jpg,T2025_01484.jpg
0.2082,0,T2025_00668.jpg,T2025_02231.jpg
-0.0973,1,T2025_01416.jpg,T2025_01506.jpg
0.6284,1,T2025_01196.jpg,T2025_00996.jpg
0.0141,1,T2025_02753.jpg,T2025_00823.jpg
0.2116,1,T2025_01263.jpg,T2025_00583.jpg
0.1495,1,T2025_00830.jpg,T2025_00395.jpg
0.4976,0,T2025_01723.jpg,T2025_01213.jpg
0.3630,1,T2025_00147.jpg,T2025_02028.jpg
0.2539,1,T2025_00516.jpg,T2025_02125.jpg
0.5008,0,T2025_00063.jpg,T2025_02383.jpg
0.1533,0,T2025_01695.jpg,T2025_01039.jpg
0.2138,1,T2025_02046.jpg,T2025_02578.jpg
0.2822,0,T2025_02060.jpg,T2025_01630.jpg
0.0064,1,T2025_02401.jpg,T2025_02472.jpg
0.0409,0,T2025_00017.jpg,T2025_02566.jpg
0.3989,0,T2025_03090.jpg,T2025_03075.jpg
0.8196,0,T2025_00040.jpg,T2025_02933.jpg
0.3594,1,T2025_00757.jpg,T2025_02108.jpg
0.1386,1,T2025_01942.jpg,T2025_02435.jpg
0.1865,1,T2025_02979.jpg,T2025_01102.jpg
0.3452,0,T2025_01027.jpg,T2025_00985.jpg
0.8365,0,T2025_02584.jpg,T2025_01537.jpg
1.0000,0,T2025_00910.jpg,T2025_00910.jpg
0.1505,1,T2025_00015.jpg,T2025_00773.jpg
0.3537,0,T2025_02399.jpg,T2025_01686.jpg
0.7045,1,T2025_01677.jpg,T2025_02456.jpg
0.2632,1,T2025_01013.jpg,T2025_00856.jpg
0.2572,0,T2025_01194.jpg,T2025_01909.jpg
-0.0031,1,T2025_00905.jpg,T2025_00031.jpg
0.3346,0,T2025_00309.jpg,T2025_02053.jpg
-0.0668,1,T2025_02228.jpg,T2025_01926.jpg
0.7817,1,T2025_01416.jpg,T2025_01616.jpg
0.2812,0,T2025_01230.jpg,T2025_01412.jpg
0.3479,1,T2025_00620.jpg,T2025_02869.jpg
0.3785,0,T2025_02063.jpg,T2025_00954.jpg
-0.0291,0,T2025_02480.jpg,T2025_00813.jpg
0.4063,0,T2025_02483.jpg,T2025_00277.jpg
-0.2307,0,T2025_00603.jpg,T2025_00978.jpg
0.7008,0,T2025_02999.jpg,T2025_00727.jpg
-0.0678,1,T2025_01247.jpg,T2025_00823.jpg
0.2645,1,T2025_02489.jpg,T2025_01003.jpg
0.4446,1,T2025_00947.jpg,T2025_00765.jpg
0.2232,0,T2025_02402.jpg,T2025_00796.jpg
0.5176,1,T2025_00311.jpg,T2025_00028.jpg
0.6335,0,T2025_00074.jpg,T2025_02388.jpg
0.5350,1,T2025_01221.jpg,T2025_00580.jpg
0.0353,0,T2025_00995.jpg,T2025_00075.jpg
0.2588,1,T2025_01179.jpg,T2025_02050.jpg
0.2601,0,T2025_00830.jpg,T2025_02431.jpg
0.1585,1,T2025_00186.jpg,T2025_01254.jpg
0.5517,0,T2025_02226.jpg,T2025_02548.jpg
0.7360,0,T2025_02223.jpg,T2025_02835.jpg
0.1667,0,T2025_03099.jpg,T2025_02045.jpg
0.6011,1,T2025_01752.jpg,T2025_02515.jpg
0.8348,1,T2025_02967.jpg,T2025_00943.jpg
0.3170,0,T2025_01765.jpg,T2025_00167.jpg
0.7183,1,T2025_02610.jpg,T2025_01903.jpg
-0.0592,0,T2025_01203.jpg,T2025_02491.jpg
0.6753,1,T2025_00537.jpg,T2025_00129.jpg
0.2378,0,T2025_02265.jpg,T2025_01857.jpg
0.8158,1,T2025_02358.jpg,T2025_00756.jpg
0.1694,0,T2025_00115.jpg,T2025_01602.jpg
-0.0044,0,T2025_02371.jpg,T2025_02547.jpg
0.2326,1,T2025_00671.jpg,T2025_02281.jpg
-0.0521,1,T2025_01493.jpg,T2025_03016.jpg
0.1843,0,T2025_02118.jpg,T2025_00262.jpg
0.4449,1,T2025_00978.jpg,T2025_00896.jpg
0.4700,0,T2025_01063.jpg,T2025_02505.jpg
0.2627,1,T2025_00874.jpg,T2025_01541.jpg
0.3640,1,T2025_01513.jpg,T2025_00996.jpg
0.3934,0,T2025_00202.jpg,T2025_01701.jpg
-0.0079,0,T2025_02442.jpg,T2025_02724.jpg
0.4185,0,T2025_02191.jpg,T2025_02538.jpg
0.1230,1,T2025_01108.jpg,T2025_01129.jpg
0.2994,0,T2025_01745.jpg,T2025_01443.jpg
0.6851,0,T2025_00510.jpg,T2025_00625.jpg
0.1398,0,T2025_00864.jpg,T2025_02886.jpg
0.4884,1,T2025_01391.jpg,T2025_02557.jpg
0.1890,1,T2025_01914.jpg,T2025_02225.jpg
0.4745,1,T2025_02246.jpg,T2025_02589.jpg
0.2095,1,T2025_02699.jpg,T2025_02098.jpg
0.6259,1,T2025_02085.jpg,T2025_01095.jpg
0.8606,0,T2025_02929.jpg,T2025_02983.jpg
0.4602,1,T2025_02621.jpg,T2025_00044.jpg
0.1061,0,T2025_01139.jpg,T2025_00792.jpg
0.2044,0,T2025_00543.jpg,T2025_02596.jpg
-0.0665,0,T2025_01512.jpg,T2025_02387.jpg
0.2287,1,T2025_00187.jpg,T2025_01823.jpg
0.4786,0,T2025_01594.jpg,T2025_02842.jpg
0.1371,1,T2025_02835.jpg,T2025_02117.jpg
0.1259,1,T2025_00472.jpg,T2025_02198.jpg
0.3485,0,T2025_01747.jpg,T2025_02934.jpg
0.6970,0,T2025_02293.jpg,T2025_00064.jpg
0.3081,0,T2025_02008.jpg,T2025_02168.jpg
0.2461,1,T2025_01418.jpg,T2025_01722.jpg
0.3345,0,T2025_01245.jpg,T2025_01644.jpg
0.5233,1,T2025_02227.jpg,T2025_00750.jpg
0.6610,0,T2025_00257.jpg,T2025_02469.jpg
0.4103,0,T2025_02830.jpg,T2025_00802.jpg
0.1301,1,T2025_02646.jpg,T2025_03009.jpg
0.4045,1,T2025_00204.jpg,T2025_02563.jpg
0.2991,1,T2025_01974.jpg,T2025_00530.jpg
0.2705,0,T2025_00819.jpg,T2025_01192.jpg
0.6252,0,T2025_00931.jpg,T2025_03047.jpg
0.1729,1,T2025_00214.jpg,T2025_00606.jpg
0.6116,1,T2025_02431.jpg,T2025_00323.jpg
0.2850,0,T2025_00573.jpg,T2025_00229.jpg
-0.0341,0,T2025_00184.jpg,T2025_02276.jpg
0.5318,0,T2025_01154.jpg,T2025_00761.jpg
0.6006,1,T2025_00416.jpg,T2025_00651.jpg
0.2445,0,T2025_00843.jpg,T2025_02717.jpg
0.3043,1,T2025_01072.jpg,T2025_00859.jpg
0.2786,0,T2025_02539.jpg,T2025_02440.jpg
0.3491,0,T2025_01315.jpg,T2025_01951.jpg
0.2339,0,T2025_01325.jpg,T2025_01110.jpg
0.1526,1,T2025_00697.jpg,T2025_00136.jpg
0.6136,1,T2025_00260.jpg,T2025_02541.jpg
0.2593,0,T2025_03018.jpg,T2025_00247.jpg
0.2966,1,T2025_00375.jpg,T2025_00591.jpg
0.2897,0,T2025_01148.jpg,T2025_01980.jpg
0.6544,1,T2025_03004.jpg,T2025_02400.jpg
0.7255,0,T2025_00185.jpg,T2025_00699.jpg
0.2564,0,T2025_03086.jpg,T2025_02904.jpg
0.0534,1,T2025_01883.jpg,T2025_00138.jpg
0.1392,0,T2025_01235.jpg,T2025_02267.jpg
0.1419,0,T2025_02970.jpg,T2025_01105.jpg
0.3309,0,T2025_01266.jpg,T2025_00288.jpg
0.3372,0,T2025_02127.jpg,T2025_02654.jpg
0.2907,1,T2025_01644.jpg,T2025_01431.jpg
0.4023,0,T2025_01830.jpg,T2025_00902.jpg
0.1870,0,T2025_01545.jpg,T2025_02542.jpg
0.6457,0,T2025_00382.jpg,T2025_01092.jpg
0.2201,1,T2025_02426.jpg,T2025_01081.jpg
-0.0022,1,T2025_02003.jpg,T2025_02757.jpg
0.6579,1,T2025_00973.jpg,T2025_01216.jpg
0.6077,0,T2025_00220.jpg,T2025_01297.jpg
0.1052,1,T2025_00302.jpg,T2025_02789.jpg
0.2147,0,T2025_01370.jpg,T2025_00940.jpg
0.1021,1,T2025_02770.jpg,T2025_02682.jpg
0.3311,1,T2025_01295.jpg,T2025_01206.jpg
0.4646,1,T2025_01675.jpg,T2025_01496.jpg
-0.0012,0,T2025_00792.jpg,T2025_01844.jpg
0.8578,1,T2025_02417.jpg,T2025_01420.jpg
0.4474,0,T2025_02102.jpg,T2025_00973.jpg
0.5389,1,T2025_01224.jpg,T2025_00305.jpg
-0.1185,0,T2025_01597.jpg,T2025_00427.jpg
0.5384,0,T2025_01736.jpg,T2025_02216.jpg
0.1392,1,T2025_00780.jpg,T2025_02920.jpg
0.7967,1,T2025_01623.jpg,T2025_01364.jpg
0.2462,1,T2025_00123.jpg,T2025_01121.jpg
0.1988,0,T2025_01674.jpg,T2025_02357.jpg
0.6380,0,T2025_01456.jpg,T2025_02682.jpg
0.2992,1,T2025_01671.jpg,T2025_02907.jpg
0.2360,1,T2025_01936.jpg,T2025_00936.jpg
0.6521,1,T2025_03015.jpg,T2025_01403.jpg
0.2848,1,T2025_00393.jpg,T2025_00751.jpg
0.1174,0,T2025_01203.jpg,T2025_00492.jpg
0.0084,1,T2025_00346.jpg,T2025_01845.jpg
0.1471,1,T2025_01197.jpg,T2025_01130.jpg
0.5965,0,T2025_01383.jpg,T2025_01461.jpg
0.6927,0,T2025_00393.jpg,T2025_00975.jpg
0.1326,0,T2025_01480.jpg,T2025_02870.jpg
0.0612,1,T2025_02258.jpg,T2025_00510.jpg
0.2910,0,T2025_01201.jpg,T2025_01901.jpg
-0.0537,1,T2025_02916.jpg,T2025_00485.jpg
0.1544,0,T2025_01825.jpg,T2025_00444.jpg
0.7377,0,T2025_00690.jpg,T2025_00905.jpg
0.5956,1,T2025_01635.jpg,T2025_01816.jpg
0.5171,0,T2025_01914.jpg,T2025_01601.jpg
0.2322,1,T2025_02975.jpg,T2025_01211.jpg
0.3095,1,T2025_01856.jpg,T2025_00164.jpg
0.5254,1,T2025_01114.jpg,T2025_00227.jpg
0.4330,1,T2025_00533.jpg,T2025_01025.jpg
0.4356,0,T2025_02052.jpg,T2025_01793.jpg
0.0726,0,T2025_00765.jpg,T2025_01741.jpg
0.0615,0,T2025_00981.jpg,T2025_00815.jpg
0.7783,0,T2025_00758.jpg,T2025_01259.jpg
0.2782,0,T2025_02721.jpg,T2025_00002.jpg
0.5670,1,T2025_00747.jpg,T2025_01931.jpg
0.2529,0,T2025_01971.jpg,T2025_00212.jpg
0.1873,0,T2025_02913.jpg,T2025_00208.jpg
0.0251,0,T2025_02193.jpg,T2025_00581.jpg
0.0928,0,T2025_01020.jpg,T2025_02066.jpg
0.5408,1,T2025_00106.jpg,T2025_02017.jpg
0.5395,0,T2025_02223.jpg,T2025_01134.jpg
0.4352,1,T2025_00818.jpg,T2025_01733.jpg
0.7587,1,T2025_01449.jpg,T2025_00968.jpg
0.2302,0,T2025_02014.jpg,T2025_02348.jpg
0.5927,1,T2025_00681.jpg,T2025_00143.jpg
0.0688,1,T2025_01510.jpg,T2025_01905.jpg
0.3167,1,T2025_00058.jpg,T2025_00875.jpg
0.7466,1,T2025_00746.jpg,T2025_00212.jpg
0.7668,1,T2025_02936.jpg,T2025_00044.jpg
0.8064,0,T2025_01637.jpg,T2025_00332.jpg
0.2302,1,T2025_00723.jpg,T2025_02911.jpg
-0.0796,0,T2025_01155.jpg,T2025_02907.jpg
0.1560,0,T2025_02048.jpg,T2025_00393.jpg
0.5807,0,T2025_01630.jpg,T2025_02102.jpg
0.0972,1,T2025_00965.jpg,T2025_01363.jpg
0.4973,1,T2025_02072.jpg,T2025_01522.jpg
-0.1294,1,T2025_02329.jpg,T2025_00105.jpg
0.1129,0,T2025_03072.jpg,T2025_00786.jpg
0.8309,0,T2025_00233.jpg,T2025_02024.jpg
0.4848,1,T2025_02353.jpg,T2025_00253.jpg
0.4621,1,T2025_02477.jpg,T2025_01847.jpg
0.1032,1,T2025_01760.jpg,T2025_02230.jpg
-0.0195,1,T2025_02657.jpg,T2025_02674.jpg
0.4269,1,T2025_01873.jpg,T2025_02545.jpg
0.3553,0,T2025_01765.jpg,T2025_02296.jpg
0.2303,0,T2025_00616.jpg,T2025_01768.jpg
0.3709,0,T2025_02997.jpg,T2025_02837.jpg
0.1695,1,T2025_02863.jpg,T2025_02455.jpg
0.1866,0,T2025_00073.jpg,T2025_00444.jpg
0.1076,0,T2025_02739.jpg,T2025_02710.jpg
0.2088,0,T2025_02729.jpg,T2025_01471.jpg
0.1599,1,T2025_02840.jpg,T2025_01746.jpg
0.2415,0,T2025_00105.jpg,T2025_01417.jpg
0.3179,1,T2025_00751.jpg,T2025_01453.jpg
0.3553,1,T2025_00428.jpg,T2025_00771.jpg
0.5552,1,T2025_02280.jpg,T2025_01988.jpg
0.3152,1,T2025_02896.jpg,T2025_00492.jpg
0.0131,0,T2025_01888.jpg,T2025_02836.jpg
0.1340,1,T2025_02893.jpg,T2025_02424.jpg
0.0071,1,T2025_02092.jpg,T2025_01309.jpg
0.8301,1,T2025_01036.jpg,T2025_00035.jpg
0.4080,0,T2025_02635.jpg,T2025_00412.jpg
0.5099,0,T2025_01007.jpg,T2025_01252.jpg
0.1177,1,T2025_00053.jpg,T2025_00529.jpg
0.0833,1,T2025_00789.jpg,T2025_01141.jpg
-0.0707,1,T2025_01390.jpg,T2025_00652.jpg
0.1982,0,T2025_00743.jpg,T2025_01851.jpg
0.3030,1,T2025_01874.jpg,T2025_02453.jpg
-0.1111,0,T2025_01153.jpg,T2025_02060.jpg
0.0801,0,T2025_01563.jpg,T2025_02352.jpg
0.1678,1,T2025_02731.jpg,T2025_02057.jpg
0.2275,0,T2025_01187.jpg,T2025_02777.jpg
0.1386,0,T2025_01141.jpg,T2025_00046.jpg
0.0864,0,T2025_00797.jpg,T2025_01199.jpg
0.2934,1,T2025_02508.jpg,T2025_02928.jpg
0.1277,0,T2025_02517.jpg,T2025_01954.jpg
0.8069,1,T2025_00820.jpg,T2025_02000.jpg
0.3174,1,T2025_00229.jpg,T2025_01156.jpg
0.1632,0,T2025_00545.jpg,T2025_00871.jpg
0.1941,0,T2025_00869.jpg,T2025_00223.jpg
0.1302,1,T2025_01984.jpg,T2025_01375.jpg
0.4473,1,T2025_01307.jpg,T2025_02213.jpg
0.1419,1,T2025_00816.jpg,T2025_02794.jpg
0.2265,0,T2025_02599.jpg,T2025_00836.jpg
0.3640,1,T2025_02531.jpg,T2025_00167.jpg
0.4132,0,T2025_01757.jpg,T2025_00471.jpg
0.0216,1,T2025_01236.jpg,T2025_02387.jpg
0.3890,1,T2025_03035.jpg,T2025_01842.jpg
-0.1018,1,T2025_00384.jpg,T2025_01274.jpg
0.5412,0,T2025_00955.jpg,T2025_01437.jpg
0.5113,1,T2025_02739.jpg,T2025_02546.jpg
0.7019,1,T2025_00632.jpg,T2025_01700.jpg
0.7348,0,T2025_00087.jpg,T2025_01992.jpg
0.0938,1,T2025_02035.jpg,T2025_00174.jpg
0.4260,1,T2025_00433.jpg,T2025_01553.jpg
0.7391,0,T2025_00489.jpg,T2025_00226.jpg
0.0518,0,T2025_00333.jpg,T2025_02850.jpg
0.3658,1,T2025_00671.jpg,T2025_00356.jpg
0.4508,1,T2025_01302.jpg,T2025_02508.jpg
0.2900,0,T2025_02410.jpg,T2025_02868.jpg
0.0843,0,T2025_03088.jpg,T2025_01600.jpg
0.3410,0,T2025_01041.jpg,T2025_01363.jpg
0.0887,1,T2025_00994.jpg,T2025_00366.jpg
0.4238,0,T2025_02475.jpg,T2025_01315.jpg
0.2927,0,T2025_01103.jpg,T2025_00330.jpg
0.2875,1,T2025_02156.jpg,T2025_00600.jpg
-0.0664,1,T2025_01447.jpg,T2025_02775.jpg
-0.0644,0,T2025_00990.jpg,T2025_01938.jpg
0.1933,0,T2025_00646.jpg,T2025_00375.jpg
0.1751,0,T2025_02844.jpg,T2025_01598.jpg
0.6564,0,T2025_01313.jpg,T2025_00331.jpg
0.2298,0,T2025_00522.jpg,T2025_01106.jpg
0.1665,1,T2025_03036.jpg,T2025_03055.jpg
0.3653,1,T2025_02932.jpg,T2025_00491.jpg
1.0000,1,T2025_01325.jpg,T2025_01325.jpg
0.2745,1,T2025_00600.jpg,T2025_02360.jpg
0.0892,1,T2025_02084.jpg,T2025_00021.jpg
0.6633,0,T2025_01838.jpg,T2025_00223.jpg
0.0826,0,T2025_02096.jpg,T2025_02210.jpg
0.5460,0,T2025_02563.jpg,T2025_01565.jpg
0.2554,1,T2025_00388.jpg,T2025_02909.jpg
0.6013,0,T2025_02179.jpg,T2025_01723.jpg
0.0140,1,T2025_01281.jpg,T2025_00287.jpg
0.5034,1,T2025_02636.jpg,T2025_00366.jpg
0.5787,0,T2025_02226.jpg,T2025_02935.jpg
0.1210,1,T2025_02458.jpg,T2025_03045.jpg
0.0825,1,T2025_00032.jpg,T2025_01523.jpg
0.3156,1,T2025_00247.jpg,T2025_03013.jpg
0.1771,1,T2025_01321.jpg,T2025_00404.jpg
0.0898,1,T2025_01625.jpg,T2025_02481.jpg
0.6200,0,T2025_00353.jpg,T2025_02918.jpg
0.3292,0,T2025_00462.jpg,T2025_01721.jpg
0.6592,1,T2025_01927.jpg,T2025_01006.jpg
0.3805,0,T2025_03064.jpg,T2025_00912.jpg
0.7395,1,T2025_00214.jpg,T2025_02779.jpg
0.1707,0,T2025_00526.jpg,T2025_01032.jpg
0.0865,1,T2025_00526.jpg,T2025_02825.jpg
0.7713,1,T2025_00484.jpg,T2025_00900.jpg
0.3017,1,T2025_00658.jpg,T2025_02575.jpg
-0.0908,0,T2025_02364.jpg,T2025_01775.jpg
0.4881,1,T2025_02305.jpg,T2025_02259.jpg
0.1186,0,T2025_00078.jpg,T2025_01992.jpg
0.0377,0,T2025_01882.jpg,T2025_02329.jpg
0.6606,1,T2025_01243.jpg,T2025_02924.jpg
0.5863,1,T2025_02642.jpg,T2025_02515.jpg
0.2774,0,T2025_01768.jpg,T2025_02890.jpg
0.4263,1,T2025_01215.jpg,T2025_02293.jpg
0.0205,0,T2025_02554.jpg,T2025_02878.jpg
0.4812,0,T2025_02410.jpg,T2025_00634.jpg
0.0838,1,T2025_00148.jpg,T2025_02768.jpg
0.2792,1,T2025_00435.jpg,T2025_02646.jpg
0.1739,1,T2025_02435.jpg,T2025_01863.jpg
0.2133,0,T2025_00775.jpg,T2025_01307.jpg
0.6543,1,T2025_00939.jpg,T2025_02667.jpg
0.2227,0,T2025_01550.jpg,T2025_01843.jpg
-0.0995,1,T2025_00605.jpg,T2025_00777.jpg
0.9137,0,T2025_01293.jpg,T2025_00931.jpg
0.1688,1,T2025_01367.jpg,T2025_00460.jpg
0.2474,1,T2025_01272.jpg,T2025_00775.jpg
0.7173,1,T2025_02243.jpg,T2025_02355.jpg
0.0186,1,T2025_00282.jpg,T2025_02579.jpg
0.2847,1,T2025_01852.jpg,T2025_02120.jpg
0.6344,0,T2025_02032.jpg,T2025_01374.jpg
0.2674,0,T2025_02336.jpg,T2025_00553.jpg
0.1000,1,T2025_01174.jpg,T2025_00910.jpg
0.0742,1,T2025_02975.jpg,T2025_01016.jpg
0.4802,0,T2025_01772.jpg,T2025_00444.jpg
0.4130,0,T2025_01484.jpg,T2025_00895.jpg
0.1153,1,T2025_02091.jpg,T2025_00629.jpg
0.1195,1,T2025_01345.jpg,T2025_01504.jpg
0.3423,1,T2025_02976.jpg,T2025_00457.jpg
0.2811,0,T2025_01011.jpg,T2025_01609.jpg
0.2257,0,T2025_00651.jpg,T2025_01767.jpg
0.4353,0,T2025_00782.jpg,T2025_02295.jpg
0.2380,1,T2025_00470.jpg,T2025_00673.jpg
0.0654,0,T2025_01386.jpg,T2025_02631.jpg
0.3116,0,T2025_01383.jpg,T2025_00984.jpg
0.1260,0,T2025_02718.jpg,T2025_00224.jpg
0.0502,1,T2025_02278.jpg,T2025_01324.jpg
0.4802,1,T2025_01812.jpg,T2025_01719.jpg
0.2541,1,T2025_01111.jpg,T2025_01745.jpg
0.2546,1,T2025_02368.jpg,T2025_00843.jpg
0.1299,1,T2025_02053.jpg,T2025_01211.jpg
0.3538,1,T2025_01604.jpg,T2025_01196.jpg
0.7369,1,T2025_01316.jpg,T2025_01710.jpg
0.1376,1,T2025_01882.jpg,T2025_02297.jpg
0.1064,0,T2025_01096.jpg,T2025_01797.jpg
-0.0586,0,T2025_00259.jpg,T2025_00256.jpg
1.0000,1,T2025_02728.jpg,T2025_02728.jpg
0.3231,0,T2025_01615.jpg,T2025_02253.jpg
0.2870,1,T2025_00044.jpg,T2025_02435.jpg
0.0426,1,T2025_03077.jpg,T2025_00550.jpg
0.1105,0,T2025_01867.jpg,T2025_02294.jpg
0.2007,0,T2025_00342.jpg,T2025_02965.jpg
0.3390,1,T2025_02081.jpg,T2025_02810.jpg
0.4917,1,T2025_01500.jpg,T2025_02282.jpg
0.6236,0,T2025_01999.jpg,T2025_02460.jpg
0.1745,1,T2025_02155.jpg,T2025_00867.jpg
0.3384,1,T2025_00028.jpg,T2025_00567.jpg
0.2045,0,T2025_00075.jpg,T2025_00813.jpg
0.5385,1,T2025_00586.jpg,T2025_01058.jpg
0.1737,0,T2025_01661.jpg,T2025_00201.jpg
0.0070,1,T2025_01687.jpg,T2025_02293.jpg
0.1241,0,T2025_02274.jpg,T2025_02328.jpg
0.1526,0,T2025_02833.jpg,T2025_00940.jpg
0.3841,0,T2025_01931.jpg,T2025_01553.jpg
0.5387,1,T2025_01899.jpg,T2025_01022.jpg
0.2802,0,T2025_01937.jpg,T2025_01196.jpg
0.1141,0,T2025_02292.jpg,T2025_01505.jpg
0.4485,1,T2025_02050.jpg,T2025_02750.jpg
0.1605,1,T2025_00568.jpg,T2025_01613.jpg
0.1118,1,T2025_02944.jpg,T2025_01445.jpg
0.2333,1,T2025_01432.jpg,T2025_02076.jpg
0.3192,1,T2025_02949.jpg,T2025_02771.jpg
0.1490,1,T2025_02683.jpg,T2025_02769.jpg
0.4817,1,T2025_01571.jpg,T2025_01637.jpg
0.5563,1,T2025_01321.jpg,T2025_02543.jpg
0.5483,0,T2025_00253.jpg,T2025_00082.jpg
0.1244,1,T2025_00735.jpg,T2025_00202.jpg
0.0163,1,T2025_00023.jpg,T2025_01494.jpg
0.4212,0,T2025_01228.jpg,T2025_00196.jpg
0.2920,1,T2025_01485.jpg,T2025_01767.jpg
0.2169,1,T2025_02782.jpg,T2025_02697.jpg
0.3359,0,T2025_00282.jpg,T2025_00577.jpg
0.5169,1,T2025_02801.jpg,T2025_01725.jpg
0.1312,1,T2025_01779.jpg,T2025_01797.jpg
0.0076,1,T2025_00537.jpg,T2025_00444.jpg
0.2038,0,T2025_02957.jpg,T2025_00686.jpg
0.7768,1,T2025_00196.jpg,T2025_01277.jpg
0.3909,0,T2025_01907.jpg,T2025_01321.jpg
0.4729,0,T2025_01207.jpg,T2025_00362.jpg
0.5210,0,T2025_02336.jpg,T2025_01361.jpg
0.7435,1,T2025_00627.jpg,T2025_00256.jpg
0.7403,1,T2025_02290.jpg,T2025_00158.jpg
0.0813,0,T2025_02844.jpg,T2025_02199.jpg
0.0140,0,T2025_00107.jpg,T2025_01446.jpg
0.1384,1,T2025_00176.jpg,T2025_02214.jpg
0.0164,0,T2025_02655.jpg,T2025_01277.jpg
0.2088,1,T2025_02052.jpg,T2025_00980.jpg
0.2491,1,T2025_01607.jpg,T2025_00005.jpg
0.7653,1,T2025_00096.jpg,T2025_03079.jpg
1.0000,1,T2025_02793.jpg,T2025_02793.jpg
0.5461,1,T2025_02515.jpg,T2025_02179.jpg
0.5405,0,T2025_02466.jpg,T2025_00037.jpg
0.3502,1,T2025_01130.jpg,T2025_00415.jpg
0.2274,0,T2025_01720.jpg,T2025_02419.jpg
0.2048,0,T2025_02902.jpg,T2025_01093.jpg
0.8768,1,T2025_03081.jpg,T2025_01879.jpg
-0.1163,0,T2025_02536.jpg,T2025_00931.jpg
0.2633,1,T2025_02838.jpg,T2025_01058.jpg
0.3010,1,T2025_00771.jpg,T2025_02846.jpg
0.5775,1,T2025_00546.jpg,T2025_00078.jpg
0.0611,1,T2025_02271.jpg,T2025_02573.jpg
0.6882,0,T2025_01707.jpg,T2025_01388.jpg
1.0000,1,T2025_01884.jpg,T2025_01884.jpg
0.0210,1,T2025_01641.jpg,T2025_02022.jpg
0.8442,0,T2025_02304.jpg,T2025_00094.jpg
0.8542,0,T2025_02346.jpg,T2025_02495.jpg
0.3718,1,T2025_02013.jpg,T2025_01315.jpg
0.3785,1,T2025_00546.jpg,T2025_01935.jpg
0.6509,0,T2025_02979.jpg,T2025_01673.jpg
0.2857,1,T2025_01091.jpg,T2025_01993.jpg
0.4191,0,T2025_02196.jpg,T2025_02047.jpg
0.5331,0,T2025_00016.jpg,T2025_00214.jpg
0.3335,0,T2025_01234.jpg,T2025_02618.jpg
0.1505,1,T2025_00377.jpg,T2025_02829.jpg
0.8199,1,T2025_02928.jpg,T2025_02581.jpg
0.8455,1,T2025_00221.jpg,T2025_02290.jpg
0.6654,0,T2025_00616.jpg,T2025_00128.jpg
-0.0314,1,T2025_01911.jpg,T2025_02986.jpg
0.3665,0,T2025_00340.jpg,T2025_01155.jpg
0.3318,1,T2025_03025.jpg,T2025_00431.jpg
0.0790,1,T2025_02976.jpg,T2025_00159.jpg
0.0374,0,T2025_02208.jpg,T2025_01267.jpg
0.1907,0,T2025_00421.jpg,T2025_01277.jpg
0.3399,0,T2025_00826.jpg,T2025_01289.jpg
0.4162,0,T2025_02375.jpg,T2025_01469.jpg
0.8391,0,T2025_00871.jpg,T2025_00991.jpg
0.2284,0,T2025_02959.jpg,T2025_00898.jpg
0.1508,0,T2025_01076.jpg,T2025_02974.jpg
0.2382,0,T2025_00786.jpg,T2025_01347.jpg
0.6351,1,T2025_02274.jpg,T2025_01837.jpg
-0.0494,0,T2025_00052.jpg,T2025_01186.jpg
0.6009,1,T2025_01094.jpg,T2025_00620.jpg
0.0476,1,T2025_02953.jpg,T2025_01063.jpg
0.1344,1,T2025_01928.jpg,T2025_02578.jpg
0.2936,0,T2025_02967.jpg,T2025_01485.jpg
0.2928,1,T2025_00587.jpg,T2025_00968.jpg
0.1761,0,T2025_01623.jpg,T2025_02529.jpg
-0.0746,1,T2025_00796.jpg,T2025_01916.jpg
0.6119,0,T2025_01997.jpg,T2025_00437.jpg
0.2339,0,T2025_02832.jpg,T2025_02025.jpg
0.1568,1,T2025_00471.jpg,T2025_03046.jpg
0.4636,1,T2025_00218.jpg,T2025_00313.jpg
0.2674,0,T2025_00707.jpg,T2025_02481.jpg
0.3855,1,T2025_02739.jpg,T2025_00005.jpg
-0.1116,0,T2025_01141.jpg,T2025_02695.jpg
0.8510,1,T2025_01334.jpg,T2025_01021.jpg
0.4191,0,T2025_00748.jpg,T2025_02378.jpg
0.8830,1,T2025_00597.jpg,T2025_01725.jpg
0.4506,0,T2025_02021.jpg,T2025_01128.jpg
0.6408,1,T2025_02322.jpg,T2025_02268.jpg
-0.1861,0,T2025_03006.jpg,T2025_00352.jpg
0.2493,0,T2025_00924.jpg,T2025_01421.jpg
0.2575,0,T2025_02162.jpg,T2025_01867.jpg
0.2656,0,T2025_02717.jpg,T2025_02299.jpg
0.0575,1,T2025_02326.jpg,T2025_01634.jpg
0.6696,1,T2025_00143.jpg,T2025_00493.jpg
0.5605,1,T2025_00776.jpg,T2025_01472.jpg
0.3774,1,T2025_02050.jpg,T2025_01542.jpg
0.0999,1,T2025_02761.jpg,T2025_02195.jpg
0.1278,0,T2025_01734.jpg,T2025_02900.jpg
0.3135,1,T2025_00432.jpg,T2025_01065.jpg
0.2970,0,T2025_02845.jpg,T2025_02354.jpg
0.1080,0,T2025_00776.jpg,T2025_01364.jpg
0.5451,0,T2025_00944.jpg,T2025_01643.jpg
0.3020,0,T2025_03067.jpg,T2025_01338.jpg
0.0532,0,T2025_01785.jpg,T2025_00338.jpg
0.4454,1,T2025_01324.jpg,T2025_00513.jpg
-0.1004,1,T2025_00768.jpg,T2025_01810.jpg
0.6756,1,T2025_00713.jpg,T2025_02191.jpg
0.5628,1,T2025_00232.jpg,T2025_02035.jpg
0.5245,0,T2025_00390.jpg,T2025_02733.jpg
0.5940,0,T2025_00180.jpg,T2025_00660.jpg
0.0616,0,T2025_03013.jpg,T2025_00806.jpg
0.0639,1,T2025_01580.jpg,T2025_02771.jpg
0.1845,0,T2025_02107.jpg,T2025_02613.jpg
0.6045,0,T2025_01401.jpg,T2025_01340.jpg
0.1455,1,T2025_02165.jpg,T2025_01945.jpg
0.6852,1,T2025_00416.jpg,T2025_00893.jpg
0.4341,0,T2025_00803.jpg,T2025_00791.jpg
0.2430,0,T2025_01865.jpg,T2025_01764.jpg
0.6707,0,T2025_00256.jpg,T2025_00861.jpg
-0.0268,0,T2025_00601.jpg,T2025_02259.jpg
0.6514,0,T2025_01238.jpg,T2025_02847.jpg
0.5719,1,T2025_01142.jpg,T2025_01188.jpg
0.1389,1,T2025_02450.jpg,T2025_02006.jpg
-0.0158,0,T2025_02737.jpg,T2025_01565.jpg
0.1143,0,T2025_02162.jpg,T2025_02544.jpg
0.1649,0,T2025_00864.jpg,T2025_01527.jpg
0.6809,0,T2025_01502.jpg,T2025_01715.jpg
1.0000,0,T2025_00619.jpg,T2025_00619.jpg
0.6463,1,T2025_00735.jpg,T2025_01802.jpg
0.3945,1,T2025_00509.jpg,T2025_00594.jpg
0.1720,0,T2025_01829.jpg,T2025_00118.jpg
0.6790,1,T2025_02865.jpg,T2025_01203.jpg
0.4544,0,T2025_03102.jpg,T2025_00487.jpg
0.1743,1,T2025_02440.jpg,T2025_00265.jpg
0.5514,0,T2025_00258.jpg,T2025_00228.jpg
0.4722,0,T2025_02216.jpg,T2025_02813.jpg
0.0469,1,T2025_02451.jpg,T2025_00430.jpg
0.6060,1,T2025_01168.jpg,T2025_01274.jpg
0.0447,1,T2025_01753.jpg,T2025_01321.jpg
0.0403,1,T2025_01220.jpg,T2025_00290.jpg
0.2436,1,T2025_00176.jpg,T2025_02348.jpg
0.3496,1,T2025_02745.jpg,T2025_00006.jpg
0.6458,0,T2025_02253.jpg,T2025_00582.jpg
-0.0629,0,T2025_00507.jpg,T2025_01024.jpg
0.5825,0,T2025_00635.jpg,T2025_02573.jpg
0.4755,0,T2025_01743.jpg,T2025_00565.jpg
0.0380,1,T2025_02852.jpg,T2025_01378.jpg
0.4256,1,T2025_00489.jpg,T2025_00442.jpg
0.2494,0,T2025_00461.jpg,T2025_02420.jpg
0.4192,1,T2025_02834.jpg,T2025_00459.jpg
0.4102,0,T2025_01129.jpg,T2025_03080.jpg
-0.0856,0,T2025_00066.jpg,T2025_02606.jpg
0.0808,0,T2025_01649.jpg,T2025_02808.jpg
0.0961,0,T2025_01683.jpg,T2025_01542.jpg
0.4132,1,T2025_00810.jpg,T2025_02946.jpg
0.7134,1,T2025_01073.jpg,T2025_01939.jpg
0.0798,0,T2025_02084.jpg,T2025_02225.jpg
0.2126,1,T2025_00335.jpg,T2025_01563.jpg
-0.0328,1,T2025_01791.jpg,T2025_02835.jpg
0.2840,1,T2025_01234.jpg,T2025_01606.jpg
0.7303,1,T2025_02380.jpg,T2025_01014.jpg
0.0208,1,T2025_02663.jpg,T2025_01857.jpg
0.7055,1,T2025_00068.jpg,T2025_01202.jpg
0.1580,1,T2025_02762.jpg,T2025_01144.jpg
0.1860,0,T2025_00785.jpg,T2025_01867.jpg
0.3432,1,T2025_02867.jpg,T2025_03096.jpg
0.0772,1,T2025_02212.jpg,T2025_01181.jpg
0.0544,1,T2025_02641.jpg,T2025_01869.jpg
0.8808,0,T2025_00149.jpg,T2025_01743.jpg
0.3917,1,T2025_00566.jpg,T2025_02267.jpg
0.3450,1,T2025_01587.jpg,T2025_01284.jpg
0.3547,1,T2025_02987.jpg,T2025_02687.jpg
0.4544,0,T2025_03089.jpg,T2025_00586.jpg
0.4952,0,T2025_02834.jpg,T2025_01261.jpg
0.0245,1,T2025_01071.jpg,T2025_02479.jpg
0.2104,0,T2025_01319.jpg,T2025_00052.jpg
0.1270,1,T2025_00488.jpg,T2025_00169.jpg
0.5649,0,T2025_01427.jpg,T2025_02077.jpg
0.2783,1,T2025_02361.jpg,T2025_02618.jpg
0.0921,1,T2025_01874.jpg,T2025_00284.jpg
0.2562,0,T2025_00345.jpg,T2025_00395.jpg
0.2382,1,T2025_02660.jpg,T2025_01615.jpg
0.5023,1,T2025_00927.jpg,T2025_00639.jpg
-0.0803,1,T2025_00411.jpg,T2025_00937.jpg
-0.0323,1,T2025_02908.jpg,T2025_01606.jpg
0.3514,0,T2025_01415.jpg,T2025_00641.jpg
0.0342,1,T2025_02354.jpg,T2025_01393.jpg
0.1703,0,T2025_00743.jpg,T2025_00784.jpg
-0.0052,1,T2025_02236.jpg,T2025_01388.jpg
0.5108,0,T2025_02850.jpg,T2025_01521.jpg
0.2779,0,T2025_01793.jpg,T2025_01452.jpg
0.1265,0,T2025_00567.jpg,T2025_03047.jpg
-0.0158,0,T2025_02088.jpg,T2025_00244.jpg
0.2224,0,T2025_01403.jpg,T2025_01958.jpg
0.2987,1,T2025_00648.jpg,T2025_02142.jpg
0.0901,1,T2025_01995.jpg,T2025_02925.jpg
0.1795,0,T2025_02795.jpg,T2025_00813.jpg
0.1194,1,T2025_02847.jpg,T2025_00306.jpg
0.3909,0,T2025_00600.jpg,T2025_01121.jpg
-0.0660,0,T2025_00512.jpg,T2025_02556.jpg
0.0517,0,T2025_01587.jpg,T2025_02169.jpg
0.4059,0,T2025_02016.jpg,T2025_00318.jpg
0.7724,0,T2025_01225.jpg,T2025_00000.jpg
0.1837,1,T2025_02168.jpg,T2025_02300.jpg
0.8472,1,T2025_02337.jpg,T2025_00032.jpg
0.3682,1,T2025_00859.jpg,T2025_00973.jpg
0.4501,1,T2025_01828.jpg,T2025_00390.jpg
0.0383,0,T2025_01877.jpg,T2025_00377.jpg
0.7475,0,T2025_02504.jpg,T2025_02808.jpg
0.6636,0,T2025_02824.jpg,T2025_01088.jpg
0.7375,1,T2025_00715.jpg,T2025_02045.jpg
0.3013,1,T2025_02629.jpg,T2025_00155.jpg
0.5627,1,T2025_03100.jpg,T2025_01145.jpg
0.8653,1,T2025_00132.jpg,T2025_00384.jpg
0.5193,1,T2025_00814.jpg,T2025_00082.jpg
-0.0929,1,T2025_01201.jpg,T2025_02904.jpg
0.0833,0,T2025_01579.jpg,T2025_00190.jpg
0.5170,1,T2025_01053.jpg,T2025_01119.jpg
0.6076,1,T2025_00549.jpg,T2025_01456.jpg
0.2427,1,T2025_02527.jpg,T2025_02370.jpg
0.1063,0,T2025_01349.jpg,T2025_02913.jpg
-0.0677,0,T2025_00642.jpg,T2025_01203.jpg
0.3977,1,T2025_01213.jpg,T2025_01978.jpg
0.0252,0,T2025_00570.jpg,T2025_01707.jpg
0.3486,1,T2025_00276.jpg,T2025_02832.jpg
0.3397,1,T2025_01539.jpg,T2025_03067.jpg
0.5860,1,T2025_00280.jpg,T2025_01408.jpg
0.1916,0,T2025_02978.jpg,T2025_01882.jpg
0.2463,0,T2025_02759.jpg,T2025_00422.jpg
0.4122,1,T2025_00604.jpg,T2025_02180.jpg
0.1655,0,T2025_01732.jpg,T2025_01630.jpg
0.1178,1,T2025_01601.jpg,T2025_00003.jpg
0.1764,1,T2025_01051.jpg,T2025_02170.jpg
0.5858,1,T2025_00740.jpg,T2025_01247.jpg
0.3597,1,T2025_00658.jpg,T2025_00620.jpg
0.4097,1,T2025_00422.jpg,T2025_00208.jpg
0.2714,0,T2025_02126.jpg,T2025_01731.jpg
-0.0304,0,T2025_02822.jpg,T2025_00643.jpg
0.7294,0,T2025_00064.jpg,T2025_01700.jpg
0.0705,1,T2025_01518.jpg,T2025_01998.jpg
0.4233,1,T2025_00497.jpg,T2025_02377.jpg
0.4515,1,T2025_02682.jpg,T2025_02137.jpg
0.7786,0,T2025_00585.jpg,T2025_00612.jpg
0.7828,0,T2025_02187.jpg,T2025_02930.jpg
-0.1580,0,T2025_02689.jpg,T2025_00884.jpg
0.0108,0,T2025_00971.jpg,T2025_02452.jpg
0.1323,0,T2025_02732.jpg,T2025_02434.jpg
0.3422,1,T2025_02310.jpg,T2025_00324.jpg
0.6485,0,T2025_01011.jpg,T2025_01016.jpg
0.4795,0,T2025_01266.jpg,T2025_01767.jpg
0.0890,0,T2025_00487.jpg,T2025_00801.jpg
0.2836,1,T2025_00633.jpg,T2025_01473.jpg
0.8786,1,T2025_02852.jpg,T2025_00418.jpg
0.5908,0,T2025_00057.jpg,T2025_00703.jpg
0.6032,0,T2025_02521.jpg,T2025_00210.jpg
1.0000,0,T2025_01736.jpg,T2025_01736.jpg
0.3174,1,T2025_00881.jpg,T2025_00098.jpg
0.4686,1,T2025_02675.jpg,T2025_00548.jpg
0.0428,1,T2025_01110.jpg,T2025_02282.jpg
0.6155,1,T2025_02166.jpg,T2025_01872.jpg
0.4717,1,T2025_01046.jpg,T2025_02535.jpg
0.7788,1,T2025_02917.jpg,T2025_01667.jpg
1.0000,1,T2025_02971.jpg,T2025_02971.jpg
-0.0399,0,T2025_00552.jpg,T2025_01204.jpg
0.5294,1,T2025_00818.jpg,T2025_01791.jpg
0.1189,1,T2025_02285.jpg,T2025_01518.jpg
0.1727,1,T2025_02917.jpg,T2025_00611.jpg
0.7698,0,T2025_02354.jpg,T2025_00147.jpg
-0.0110,1,T2025_01904.jpg,T2025_01410.jpg
0.0967,1,T2025_02809.jpg,T2025_01370.jpg
-0.0805,1,T2025_00044.jpg,T2025_00316.jpg
0.5126,1,T2025_00655.jpg,T2025_02691.jpg
0.5650,0,T2025_00716.jpg,T2025_02693.jpg
0.0437,0,T2025_01098.jpg,T2025_01125.jpg
0.5194,1,T2025_01633.jpg,T2025_01999.jpg
0.4539,1,T2025_00701.jpg,T2025_02846.jpg
0.7032,0,T2025_01889.jpg,T2025_02600.jpg
0.2857,0,T2025_00932.jpg,T2025_02991.jpg
0.1883,1,T2025_01502.jpg,T2025_02501.jpg
0.2464,1,T2025_01257.jpg,T2025_00576.jpg
0.0434,0,T2025_02773.jpg,T2025_02883.jpg
0.0522,1,T2025_01119.jpg,T2025_02841.jpg
0.3876,0,T2025_01178.jpg,T2025_01300.jpg
0.1426,1,T2025_02164.jpg,T2025_00002.jpg
0.2659,0,T2025_00659.jpg,T2025_02114.jpg
0.1633,0,T2025_02786.jpg,T2025_02932.jpg
0.5445,1,T2025_02799.jpg,T2025_00071.jpg
0.4041,0,T2025_01281.jpg,T2025_01659.jpg
0.2695,1,T2025_02170.jpg,T2025_02494.jpg
0.7179,0,T2025_01337.jpg,T2025_02428.jpg
0.1003,0,T2025_00293.jpg,T2025_02765.jpg
0.2855,1,T2025_02734.jpg,T2025_01062.jpg
0.1108,1,T2025_01365.jpg,T2025_02795.jpg
0.6207,1,T2025_01956.jpg,T2025_00994.jpg
0.6538,1,T2025_00775.jpg,T2025_00651.jpg
0.3408,1,T2025_00197.jpg,T2025_00088.jpg
0.1428,0,T2025_03064.jpg,T2025_01748.jpg
0.3152,1,T2025_01011.jpg,T2025_02150.jpg
0.3032,1,T2025_00081.jpg,T2025_00189.jpg
0.2259,0,T2025_01728.jpg,T2025_00976.jpg
0.4858,0,T2025_00452.jpg,T2025_02830.jpg
0.1474,1,T2025_02963.jpg,T2025_01169.jpg
0.5673,1,T2025_01880.jpg,T2025_00571.jpg
0.2974,0,T2025_02126.jpg,T2025_02333.jpg
0.4995,1,T2025_02618.jpg,T2025_01680.jpg
0.2968,1,T2025_02124.jpg,T2025_02809.jpg
0.0806,0,T2025_02831.jpg,T2025_00157.jpg
0.4257,0,T2025_00222.jpg,T2025_00390.jpg
0.5712,1,T2025_01264.jpg,T2025_01988.jpg
0.9274,1,T2025_02355.jpg,T2025_00378.jpg
0.3668,1,T2025_00631.jpg,T2025_00958.jpg
0.6658,0,T2025_01693.jpg,T2025_02670.jpg
0.2059,0,T2025_03011.jpg,T2025_02371.jpg
0.1610,1,T2025_00618.jpg,T2025_00187.jpg
0.1423,1,T2025_02628.jpg,T2025_02572.jpg
0.4137,0,T2025_00976.jpg,T2025_01448.jpg
0.1109,1,T2025_00536.jpg,T2025_01621.jpg
0.3207,0,T2025_01284.jpg,T2025_01511.jpg
0.1828,0,T2025_00141.jpg,T2025_00466.jpg
0.2876,0,T2025_02255.jpg,T2025_02534.jpg
0.4751,0,T2025_02302.jpg,T2025_00545.jpg
0.6285,1,T2025_00769.jpg,T2025_00701.jpg
0.5016,0,T2025_02134.jpg,T2025_00395.jpg
0.3530,1,T2025_02825.jpg,T2025_00586.jpg
0.1861,0,T2025_01563.jpg,T2025_02023.jpg
0.7248,0,T2025_00766.jpg,T2025_01914.jpg
0.3768,1,T2025_00574.jpg,T2025_02572.jpg
0.3617,0,T2025_02534.jpg,T2025_02648.jpg
0.1156,0,T2025_00314.jpg,T2025_00611.jpg
0.3095,0,T2025_03078.jpg,T2025_01026.jpg
0.3269,0,T2025_01275.jpg,T2025_00785.jpg
0.7286,1,T2025_01326.jpg,T2025_01752.jpg
0.8143,1,T2025_00132.jpg,T2025_02880.jpg
0.0437,1,T2025_01919.jpg,T2025_00475.jpg
0.0175,0,T2025_00169.jpg,T2025_01201.jpg
0.1271,0,T2025_00444.jpg,T2025_01195.jpg
0.5841,0,T2025_02026.jpg,T2025_00502.jpg
0.0414,1,T2025_02297.jpg,T2025_00923.jpg
0.1310,0,T2025_02247.jpg,T2025_01698.jpg
0.2512,1,T2025_02300.jpg,T2025_01769.jpg
0.3665,1,T2025_02943.jpg,T2025_03026.jpg
0.2408,0,T2025_00841.jpg,T2025_01502.jpg
-0.0023,0,T2025_01706.jpg,T2025_02060.jpg
0.5216,0,T2025_01183.jpg,T2025_00546.jpg
0.5205,1,T2025_00661.jpg,T2025_01083.jpg
0.6805,1,T2025_01710.jpg,T2025_00391.jpg
0.0901,1,T2025_01350.jpg,T2025_02345.jpg
0.3360,1,T2025_00099.jpg,T2025_01849.jpg
0.1982,0,T2025_01910.jpg,T2025_01164.jpg
0.2818,0,T2025_02105.jpg,T2025_02945.jpg
0.1677,0,T2025_00115.jpg,T2025_00372.jpg
0.4091,0,T2025_00967.jpg,T2025_02899.jpg
0.3076,0,T2025_02980.jpg,T2025_02322.jpg
0.3638,0,T2025_02518.jpg,T2025_00106.jpg
0.1825,0,T2025_01204.jpg,T2025_02135.jpg
0.7484,0,T2025_02617.jpg,T2025_00945.jpg
-0.1467,0,T2025_01871.jpg,T2025_02317.jpg
0.5027,1,T2025_02514.jpg,T2025_02554.jpg
-0.1223,1,T2025_01112.jpg,T2025_02045.jpg
0.3802,0,T2025_00076.jpg,T2025_01176.jpg
0.2804,1,T2025_00725.jpg,T2025_02274.jpg
0.8619,1,T2025_01463.jpg,T2025_02006.jpg
0.2661,0,T2025_00931.jpg,T2025_02413.jpg
0.6246,0,T2025_02907.jpg,T2025_01439.jpg
0.1279,0,T2025_00180.jpg,T2025_01579.jpg
0.7321,0,T2025_01916.jpg,T2025_00773.jpg
0.6909,1,T2025_01663.jpg,T2025_00541.jpg
0.6028,1,T2025_00953.jpg,T2025_01927.jpg
0.2253,0,T2025_00660.jpg,T2025_02628.jpg
0.1499,1,T2025_00206.jpg,T2025_02325.jpg
0.9081,1,T2025_00809.jpg,T2025_01944.jpg
0.7931,0,T2025_01411.jpg,T2025_01395.jpg
0.3596,0,T2025_00143.jpg,T2025_03023.jpg
0.0885,1,T2025_02741.jpg,T2025_01542.jpg
0.1244,1,T2025_01578.jpg,T2025_01151.jpg
0.4897,1,T2025_01004.jpg,T2025_00985.jpg
0.3979,0,T2025_00010.jpg,T2025_02129.jpg
0.6062,0,T2025_02366.jpg,T2025_00583.jpg
0.0967,0,T2025_00234.jpg,T2025_01531.jpg
0.0696,0,T2025_02429.jpg,T2025_02405.jpg
0.5674,0,T2025_00494.jpg,T2025_01325.jpg
-0.0437,1,T2025_00349.jpg,T2025_01529.jpg
0.4876,1,T2025_02948.jpg,T2025_01470.jpg
0.1820,0,T2025_00592.jpg,T2025_00634.jpg
0.6916,0,T2025_00036.jpg,T2025_00908.jpg
0.7557,0,T2025_01581.jpg,T2025_01764.jpg
0.2511,0,T2025_00983.jpg,T2025_02441.jpg
0.6691,1,T2025_01473.jpg,T2025_00777.jpg
0.5488,1,T2025_00334.jpg,T2025_01615.jpg
0.3293,0,T2025_01030.jpg,T2025_03010.jpg
0.2944,0,T2025_02307.jpg,T2025_02604.jpg
0.1474,1,T2025_00549.jpg,T2025_02508.jpg
0.3941,1,T2025_00027.jpg,T2025_00787.jpg
0.4260,1,T2025_01912.jpg,T2025_00011.jpg
0.2765,1,T2025_01193.jpg,T2025_01869.jpg
0.2865,1,T2025_01375.jpg,T2025_03001.jpg
0.4229,0,T2025_03040.jpg,T2025_02642.jpg
0.3102,1,T2025_00656.jpg,T2025_00210.jpg
0.0368,0,T2025_02542.jpg,T2025_02056.jpg
0.2232,1,T2025_01785.jpg,T2025_00484.jpg
0.5006,1,T2025_01912.jpg,T2025_01740.jpg
0.5479,0,T2025_02506.jpg,T2025_01740.jpg
0.1594,1,T2025_00649.jpg,T2025_01104.jpg
0.3414,0,T2025_01454.jpg,T2025_00495.jpg
0.2789,0,T2025_01815.jpg,T2025_01006.jpg
0.3727,1,T2025_02427.jpg,T2025_02657.jpg
0.2994,1,T2025_02475.jpg,T2025_00761.jpg
0.5567,1,T2025_00824.jpg,T2025_01060.jpg
0.1414,0,T2025_02117.jpg,T2025_01973.jpg
0.6956,0,T2025_00285.jpg,T2025_00167.jpg
0.7486,0,T2025_01906.jpg,T2025_00029.jpg
0.4288,1,T2025_02412.jpg,T2025_00761.jpg
0.1728,1,T2025_02409.jpg,T2025_00543.jpg
0.6680,1,T2025_00342.jpg,T2025_00206.jpg
0.6839,1,T2025_00240.jpg,T2025_00457.jpg
0.1064,0,T2025_00887.jpg,T2025_00299.jpg
1.0000,1,T2025_02470.jpg,T2025_02470.jpg
0.3202,0,T2025_01731.jpg,T2025_00751.jpg
0.2476,0,T2025_00323.jpg,T2025_00259.jpg
-0.0716,0,T2025_01841.jpg,T2025_01548.jpg
0.0758,1,T2025_00752.jpg,T2025_01799.jpg
0.0554,0,T2025_02069.jpg,T2025_01712.jpg
0.4833,0,T2025_00131.jpg,T2025_02826.jpg
0.4517,0,T2025_00618.jpg,T2025_03099.jpg
0.0988,0,T2025_00170.jpg,T2025_02215.jpg
0.4579,1,T2025_00323.jpg,T2025_00886.jpg
0.2308,1,T2025_00669.jpg,T2025_00981.jpg
0.0654,0,T2025_00451.jpg,T2025_02590.jpg
0.0725,0,T2025_02130.jpg,T2025_02736.jpg
0.1111,1,T2025_01280.jpg,T2025_00154.jpg
0.0522,1,T2025_01874.jpg,T2025_01309.jpg
-0.0188,0,T2025_02774.jpg,T2025_02120.jpg
0.2955,1,T2025_00928.jpg,T2025_02940.jpg
0.2945,0,T2025_02043.jpg,T2025_02973.jpg
0.0632,1,T2025_00445.jpg,T2025_01193.jpg
0.5213,0,T2025_00114.jpg,T2025_01679.jpg
0.4677,0,T2025_01664.jpg,T2025_00497.jpg
0.6279,0,T2025_03068.jpg,T2025_00154.jpg
0.3421,1,T2025_00657.jpg,T2025_01932.jpg
0.2316,1,T2025_02883.jpg,T2025_02536.jpg
0.1596,1,T2025_02119.jpg,T2025_01258.jpg
0.5077,1,T2025_01796.jpg,T2025_02034.jpg
0.3616,0,T2025_02558.jpg,T2025_02981.jpg
0.0600,0,T2025_00685.jpg,T2025_00589.jpg
0.5511,0,T2025_02199.jpg,T2025_00626.jpg
0.6102,0,T2025_02772.jpg,T2025_01095.jpg
0.2990,0,T2025_01367.jpg,T2025_01111.jpg
0.3126,0,T2025_00002.jpg,T2025_01230.jpg
0.5175,0,T2025_01806.jpg,T2025_02945.jpg
0.6106,1,T2025_01222.jpg,T2025_01296.jpg
0.6483,0,T2025_01953.jpg,T2025_00480.jpg
0.4329,1,T2025_02340.jpg,T2025_00829.jpg
0.5649,0,T2025_00832.jpg,T2025_02429.jpg
0.3574,1,T2025_02156.jpg,T2025_02424.jpg
0.4687,1,T2025_02142.jpg,T2025_00669.jpg
0.2157,1,T2025_00882.jpg,T2025_02136.jpg
0.2762,0,T2025_00213.jpg,T2025_01575.jpg
0.2132,1,T2025_02782.jpg,T2025_01600.jpg
0.6952,1,T2025_02666.jpg,T2025_02273.jpg
0.6495,0,T2025_00881.jpg,T2025_00520.jpg
0.1012,1,T2025_00564.jpg,T2025_02256.jpg
0.3404,1,T2025_02799.jpg,T2025_01013.jpg
0.1371,0,T2025_00419.jpg,T2025_02127.jpg
0.2948,0,T2025_01490.jpg,T2025_02683.jpg
0.3728,1,T2025_02786.jpg,T2025_02001.jpg
0.1431,1,T2025_01772.jpg,T2025_01082.jpg
0.2531,1,T2025_00114.jpg,T2025_03013.jpg
-0.0366,0,T2025_03060.jpg,T2025_00495.jpg
0.5015,0,T2025_00441.jpg,T2025_01693.jpg
0.6404,1,T2025_00160.jpg,T2025_02350.jpg
0.0140,1,T2025_02403.jpg,T2025_00697.jpg
0.2103,1,T2025_00310.jpg,T2025_01904.jpg
0.2702,1,T2025_00194.jpg,T2025_02463.jpg
0.1366,1,T2025_02495.jpg,T2025_01530.jpg
0.4318,0,T2025_01190.jpg,T2025_00813.jpg
0.0787,0,T2025_02658.jpg,T2025_01040.jpg
0.2833,0,T2025_00856.jpg,T2025_02985.jpg
0.3476,1,T2025_00051.jpg,T2025_03068.jpg
0.6252,0,T2025_00354.jpg,T2025_03026.jpg
0.2169,1,T2025_01848.jpg,T2025_02282.jpg
0.2929,1,T2025_02462.jpg,T2025_00667.jpg
0.6580,1,T2025_01188.jpg,T2025_02399.jpg
0.0996,1,T2025_00831.jpg,T2025_01835.jpg
0.8252,1,T2025_02411.jpg,T2025_00938.jpg
0.5057,1,T2025_00557.jpg,T2025_01156.jpg
0.0276,0,T2025_02542.jpg,T2025_00245.jpg
1.0000,1,T2025_01547.jpg,T2025_01547.jpg
-0.1507,0,T2025_00201.jpg,T2025_01230.jpg
-0.0717,0,T2025_01531.jpg,T2025_00321.jpg
-0.1118,1,T2025_00590.jpg,T2025_01506.jpg
0.3003,1,T2025_02237.jpg,T2025_01162.jpg
0.1861,0,T2025_02229.jpg,T2025_00408.jpg
0.1912,1,T2025_01570.jpg,T2025_00543.jpg
0.2386,1,T2025_02171.jpg,T2025_01767.jpg
0.4968,1,T2025_00531.jpg,T2025_01095.jpg
0.4600,1,T2025_00358.jpg,T2025_00189.jpg
0.2395,1,T2025_00006.jpg,T2025_00396.jpg
0.5300,1,T2025_02310.jpg,T2025_02520.jpg
0.3658,1,T2025_00858.jpg,T2025_00597.jpg
0.1555,0,T2025_01762.jpg,T2025_00368.jpg
0.2833,0,T2025_02992.jpg,T2025_01284.jpg
0.0426,0,T2025_00156.jpg,T2025_01278.jpg
0.5406,0,T2025_02442.jpg,T2025_00240.jpg
0.8427,1,T2025_01450.jpg,T2025_00671.jpg
0.3255,0,T2025_00751.jpg,T2025_01958.jpg
0.2916,0,T2025_01864.jpg,T2025_01706.jpg
0.0213,1,T2025_02732.jpg,T2025_02736.jpg
0.8405,1,T2025_01290.jpg,T2025_01199.jpg
0.0884,0,T2025_02368.jpg,T2025_02998.jpg
0.4787,0,T2025_00089.jpg,T2025_01794.jpg
0.2451,0,T2025_01269.jpg,T2025_02824.jpg
0.1170,1,T2025_01494.jpg,T2025_00824.jpg
0.0061,1,T2025_02989.jpg,T2025_00277.jpg
0.5728,0,T2025_01633.jpg,T2025_02472.jpg
0.5075,1,T2025_00941.jpg,T2025_00162.jpg
0.1646,1,T2025_01295.jpg,T2025_00140.jpg
0.1185,1,T2025_00239.jpg,T2025_00833.jpg
0.0308,1,T2025_01836.jpg,T2025_00881.jpg
0.3292,1,T2025_01610.jpg,T2025_01330.jpg
0.1430,1,T2025_01749.jpg,T2025_01602.jpg
0.2683,0,T2025_00265.jpg,T2025_01037.jpg
0.1764,1,T2025_00438.jpg,T2025_01915.jpg
0.4727,0,T2025_01452.jpg,T2025_02792.jpg
-0.0094,1,T2025_00326.jpg,T2025_01104.jpg
-0.0292,1,T2025_02047.jpg,T2025_01012.jpg
0.8336,1,T2025_00384.jpg,T2025_01738.jpg
0.5431,0,T2025_00993.jpg,T2025_01121.jpg
0.3632,1,T2025_00719.jpg,T2025_02073.jpg
0.5921,1,T2025_02487.jpg,T2025_03083.jpg
0.0355,0,T2025_01185.jpg,T2025_01182.jpg
0.5386,1,T2025_01340.jpg,T2025_03047.jpg
0.4863,1,T2025_01835.jpg,T2025_00376.jpg
0.1261,0,T2025_01332.jpg,T2025_00861.jpg
0.4267,0,T2025_02295.jpg,T2025_00609.jpg
0.2574,1,T2025_01278.jpg,T2025_01121.jpg
0.1548,0,T2025_01711.jpg,T2025_02608.jpg
0.2921,0,T2025_02855.jpg,T2025_00364.jpg
1.0000,1,T2025_01614.jpg,T2025_01614.jpg
0.2130,1,T2025_00934.jpg,T2025_02165.jpg
0.4926,0,T2025_00902.jpg,T2025_02701.jpg
0.0156,1,T2025_02461.jpg,T2025_02503.jpg
0.2215,0,T2025_02869.jpg,T2025_02024.jpg
0.4269,0,T2025_03044.jpg,T2025_00625.jpg
0.3193,1,T2025_00487.jpg,T2025_01395.jpg
0.0596,0,T2025_00319.jpg,T2025_01520.jpg
0.7188,1,T2025_01486.jpg,T2025_00773.jpg
0.4092,0,T2025_01983.jpg,T2025_02315.jpg
0.2219,0,T2025_01945.jpg,T2025_01594.jpg
-0.0154,1,T2025_01973.jpg,T2025_00191.jpg
0.0426,0,T2025_01306.jpg,T2025_01989.jpg
0.5152,0,T2025_01010.jpg,T2025_00144.jpg
0.8375,1,T2025_01099.jpg,T2025_01217.jpg
0.1880,0,T2025_01525.jpg,T2025_01654.jpg
-0.0221,0,T2025_00879.jpg,T2025_02678.jpg
0.8252,0,T2025_01474.jpg,T2025_00659.jpg
0.7909,1,T2025_01771.jpg,T2025_02217.jpg
0.2430,1,T2025_01669.jpg,T2025_02937.jpg
0.2862,0,T2025_02384.jpg,T2025_02801.jpg
0.0295,1,T2025_01879.jpg,T2025_02497.jpg
0.0710,1,T2025_03052.jpg,T2025_02965.jpg
0.1283,1,T2025_00614.jpg,T2025_00113.jpg
0.1674,1,T2025_01755.jpg,T2025_01771.jpg
0.2278,1,T2025_02339.jpg,T2025_00181.jpg
0.4194,1,T2025_01884.jpg,T2025_02946.jpg
0.2015,1,T2025_02560.jpg,T2025_02456.jpg
0.2730,1,T2025_02307.jpg,T2025_02534.jpg
0.4371,1,T2025_02948.jpg,T2025_01860.jpg
0.4404,1,T2025_00230.jpg,T2025_01469.jpg
0.6578,0,T2025_01232.jpg,T2025_01213.jpg
0.4208,0,T2025_00130.jpg,T2025_02128.jpg
0.4402,0,T2025_01319.jpg,T2025_00661.jpg
0.3762,0,T2025_01754.jpg,T2025_02439.jpg
0.7478,1,T2025_02577.jpg,T2025_02158.jpg
0.3539,0,T2025_01367.jpg,T2025_02994.jpg
0.2913,0,T2025_00949.jpg,T2025_02089.jpg
-0.0517,1,T2025_02377.jpg,T2025_01808.jpg
0.5174,1,T2025_00125.jpg,T2025_02406.jpg
0.5932,0,T2025_01401.jpg,T2025_00513.jpg
0.1530,1,T2025_02546.jpg,T2025_03098.jpg
0.1596,0,T2025_01599.jpg,T2025_00008.jpg
0.1399,0,T2025_01379.jpg,T2025_00134.jpg
0.5344,0,T2025_00516.jpg,T2025_02202.jpg
0.2929,1,T2025_00276.jpg,T2025_02940.jpg
0.2686,1,T2025_02113.jpg,T2025_02803.jpg
0.2718,0,T2025_00142.jpg,T2025_01380.jpg
-0.0093,1,T2025_01515.jpg,T2025_02178.jpg
0.0576,0,T2025_01773.jpg,T2025_02430.jpg
0.5868,1,T2025_00327.jpg,T2025_00956.jpg
0.6987,1,T2025_02526.jpg,T2025_00976.jpg
0.4933,0,T2025_01641.jpg,T2025_01119.jpg
0.0835,0,T2025_01966.jpg,T2025_01978.jpg
0.0650,1,T2025_01292.jpg,T2025_01306.jpg
0.2587,0,T2025_01702.jpg,T2025_01572.jpg
0.3882,0,T2025_02613.jpg,T2025_01497.jpg
0.2927,1,T2025_02987.jpg,T2025_02553.jpg
0.3717,0,T2025_02424.jpg,T2025_03031.jpg
-0.0466,1,T2025_01066.jpg,T2025_02821.jpg
0.5114,1,T2025_02060.jpg,T2025_02925.jpg
0.6943,1,T2025_01740.jpg,T2025_01193.jpg
-0.0086,1,T2025_00061.jpg,T2025_02557.jpg
0.3171,1,T2025_01631.jpg,T2025_00942.jpg
-0.0764,0,T2025_01752.jpg,T2025_00227.jpg
0.5766,1,T2025_00232.jpg,T2025_02854.jpg
0.5856,0,T2025_01349.jpg,T2025_01357.jpg
0.5871,1,T2025_00470.jpg,T2025_02609.jpg
0.8145,1,T2025_01511.jpg,T2025_00853.jpg
0.5853,0,T2025_00172.jpg,T2025_01741.jpg
0.0136,0,T2025_02455.jpg,T2025_02533.jpg
0.2412,0,T2025_01805.jpg,T2025_02118.jpg
-0.0057,0,T2025_01556.jpg,T2025_02724.jpg
0.0167,1,T2025_01727.jpg,T2025_01689.jpg
0.7221,1,T2025_00984.jpg,T2025_00936.jpg
0.5921,1,T2025_00106.jpg,T2025_00677.jpg
-0.0402,1,T2025_00124.jpg,T2025_02895.jpg
0.6684,1,T2025_02668.jpg,T2025_00354.jpg
0.2560,0,T2025_00584.jpg,T2025_01980.jpg
-0.0244,1,T2025_00082.jpg,T2025_01829.jpg
0.2341,0,T2025_00243.jpg,T2025_01167.jpg
0.2641,1,T2025_01610.jpg,T2025_00078.jpg
0.3114,0,T2025_01544.jpg,T2025_01759.jpg
0.3515,0,T2025_00981.jpg,T2025_00192.jpg
0.4715,0,T2025_01605.jpg,T2025_02056.jpg
0.3731,0,T2025_01898.jpg,T2025_03009.jpg
0.0354,0,T2025_00095.jpg,T2025_02811.jpg
0.3739,0,T2025_00509.jpg,T2025_01682.jpg
0.1579,1,T2025_01874.jpg,T2025_02517.jpg
-0.0877,1,T2025_01331.jpg,T2025_01533.jpg
0.4313,1,T2025_03040.jpg,T2025_02318.jpg
0.5742,1,T2025_02594.jpg,T2025_01865.jpg
0.0128,0,T2025_01613.jpg,T2025_00445.jpg
0.4868,1,T2025_00951.jpg,T2025_02240.jpg
0.4052,0,T2025_02947.jpg,T2025_00809.jpg
0.1642,0,T2025_00838.jpg,T2025_02361.jpg
0.2871,1,T2025_02650.jpg,T2025_00950.jpg
0.1607,1,T2025_00587.jpg,T2025_00791.jpg
-0.0720,0,T2025_00186.jpg,T2025_01568.jpg
0.6370,1,T2025_02177.jpg,T2025_00722.jpg
0.0236,1,T2025_01090.jpg,T2025_02222.jpg
0.1298,0,T2025_01431.jpg,T2025_01382.jpg
0.1512,0,T2025_00173.jpg,T2025_02068.jpg
0.1197,1,T2025_00392.jpg,T2025_00849.jpg
0.5383,1,T2025_02353.jpg,T2025_02116.jpg
0.3176,1,T2025_02186.jpg,T2025_00204.jpg
0.8246,1,T2025_00949.jpg,T2025_03063.jpg
0.0897,0,T2025_02740.jpg,T2025_02693.jpg
0.2613,0,T2025_02373.jpg,T2025_00644.jpg
0.0872,1,T2025_00995.jpg,T2025_00674.jpg
0.3985,0,T2025_02189.jpg,T2025_00315.jpg
0.0908,1,T2025_01434.jpg,T2025_02643.jpg
0.0907,1,T2025_01714.jpg,T2025_02792.jpg
0.3205,0,T2025_01635.jpg,T2025_00142.jpg
0.0305,1,T2025_01121.jpg,T2025_01331.jpg
-0.0353,1,T2025_01294.jpg,T2025_00271.jpg
0.1258,1,T2025_02408.jpg,T2025_03042.jpg
0.2391,1,T2025_03020.jpg,T2025_02759.jpg
0.2983,0,T2025_01801.jpg,T2025_00784.jpg
0.1822,0,T2025_02721.jpg,T2025_00430.jpg
0.7509,0,T2025_01878.jpg,T2025_00773.jpg
0.4796,1,T2025_00221.jpg,T2025_00228.jpg
-0.0012,0,T2025_00473.jpg,T2025_01613.jpg
0.3542,1,T2025_01603.jpg,T2025_00686.jpg
0.1496,0,T2025_00460.jpg,T2025_01621.jpg
0.0045,0,T2025_02250.jpg,T2025_00565.jpg
0.5166,1,T2025_02561.jpg,T2025_00101.jpg
0.5524,1,T2025_01771.jpg,T2025_02401.jpg
0.1090,0,T2025_01212.jpg,T2025_01347.jpg
0.1496,0,T2025_02899.jpg,T2025_00022.jpg
0.1171,0,T2025_02657.jpg,T2025_00751.jpg
0.7662,1,T2025_01879.jpg,T2025_02404.jpg
0.6782,0,T2025_01612.jpg,T2025_02175.jpg
0.5149,1,T2025_03043.jpg,T2025_00177.jpg
0.5194,1,T2025_01191.jpg,T2025_00591.jpg
0.2083,0,T2025_02139.jpg,T2025_01600.jpg
0.0676,0,T2025_02401.jpg,T2025_00103.jpg
0.0530,0,T2025_02314.jpg,T2025_00491.jpg
0.2925,1,T2025_01748.jpg,T2025_02608.jpg
0.3298,0,T2025_02565.jpg,T2025_02234.jpg
0.2046,1,T2025_02136.jpg,T2025_01816.jpg
0.4696,1,T2025_02498.jpg,T2025_02393.jpg
0.0193,0,T2025_00366.jpg,T2025_02096.jpg
0.3559,1,T2025_00887.jpg,T2025_01860.jpg
0.4967,0,T2025_01308.jpg,T2025_00592.jpg
0.3112,0,T2025_01253.jpg,T2025_02951.jpg
0.8125,1,T2025_01585.jpg,T2025_00158.jpg
0.8822,0,T2025_02968.jpg,T2025_02811.jpg
-0.0647,0,T2025_00408.jpg,T2025_02012.jpg
0.1668,0,T2025_00631.jpg,T2025_00726.jpg
0.4572,0,T2025_00464.jpg,T2025_03085.jpg
0.1515,1,T2025_02400.jpg,T2025_01884.jpg
0.6442,0,T2025_03024.jpg,T2025_01096.jpg
0.2038,0,T2025_03027.jpg,T2025_00260.jpg
0.7866,1,T2025_01224.jpg,T2025_02511.jpg
0.1765,0,T2025_01455.jpg,T2025_01193.jpg
0.0864,1,T2025_01679.jpg,T2025_00428.jpg
0.0093,0,T2025_00307.jpg,T2025_00628.jpg
0.0058,0,T2025_03039.jpg,T2025_01629.jpg
0.2677,0,T2025_00379.jpg,T2025_00169.jpg
0.3155,0,T2025_01267.jpg,T2025_01988.jpg
0.1000,0,T2025_03033.jpg,T2025_00709.jpg
-0.0277,1,T2025_00206.jpg,T2025_00234.jpg
0.1810,0,T2025_02292.jpg,T2025_01390.jpg
0.8100,0,T2025_00738.jpg,T2025_00392.jpg
0.3674,0,T2025_02467.jpg,T2025_01617.jpg
0.5006,0,T2025_02785.jpg,T2025_02676.jpg
0.1115,1,T2025_00120.jpg,T2025_00665.jpg
0.2933,0,T2025_01603.jpg,T2025_02519.jpg
0.2871,1,T2025_00611.jpg,T2025_02496.jpg
0.0143,0,T2025_02303.jpg,T2025_02718.jpg
0.7509,0,T2025_01599.jpg,T2025_00462.jpg
0.7666,0,T2025_02670.jpg,T2025_01732.jpg
0.3444,1,T2025_00145.jpg,T2025_00955.jpg
0.2477,1,T2025_00186.jpg,T2025_03025.jpg
0.1585,0,T2025_01255.jpg,T2025_01504.jpg
-0.0373,1,T2025_00877.jpg,T2025_00873.jpg
0.0473,0,T2025_01315.jpg,T2025_02588.jpg
0.9159,1,T2025_02089.jpg,T2025_00943.jpg
0.1667,0,T2025_02533.jpg,T2025_02182.jpg
0.0269,0,T2025_00895.jpg,T2025_02058.jpg
0.5383,1,T2025_00271.jpg,T2025_02268.jpg
0.3081,1,T2025_02030.jpg,T2025_02920.jpg
0.4719,1,T2025_01089.jpg,T2025_00719.jpg
0.0235,0,T2025_01145.jpg,T2025_00056.jpg
0.2564,0,T2025_00347.jpg,T2025_01310.jpg
0.4659,0,T2025_00126.jpg,T2025_00570.jpg
0.7566,1,T2025_01583.jpg,T2025_01463.jpg
0.1286,0,T2025_01211.jpg,T2025_00744.jpg
0.2984,1,T2025_01339.jpg,T2025_00780.jpg
0.4012,0,T2025_00124.jpg,T2025_00222.jpg
0.1336,1,T2025_02234.jpg,T2025_02110.jpg
0.2823,0,T2025_00318.jpg,T2025_00084.jpg
0.7662,1,T2025_02349.jpg,T2025_00245.jpg
0.8309,0,T2025_02659.jpg,T2025_01798.jpg
0.6016,0,T2025_00827.jpg,T2025_00823.jpg
0.1746,0,T2025_00097.jpg,T2025_00088.jpg
0.6662,1,T2025_00697.jpg,T2025_00737.jpg
0.4838,1,T2025_01466.jpg,T2025_01638.jpg
0.1153,0,T2025_00563.jpg,T2025_01562.jpg
0.0395,0,T2025_01087.jpg,T2025_01121.jpg
0.4700,1,T2025_00914.jpg,T2025_02497.jpg
-0.0351,0,T2025_02791.jpg,T2025_00145.jpg
0.0997,0,T2025_00660.jpg,T2025_02502.jpg
0.7308,0,T2025_00589.jpg,T2025_00304.jpg
0.4730,1,T2025_00983.jpg,T2025_00872.jpg
0.1247,1,T2025_02967.jpg,T2025_00342.jpg
1.0000,0,T2025_02852.jpg,T2025_02852.jpg
0.1418,0,T2025_02000.jpg,T2025_02427.jpg
0.6444,0,T2025_00654.jpg,T2025_01486.jpg
0.4090,0,T2025_00912.jpg,T2025_01410.jpg
0.4941,0,T2025_01191.jpg,T2025_02127.jpg
0.6582,1,T2025_01920.jpg,T2025_02258.jpg
0.3647,0,T2025_01146.jpg,T2025_00200.jpg
0.4443,0,T2025_01118.jpg,T2025_02466.jpg
-0.1066,1,T2025_01854.jpg,T2025_00322.jpg
0.0604,0,T2025_02648.jpg,T2025_01247.jpg
0.0915,1,T2025_02760.jpg,T2025_00442.jpg
0.1259,1,T2025_01836.jpg,T2025_02052.jpg
0.0806,0,T2025_02287.jpg,T2025_00293.jpg
0.3658,1,T2025_02162.jpg,T2025_02071.jpg
0.0028,0,T2025_01371.jpg,T2025_00390.jpg
0.1246,1,T2025_00278.jpg,T2025_00229.jpg
0.3557,0,T2025_01935.jpg,T2025_00549.jpg
0.1649,0,T2025_01241.jpg,T2025_00024.jpg
0.6450,0,T2025_01939.jpg,T2025_00080.jpg
-0.0549,1,T2025_01224.jpg,T2025_02698.jpg
0.4918,1,T2025_01715.jpg,T2025_02770.jpg
0.3357,1,T2025_02131.jpg,T2025_02913.jpg
0.2182,0,T2025_01423.jpg,T2025_01892.jpg
0.4612,0,T2025_02925.jpg,T2025_00167.jpg
0.4325,1,T2025_00299.jpg,T2025_02433.jpg
0.4098,1,T2025_01626.jpg,T2025_01072.jpg
0.3572,1,T2025_02506.jpg,T2025_01833.jpg
0.4722,0,T2025_02604.jpg,T2025_02519.jpg
0.1207,0,T2025_01407.jpg,T2025_02543.jpg
0.6240,1,T2025_00042.jpg,T2025_02914.jpg
0.4203,1,T2025_00136.jpg,T2025_00410.jpg
0.3252,1,T2025_00780.jpg,T2025_02981.jpg
0.1355,1,T2025_02401.jpg,T2025_00183.jpg
0.5739,0,T2025_01443.jpg,T2025_00481.jpg
0.1854,0,T2025_02180.jpg,T2025_02712.jpg
0.1587,0,T2025_02924.jpg,T2025_02892.jpg
0.1988,1,T2025_02883.jpg,T2025_00813.jpg
0.0526,1,T2025_00657.jpg,T2025_02898.jpg
0.0490,0,T2025_02604.jpg,T2025_00687.jpg
0.2319,1,T2025_00610.jpg,T2025_01743.jpg
0.3703,0,T2025_02941.jpg,T2025_02916.jpg
0.1881,1,T2025_00662.jpg,T2025_01382.jpg
0.1896,0,T2025_01674.jpg,T2025_01166.jpg
0.2783,1,T2025_01257.jpg,T2025_02768.jpg
0.2068,0,T2025_01441.jpg,T2025_00861.jpg
0.3775,1,T2025_01703.jpg,T2025_02846.jpg
0.1864,1,T2025_01248.jpg,T2025_01841.jpg
0.1668,1,T2025_02148.jpg,T2025_02397.jpg
0.2181,1,T2025_01087.jpg,T2025_02203.jpg
0.0494,0,T2025_01718.jpg,T2025_01020.jpg
0.1325,0,T2025_00728.jpg,T2025_00752.jpg
0.4220,1,T2025_01962.jpg,T2025_00373.jpg
0.3660,0,T2025_02222.jpg,T2025_00775.jpg
0.2812,0,T2025_00548.jpg,T2025_00060.jpg
0.3226,1,T2025_01938.jpg,T2025_01179.jpg
0.4484,0,T2025_02339.jpg,T2025_01614.jpg
0.4715,1,T2025_02491.jpg,T2025_02819.jpg
-0.0186,0,T2025_02238.jpg,T2025_01740.jpg
0.6983,0,T2025_02028.jpg,T2025_00480.jpg
0.2562,1,T2025_01577.jpg,T2025_01913.jpg
-0.0856,1,T2025_01644.jpg,T2025_01331.jpg
0.1008,1,T2025_02504.jpg,T2025_02089.jpg
0.1398,1,T2025_02056.jpg,T2025_02321.jpg
0.3883,0,T2025_00499.jpg,T2025_00205.jpg
0.1780,1,T2025_02469.jpg,T2025_01336.jpg
0.1074,0,T2025_02305.jpg,T2025_01667.jpg
0.2566,0,T2025_01821.jpg,T2025_00667.jpg
0.0506,1,T2025_02291.jpg,T2025_02989.jpg
0.2033,0,T2025_00689.jpg,T2025_01024.jpg
0.5481,1,T2025_00144.jpg,T2025_02754.jpg
0.4405,1,T2025_02313.jpg,T2025_00277.jpg
0.5177,0,T2025_02975.jpg,T2025_02414.jpg
-0.0041,1,T2025_01092.jpg,T2025_02846.jpg
-0.0169,0,T2025_02031.jpg,T2025_00281.jpg
0.1941,1,T2025_02846.jpg,T2025_02085.jpg
0.3432,0,T2025_02256.jpg,T2025_00937.jpg
0.7038,1,T2025_00169.jpg,T2025_01693.jpg
0.3223,1,T2025_02848.jpg,T2025_00867.jpg
0.1212,0,T2025_01519.jpg,T2025_00747.jpg
0.2298,0,T2025_02764.jpg,T2025_01899.jpg
0.3353,1,T2025_01492.jpg,T2025_00001.jpg
0.3590,0,T2025_01502.jpg,T2025_00646.jpg
-0.0204,0,T2025_02389.jpg,T2025_02343.jpg
0.2862,0,T2025_02473.jpg,T2025_00271.jpg
0.6444,1,T2025_00391.jpg,T2025_02916.jpg
-0.0581,1,T2025_02812.jpg,T2025_00738.jpg
0.5749,1,T2025_00861.jpg,T2025_02979.jpg
0.4337,1,T2025_02381.jpg,T2025_01626.jpg
0.0730,0,T2025_00776.jpg,T2025_01582.jpg
0.1142,1,T2025_00430.jpg,T2025_02213.jpg
0.7329,1,T2025_01386.jpg,T2025_01317.jpg
0.1953,0,T2025_00511.jpg,T2025_00859.jpg
0.1521,1,T2025_02986.jpg,T2025_00535.jpg
0.6002,0,T2025_00916.jpg,T2025_00397.jpg
0.1906,1,T2025_02729.jpg,T2025_00134.jpg
0.1575,1,T2025_02763.jpg,T2025_01547.jpg
0.4622,0,T2025_02463.jpg,T2025_01678.jpg
0.0859,0,T2025_00304.jpg,T2025_02824.jpg
0.5336,0,T2025_01518.jpg,T2025_01310.jpg
0.1161,1,T2025_02334.jpg,T2025_01956.jpg
0.0005,1,T2025_02633.jpg,T2025_00176.jpg
1.0000,0,T2025_02611.jpg,T2025_02611.jpg
0.3183,1,T2025_00808.jpg,T2025_02598.jpg
0.5721,1,T2025_01636.jpg,T2025_02003.jpg
0.7388,0,T2025_00281.jpg,T2025_03069.jpg
0.6278,0,T2025_01273.jpg,T2025_02057.jpg
0.3934,0,T2025_00624.jpg,T2025_02537.jpg
0.2728,0,T2025_01601.jpg,T2025_02383.jpg
0.2630,0,T2025_02352.jpg,T2025_02558.jpg
0.2447,1,T2025_01964.jpg,T2025_00867.jpg
0.1848,0,T2025_02719.jpg,T2025_00937.jpg
0.0102,1,T2025_01167.jpg,T2025_01476.jpg
0.7363,1,T2025_03096.jpg,T2025_01014.jpg
0.8440,1,T2025_02811.jpg,T2025_01016.jpg
0.1943,0,T2025_00196.jpg,T2025_02957.jpg
0.7321,1,T2025_01104.jpg,T2025_02113.jpg
0.5556,0,T2025_02270.jpg,T2025_02622.jpg
0.1708,1,T2025_01387.jpg,T2025_01831.jpg
0.7062,1,T2025_01970.jpg,T2025_03031.jpg
0.2408,0,T2025_02519.jpg,T2025_01526.jpg
0.5356,1,T2025_00230.jpg,T2025_00470.jpg
0.8108,1,T2025_01049.jpg,T2025_00241.jpg
0.0198,0,T2025_00609.jpg,T2025_00404.jpg
0.2669,0,T2025_00171.jpg,T2025_02541.jpg
0.4654,1,T2025_01713.jpg,T2025_02639.jpg
0.4345,1,T2025_01165.jpg,T2025_01762.jpg
0.5413,1,T2025_00325.jpg,T2025_01306.jpg
0.1578,0,T2025_00768.jpg,T2025_02143.jpg
0.3361,0,T2025_02420.jpg,T2025_01752.jpg
0.3145,1,T2025_02626.jpg,T2025_01553.jpg
0.3204,0,T2025_01103.jpg,T2025_00456.jpg
0.7234,1,T2025_02965.jpg,T2025_00980.jpg
0.6338,0,T2025_01859.jpg,T2025_00614.jpg
0.9028,0,T2025_00916.jpg,T2025_00092.jpg
0.1070,1,T2025_02004.jpg,T2025_00575.jpg
0.1630,1,T2025_02418.jpg,T2025_01731.jpg
0.2172,1,T2025_00735.jpg,T2025_00834.jpg
0.5002,0,T2025_00059.jpg,T2025_02937.jpg
0.1384,1,T2025_02175.jpg,T2025_02137.jpg
-0.0235,1,T2025_01305.jpg,T2025_02916.jpg
0.0693,1,T2025_02692.jpg,T2025_02034.jpg
0.6984,0,T2025_02201.jpg,T2025_02333.jpg
0.1678,1,T2025_01865.jpg,T2025_00548.jpg
-0.0516,0,T2025_02087.jpg,T2025_00093.jpg
0.6948,1,T2025_02342.jpg,T2025_00934.jpg
0.1518,0,T2025_02760.jpg,T2025_01386.jpg
0.3678,0,T2025_01258.jpg,T2025_01548.jpg
0.1831,0,T2025_01769.jpg,T2025_00895.jpg
0.2128,0,T2025_01495.jpg,T2025_02925.jpg
0.5867,0,T2025_01476.jpg,T2025_02126.jpg
0.2834,1,T2025_02647.jpg,T2025_01443.jpg
0.2018,1,T2025_01777.jpg,T2025_00039.jpg
0.4400,0,T2025_01330.jpg,T2025_01457.jpg
0.2352,0,T2025_02392.jpg,T2025_02450.jpg
0.6184,0,T2025_01524.jpg,T2025_00893.jpg
0.2500,1,T2025_00220.jpg,T2025_02148.jpg
0.0104,0,T2025_02354.jpg,T2025_02816.jpg
0.4115,1,T2025_02865.jpg,T2025_02413.jpg
0.5150,0,T2025_01745.jpg,T2025_00134.jpg
0.3149,1,T2025_01820.jpg,T2025_02570.jpg
0.2009,1,T2025_00161.jpg,T2025_01915.jpg
0.2033,1,T2025_00249.jpg,T2025_02007.jpg
0.5654,1,T2025_01239.jpg,T2025_01996.jpg
0.1425,0,T2025_01069.jpg,T2025_00926.jpg
0.1964,1,T2025_01071.jpg,T2025_00303.jpg
0.4933,1,T2025_02739.jpg,T2025_02459.jpg
0.1980,0,T2025_01792.jpg,T2025_01843.jpg
0.3343,1,T2025_00895.jpg,T2025_02619.jpg
0.4839,0,T2025_01579.jpg,T2025_02203.jpg
0.0329,0,T2025_01831.jpg,T2025_01363.jpg
0.8524,0,T2025_00746.jpg,T2025_01676.jpg
0.4785,0,T2025_01419.jpg,T2025_01427.jpg
0.1448,1,T2025_03071.jpg,T2025_01880.jpg
0.3838,1,T2025_02608.jpg,T2025_00533.jpg
-0.0503,1,T2025_00006.jpg,T2025_00753.jpg
0.1111,0,T2025_00702.jpg,T2025_00247.jpg
0.4917,0,T2025_02387.jpg,T2025_01932.jpg
0.6740,0,T2025_00740.jpg,T2025_02217.jpg
0.2723,0,T2025_02718.jpg,T2025_01387.jpg
0.4137,0,T2025_01285.jpg,T2025_01983.jpg
0.0226,1,T2025_01371.jpg,T2025_02614.jpg
0.1595,0,T2025_02536.jpg,T2025_01199.jpg
0.0211,0,T2025_02048.jpg,T2025_01961.jpg
0.6790,0,T2025_00541.jpg,T2025_00062.jpg
0.5208,1,T2025_02078.jpg,T2025_02792.jpg
0.2188,0,T2025_02877.jpg,T2025_02469.jpg
0.0983,0,T2025_02025.jpg,T2025_02085.jpg
0.6776,1,T2025_01701.jpg,T2025_02221.jpg
0.3795,1,T2025_00230.jpg,T2025_01061.jpg
0.0507,1,T2025_02730.jpg,T2025_02515.jpg
0.1616,1,T2025_00445.jpg,T2025_01529.jpg
0.6157,1,T2025_00144.jpg,T2025_00636.jpg
-0.0502,0,T2025_02943.jpg,T2025_01639.jpg
0.9450,1,T2025_01255.jpg,T2025_00733.jpg
0.4101,1,T2025_02740.jpg,T2025_00123.jpg
0.0873,0,T2025_00288.jpg,T2025_00175.jpg
0.2963,0,T2025_00047.jpg,T2025_00577.jpg
0.5594,0,T2025_02149.jpg,T2025_02323.jpg
0.3403,0,T2025_02070.jpg,T2025_02152.jpg
0.1750,1,T2025_01116.jpg,T2025_01672.jpg
-0.0042,0,T2025_00675.jpg,T2025_01587.jpg
0.0491,1,T2025_01892.jpg,T2025_00395.jpg
0.4444,0,T2025_02302.jpg,T2025_01581.jpg
0.7826,1,T2025_01661.jpg,T2025_00544.jpg
0.1854,1,T2025_02392.jpg,T2025_01903.jpg
0.7209,0,T2025_02211.jpg,T2025_01208.jpg
0.6816,1,T2025_00739.jpg,T2025_02801.jpg
0.1712,1,T2025_01394.jpg,T2025_02245.jpg
0.0909,1,T2025_00432.jpg,T2025_01061.jpg
-0.0025,0,T2025_00244.jpg,T2025_00960.jpg
0.4565,0,T2025_01483.jpg,T2025_00969.jpg
0.1650,1,T2025_00294.jpg,T2025_00814.jpg
0.0496,0,T2025_00684.jpg,T2025_02665.jpg
0.2165,0,T2025_02453.jpg,T2025_02111.jpg
0.4696,1,T2025_01664.jpg,T2025_03056.jpg
0.2532,0,T2025_02720.jpg,T2025_01799.jpg
0.2055,1,T2025_00599.jpg,T2025_02508.jpg
0.7927,0,T2025_00690.jpg,T2025_00882.jpg
0.4832,0,T2025_01694.jpg,T2025_01837.jpg
0.2482,1,T2025_00058.jpg,T2025_00666.jpg
0.6215,1,T2025_00829.jpg,T2025_02632.jpg
0.4032,1,T2025_02984.jpg,T2025_02018.jpg
0.8800,0,T2025_02041.jpg,T2025_01290.jpg
0.2678,0,T2025_00266.jpg,T2025_01376.jpg
0.5692,0,T2025_00237.jpg,T2025_01095.jpg
0.3164,1,T2025_03097.jpg,T2025_01731.jpg
0.2812,0,T2025_01733.jpg,T2025_00859.jpg
0.2255,0,T2025_01541.jpg,T2025_03080.jpg
0.4190,0,T2025_01875.jpg,T2025_00844.jpg
0.4955,1,T2025_01265.jpg,T2025_00977.jpg
-0.0301,0,T2025_02077.jpg,T2025_01807.jpg
0.0373,1,T2025_02169.jpg,T2025_00949.jpg
0.6582,0,T2025_02959.jpg,T2025_02259.jpg
0.5877,0,T2025_02190.jpg,T2025_02880.jpg
0.6627,1,T2025_01316.jpg,T2025_01409.jpg
0.7612,1,T2025_00650.jpg,T2025_00201.jpg
0.4952,1,T2025_00540.jpg,T2025_01262.jpg
0.7614,1,T2025_01168.jpg,T2025_02086.jpg
0.1823,1,T2025_00139.jpg,T2025_01957.jpg
0.6058,0,T2025_03099.jpg,T2025_02996.jpg
0.1503,1,T2025_02396.jpg,T2025_00196.jpg
0.2385,0,T2025_00241.jpg,T2025_01403.jpg
0.3960,0,T2025_02742.jpg,T2025_01494.jpg
0.3069,1,T2025_01758.jpg,T2025_02581.jpg
0.0925,1,T2025_00294.jpg,T2025_02661.jpg
0.2178,0,T2025_00502.jpg,T2025_01605.jpg
0.4581,0,T2025_01347.jpg,T2025_00575.jpg
0.1123,0,T2025_00428.jpg,T2025_02728.jpg
0.3737,1,T2025_01174.jpg,T2025_02349.jpg
0.0422,0,T2025_01621.jpg,T2025_01333.jpg
0.2088,1,T2025_01137.jpg,T2025_01165.jpg
0.6447,0,T2025_01005.jpg,T2025_00395.jpg
0.1922,0,T2025_02287.jpg,T2025_00783.jpg
0.8402,1,T2025_02599.jpg,T2025_01739.jpg
0.4453,1,T2025_00381.jpg,T2025_02461.jpg
-0.0829,0,T2025_01895.jpg,T2025_01651.jpg
0.2588,0,T2025_00897.jpg,T2025_01985.jpg
0.8551,1,T2025_02312.jpg,T2025_00699.jpg
0.5372,0,T2025_03044.jpg,T2025_00137.jpg
0.4843,0,T2025_03076.jpg,T2025_02875.jpg
0.1923,1,T2025_00409.jpg,T2025_02838.jpg
0.2599,0,T2025_03007.jpg,T2025_02827.jpg
0.2541,0,T2025_02771.jpg,T2025_00582.jpg
0.5917,1,T2025_00337.jpg,T2025_00346.jpg
0.1392,0,T2025_01829.jpg,T2025_00499.jpg
0.4748,1,T2025_02631.jpg,T2025_01729.jpg
0.5186,0,T2025_01362.jpg,T2025_01682.jpg
0.1587,0,T2025_02333.jpg,T2025_01603.jpg
0.1864,0,T2025_01331.jpg,T2025_02298.jpg
0.0641,0,T2025_00424.jpg,T2025_00540.jpg
0.6220,1,T2025_02999.jpg,T2025_00614.jpg
0.4954,1,T2025_02212.jpg,T2025_01711.jpg
0.0181,1,T2025_00586.jpg,T2025_02087.jpg
0.0316,1,T2025_00813.jpg,T2025_01469.jpg
0.0157,1,T2025_02249.jpg,T2025_00383.jpg
0.6220,0,T2025_01819.jpg,T2025_02026.jpg
0.4850,0,T2025_03036.jpg,T2025_00939.jpg
0.6227,0,T2025_03019.jpg,T2025_00468.jpg
0.2420,0,T2025_00129.jpg,T2025_02025.jpg
0.6951,1,T2025_00840.jpg,T2025_02323.jpg
0.4897,1,T2025_01341.jpg,T2025_01561.jpg
-0.0387,1,T2025_01562.jpg,T2025_01143.jpg
0.2729,1,T2025_01730.jpg,T2025_01471.jpg
0.1159,1,T2025_01038.jpg,T2025_00075.jpg
0.1508,0,T2025_00238.jpg,T2025_01668.jpg
0.3562,1,T2025_00376.jpg,T2025_00151.jpg
0.4137,1,T2025_01767.jpg,T2025_02871.jpg
0.4624,0,T2025_01059.jpg,T2025_00539.jpg
0.0751,0,T2025_02572.jpg,T2025_00759.jpg
0.6305,0,T2025_00287.jpg,T2025_02557.jpg
0.3878,1,T2025_01561.jpg,T2025_00520.jpg
0.0621,0,T2025_01034.jpg,T2025_01678.jpg
0.6396,1,T2025_01795.jpg,T2025_02338.jpg
0.1579,1,T2025_01260.jpg,T2025_00887.jpg
0.7402,1,T2025_02918.jpg,T2025_00650.jpg
0.1391,0,T2025_02812.jpg,T2025_02700.jpg
0.1325,0,T2025_01662.jpg,T2025_02564.jpg
0.1564,0,T2025_02504.jpg,T2025_00922.jpg
0.3541,0,T2025_00593.jpg,T2025_02869.jpg
0.4631,0,T2025_01423.jpg,T2025_02219.jpg
0.1878,1,T2025_02370.jpg,T2025_00013.jpg
0.6388,0,T2025_00193.jpg,T2025_02119.jpg
0.6367,1,T2025_02634.jpg,T2025_00150.jpg
0.2843,1,T2025_01561.jpg,T2025_02927.jpg
0.1201,1,T2025_01178.jpg,T2025_00719.jpg
0.4573,1,T2025_00780.jpg,T2025_02009.jpg
0.5766,1,T2025_01420.jpg,T2025_02226.jpg
0.0830,1,T2025_01034.jpg,T2025_00734.jpg
0.6398,1,T2025_01207.jpg,T2025_00007.jpg
0.1589,0,T2025_01768.jpg,T2025_02985.jpg
0.6057,0,T2025_01684.jpg,T2025_02435.jpg
0.3070,0,T2025_00667.jpg,T2025_01906.jpg
0.4463,0,T2025_01146.jpg,T2025_02152.jpg
0.7387,1,T2025_02468.jpg,T2025_03097.jpg
0.2854,0,T2025_01464.jpg,T2025_02958.jpg
0.0041,1,T2025_00387.jpg,T2025_02221.jpg
0.1270,1,T2025_01634.jpg,T2025_02680.jpg
0.9957,0,T2025_01124.jpg,T2025_01504.jpg
0.7264,0,T2025_01757.jpg,T2025_00011.jpg
0.7513,0,T2025_02983.jpg,T2025_02003.jpg
0.6969,1,T2025_01072.jpg,T2025_02580.jpg
1.0000,1,T2025_01497.jpg,T2025_01497.jpg
0.1097,0,T2025_02229.jpg,T2025_02759.jpg
0.4619,0,T2025_02400.jpg,T2025_01439.jpg
0.3852,1,T2025_02595.jpg,T2025_02350.jpg
0.1456,0,T2025_02721.jpg,T2025_00413.jpg
0.1511,0,T2025_00822.jpg,T2025_02989.jpg
0.2483,0,T2025_00904.jpg,T2025_02882.jpg
0.5176,0,T2025_02406.jpg,T2025_02516.jpg
0.1312,1,T2025_02010.jpg,T2025_01331.jpg
0.2212,0,T2025_02796.jpg,T2025_03042.jpg
0.4239,0,T2025_01744.jpg,T2025_02946.jpg
0.2419,1,T2025_02914.jpg,T2025_02062.jpg
0.5614,1,T2025_00346.jpg,T2025_00855.jpg
0.0353,1,T2025_02435.jpg,T2025_00435.jpg
0.6990,0,T2025_02398.jpg,T2025_00671.jpg
-0.0093,1,T2025_01418.jpg,T2025_00146.jpg
0.1636,0,T2025_00486.jpg,T2025_03025.jpg
0.5611,0,T2025_01458.jpg,T2025_01955.jpg
0.0686,1,T2025_02312.jpg,T2025_02145.jpg
0.3097,0,T2025_02505.jpg,T2025_02066.jpg
0.1672,1,T2025_00778.jpg,T2025_00294.jpg
0.3733,0,T2025_00335.jpg,T2025_02184.jpg
0.1661,1,T2025_01526.jpg,T2025_02894.jpg
0.0403,1,T2025_01060.jpg,T2025_01979.jpg
0.0554,1,T2025_02982.jpg,T2025_01147.jpg
0.2769,0,T2025_01407.jpg,T2025_00623.jpg
0.5690,0,T2025_01217.jpg,T2025_00883.jpg
0.2736,1,T2025_01366.jpg,T2025_01471.jpg
0.0011,0,T2025_01140.jpg,T2025_00537.jpg
0.1744,1,T2025_01353.jpg,T2025_01275.jpg
0.6673,0,T2025_01853.jpg,T2025_02289.jpg
0.1716,1,T2025_02129.jpg,T2025_01637.jpg
0.6935,0,T2025_00876.jpg,T2025_02478.jpg
0.1355,1,T2025_00920.jpg,T2025_00146.jpg
0.0069,0,T2025_03052.jpg,T2025_02390.jpg
0.1030,1,T2025_02257.jpg,T2025_01199.jpg
0.1886,0,T2025_00692.jpg,T2025_02398.jpg
0.1157,0,T2025_02149.jpg,T2025_01944.jpg
0.4856,0,T2025_02843.jpg,T2025_02570.jpg
0.2488,1,T2025_01946.jpg,T2025_03102.jpg
0.0238,1,T2025_02752.jpg,T2025_01857.jpg
0.2930,1,T2025_02698.jpg,T2025_00622.jpg
0.8958,0,T2025_02747.jpg,T2025_02584.jpg
0.6569,1,T2025_01052.jpg,T2025_02620.jpg
0.2405,1,T2025_00269.jpg,T2025_00166.jpg
0.1582,0,T2025_00821.jpg,T2025_01127.jpg
0.6170,1,T2025_02600.jpg,T2025_02370.jpg
0.5914,0,T2025_02350.jpg,T2025_02008.jpg
0.7077,0,T2025_01259.jpg,T2025_01872.jpg
0.2757,1,T2025_01028.jpg,T2025_00745.jpg
0.4349,1,T2025_01949.jpg,T2025_02241.jpg
0.4699,1,T2025_00620.jpg,T2025_02492.jpg
0.0273,1,T2025_02252.jpg,T2025_02734.jpg
0.4180,0,T2025_01441.jpg,T2025_02304.jpg
-0.0966,0,T2025_02004.jpg,T2025_02176.jpg
0.3029,1,T2025_02375.jpg,T2025_00199.jpg
0.3139,1,T2025_02958.jpg,T2025_02873.jpg
0.7765,0,T2025_00371.jpg,T2025_02524.jpg
0.1490,0,T2025_01513.jpg,T2025_02100.jpg
0.3836,0,T2025_00218.jpg,T2025_02335.jpg
0.6878,1,T2025_00407.jpg,T2025_01455.jpg
0.4998,0,T2025_02784.jpg,T2025_01592.jpg
0.4665,0,T2025_01284.jpg,T2025_00275.jpg
0.1837,1,T2025_02145.jpg,T2025_02890.jpg
-0.0042,0,T2025_01619.jpg,T2025_02632.jpg
0.3550,0,T2025_02305.jpg,T2025_01875.jpg
0.2208,1,T2025_00194.jpg,T2025_02889.jpg
0.1244,0,T2025_00330.jpg,T2025_01231.jpg
0.3906,0,T2025_02141.jpg,T2025_00886.jpg
0.2460,1,T2025_02379.jpg,T2025_01130.jpg
0.7300,0,T2025_02003.jpg,T2025_00304.jpg
0.1572,1,T2025_01535.jpg,T2025_00387.jpg
0.2423,1,T2025_02111.jpg,T2025_00996.jpg
0.2846,1,T2025_01237.jpg,T2025_02520.jpg
0.4514,1,T2025_02898.jpg,T2025_00645.jpg
0.1694,0,T2025_03025.jpg,T2025_02324.jpg
-0.0229,1,T2025_03083.jpg,T2025_00570.jpg
0.3008,0,T2025_00084.jpg,T2025_03057.jpg
0.5135,0,T2025_02316.jpg,T2025_02218.jpg
0.8311,0,T2025_01521.jpg,T2025_00826.jpg
0.2054,1,T2025_01829.jpg,T2025_00230.jpg
0.5818,1,T2025_00986.jpg,T2025_01618.jpg
0.1730,0,T2025_01433.jpg,T2025_00851.jpg
0.4260,0,T2025_00160.jpg,T2025_02083.jpg
-0.0526,0,T2025_01712.jpg,T2025_02715.jpg
0.3933,1,T2025_00549.jpg,T2025_01850.jpg
0.5867,1,T2025_00755.jpg,T2025_01057.jpg
0.0920,1,T2025_00926.jpg,T2025_01510.jpg
0.4705,0,T2025_00154.jpg,T2025_01624.jpg
0.0740,0,T2025_00000.jpg,T2025_00041.jpg
0.5215,1,T2025_00195.jpg,T2025_00402.jpg
0.5017,1,T2025_01381.jpg,T2025_00611.jpg
-0.0022,1,T2025_01161.jpg,T2025_02467.jpg
0.0993,0,T2025_00842.jpg,T2025_00249.jpg
0.5436,1,T2025_02582.jpg,T2025_00006.jpg
0.4838,0,T2025_02088.jpg,T2025_01423.jpg
0.2896,0,T2025_00285.jpg,T2025_00649.jpg
-0.0063,0,T2025_00169.jpg,T2025_02215.jpg
0.8548,0,T2025_02490.jpg,T2025_01998.jpg
0.6013,1,T2025_01106.jpg,T2025_01651.jpg
0.4700,0,T2025_01994.jpg,T2025_01692.jpg
0.3042,0,T2025_00202.jpg,T2025_00106.jpg
0.0229,1,T2025_02261.jpg,T2025_01974.jpg
0.2220,1,T2025_00140.jpg,T2025_00962.jpg
0.6044,0,T2025_01340.jpg,T2025_02559.jpg
0.5099,1,T2025_01592.jpg,T2025_02853.jpg
0.2363,0,T2025_02748.jpg,T2025_01392.jpg
0.5426,0,T2025_02043.jpg,T2025_00952.jpg
0.1746,0,T2025_03034.jpg,T2025_01773.jpg
-0.0897,0,T2025_01236.jpg,T2025_02120.jpg
0.2642,0,T2025_02413.jpg,T2025_00793.jpg
0.0453,1,T2025_00127.jpg,T2025_00227.jpg
0.2711,0,T2025_01458.jpg,T2025_02786.jpg
0.2113,0,T2025_00929.jpg,T2025_03051.jpg
0.4261,0,T2025_00624.jpg,T2025_02801.jpg
0.1298,1,T2025_02311.jpg,T2025_00490.jpg
0.3404,1,T2025_02400.jpg,T2025_00242.jpg
-0.1278,1,T2025_00944.jpg,T2025_02132.jpg
0.0812,1,T2025_00491.jpg,T2025_00099.jpg
-0.0181,0,T2025_02993.jpg,T2025_01277.jpg
0.2532,1,T2025_00297.jpg,T2025_01125.jpg
0.1626,1,T2025_02925.jpg,T2025_01054.jpg
-0.0445,0,T2025_02474.jpg,T2025_02881.jpg
0.2653,0,T2025_03088.jpg,T2025_00363.jpg
0.0092,1,T2025_00869.jpg,T2025_01972.jpg
0.2927,0,T2025_00484.jpg,T2025_01126.jpg
0.2179,1,T2025_01005.jpg,T2025_00570.jpg
0.0331,1,T2025_00906.jpg,T2025_00127.jpg
0.0553,0,T2025_01797.jpg,T2025_01300.jpg
0.3589,1,T2025_01358.jpg,T2025_02737.jpg
-0.1928,1,T2025_01056.jpg,T2025_01334.jpg
0.4172,1,T2025_03028.jpg,T2025_00692.jpg
0.1460,1,T2025_01506.jpg,T2025_02089.jpg
-0.0705,0,T2025_01137.jpg,T2025_00267.jpg
0.0703,0,T2025_01829.jpg,T2025_01638.jpg
0.1936,0,T2025_02866.jpg,T2025_02914.jpg
-0.0127,1,T2025_00054.jpg,T2025_01629.jpg
0.0591,1,T2025_02826.jpg,T2025_01842.jpg
0.7755,1,T2025_02632.jpg,T2025_02174.jpg
0.0932,1,T2025_02294.jpg,T2025_00632.jpg
-0.1295,1,T2025_00942.jpg,T2025_00855.jpg
0.0332,0,T2025_01006.jpg,T2025_01175.jpg
0.0646,0,T2025_01273.jpg,T2025_01192.jpg
0.2608,1,T2025_02523.jpg,T2025_02585.jpg
0.4251,0,T2025_01808.jpg,T2025_00464.jpg
-0.0445,1,T2025_01105.jpg,T2025_02152.jpg
0.2615,1,T2025_00237.jpg,T2025_02422.jpg
0.0178,0,T2025_00437.jpg,T2025_01211.jpg
-0.1769,0,T2025_01967.jpg,T2025_02176.jpg
0.4294,0,T2025_01348.jpg,T2025_00263.jpg
0.0249,0,T2025_00256.jpg,T2025_01549.jpg
0.2232,0,T2025_01778.jpg,T2025_00585.jpg
0.6579,1,T2025_01396.jpg,T2025_00158.jpg
0.0298,0,T2025_00748.jpg,T2025_03093.jpg
0.1563,1,T2025_02173.jpg,T2025_01924.jpg
0.5537,0,T2025_02443.jpg,T2025_02653.jpg
0.5960,0,T2025_00183.jpg,T2025_00386.jpg
0.2324,0,T2025_02257.jpg,T2025_02595.jpg
0.4901,1,T2025_00049.jpg,T2025_01604.jpg
0.2550,1,T2025_00054.jpg,T2025_00246.jpg
0.1000,1,T2025_00618.jpg,T2025_00634.jpg
0.8446,0,T2025_00527.jpg,T2025_01685.jpg
0.0901,0,T2025_01065.jpg,T2025_00715.jpg
-0.0168,0,T2025_00245.jpg,T2025_02187.jpg
0.6972,0,T2025_00846.jpg,T2025_00877.jpg
0.1419,1,T2025_01251.jpg,T2025_02240.jpg
0.1634,0,T2025_02380.jpg,T2025_02062.jpg
-0.0272,1,T2025_02270.jpg,T2025_00632.jpg
0.0426,1,T2025_01264.jpg,T2025_00784.jpg
0.8093,1,T2025_01445.jpg,T2025_02683.jpg
0.1146,0,T2025_02400.jpg,T2025_01323.jpg
0.7377,1,T2025_01774.jpg,T2025_02369.jpg
0.4925,0,T2025_00034.jpg,T2025_01244.jpg
-0.1653,0,T2025_00064.jpg,T2025_03061.jpg
0.6835,0,T2025_02817.jpg,T2025_01486.jpg
0.1765,1,T2025_02311.jpg,T2025_00924.jpg
0.2557,0,T2025_00529.jpg,T2025_00292.jpg
0.5428,1,T2025_00679.jpg,T2025_02263.jpg
0.4033,1,T2025_00236.jpg,T2025_01447.jpg
0.2064,0,T2025_01238.jpg,T2025_02437.jpg
0.1145,0,T2025_02100.jpg,T2025_00644.jpg
0.4187,0,T2025_00891.jpg,T2025_00232.jpg
0.0925,1,T2025_00556.jpg,T2025_02634.jpg
0.3031,1,T2025_02899.jpg,T2025_02836.jpg
0.5434,0,T2025_02009.jpg,T2025_01198.jpg
0.4844,0,T2025_02699.jpg,T2025_02988.jpg
0.4653,0,T2025_01465.jpg,T2025_01903.jpg
0.2620,0,T2025_02267.jpg,T2025_01686.jpg
0.2262,0,T2025_01908.jpg,T2025_00994.jpg
-0.0482,1,T2025_01387.jpg,T2025_01759.jpg
0.2384,1,T2025_00570.jpg,T2025_00077.jpg
0.4968,1,T2025_01388.jpg,T2025_02782.jpg
-0.0182,0,T2025_01027.jpg,T2025_00219.jpg
0.5681,1,T2025_02632.jpg,T2025_02785.jpg
0.1166,1,T2025_01240.jpg,T2025_01643.jpg
0.1770,1,T2025_02796.jpg,T2025_01251.jpg
-0.0867,1,T2025_01159.jpg,T2025_00781.jpg
-0.0165,1,T2025_01569.jpg,T2025_01839.jpg
0.5796,0,T2025_02771.jpg,T2025_02825.jpg
0.1199,1,T2025_01340.jpg,T2025_03045.jpg
0.0148,0,T2025_00894.jpg,T2025_01616.jpg
0.5738,0,T2025_02660.jpg,T2025_00105.jpg
0.2645,0,T2025_01030.jpg,T2025_01862.jpg
0.5002,1,T2025_01894.jpg,T2025_00169.jpg
0.3823,1,T2025_00077.jpg,T2025_03094.jpg
0.6647,1,T2025_00564.jpg,T2025_01077.jpg
0.1385,1,T2025_02461.jpg,T2025_01857.jpg
-0.0535,1,T2025_02374.jpg,T2025_01861.jpg
0.2901,0,T2025_01328.jpg,T2025_01800.jpg
0.5984,1,T2025_01079.jpg,T2025_02229.jpg
0.5413,1,T2025_02155.jpg,T2025_02762.jpg
0.2872,0,T2025_00945.jpg,T2025_02315.jpg
0.3786,1,T2025_00151.jpg,T2025_01211.jpg
0.1332,1,T2025_01943.jpg,T2025_01371.jpg
0.7962,0,T2025_01705.jpg,T2025_02526.jpg
0.5850,0,T2025_02608.jpg,T2025_00604.jpg
0.7218,1,T2025_03047.jpg,T2025_00754.jpg
0.1453,0,T2025_00421.jpg,T2025_03076.jpg
0.5335,1,T2025_02795.jpg,T2025_02762.jpg
0.4374,0,T2025_01648.jpg,T2025_02827.jpg
0.0011,1,T2025_01449.jpg,T2025_01232.jpg
0.6209,0,T2025_01435.jpg,T2025_02620.jpg
-0.0908,1,T2025_02762.jpg,T2025_00556.jpg
0.7803,0,T2025_00933.jpg,T2025_01290.jpg
0.2259,0,T2025_02758.jpg,T2025_01179.jpg
0.4654,1,T2025_03095.jpg,T2025_00983.jpg
0.4269,0,T2025_02351.jpg,T2025_00980.jpg
0.5311,1,T2025_01407.jpg,T2025_00193.jpg
-0.0115,1,T2025_01977.jpg,T2025_02250.jpg
0.6568,0,T2025_00828.jpg,T2025_01351.jpg
0.2615,0,T2025_00985.jpg,T2025_02719.jpg
-0.0217,0,T2025_01313.jpg,T2025_02717.jpg
-0.1095,1,T2025_00277.jpg,T2025_00875.jpg
0.1117,1,T2025_00142.jpg,T2025_02742.jpg
0.6217,1,T2025_02917.jpg,T2025_02005.jpg
0.2012,0,T2025_02889.jpg,T2025_01154.jpg
0.3642,1,T2025_02655.jpg,T2025_00957.jpg
1.0000,0,T2025_02780.jpg,T2025_02780.jpg
0.2058,1,T2025_01945.jpg,T2025_00346.jpg
0.0110,1,T2025_00766.jpg,T2025_01110.jpg
0.5200,0,T2025_00755.jpg,T2025_00319.jpg
0.0781,0,T2025_02803.jpg,T2025_00233.jpg
0.0450,1,T2025_00659.jpg,T2025_01443.jpg
0.6856,0,T2025_00689.jpg,T2025_01979.jpg
0.5819,1,T2025_02781.jpg,T2025_01033.jpg
0.8147,1,T2025_00745.jpg,T2025_02878.jpg
0.6491,0,T2025_01043.jpg,T2025_01052.jpg
0.3190,0,T2025_00960.jpg,T2025_00471.jpg
0.2687,1,T2025_02235.jpg,T2025_01167.jpg
0.2835,1,T2025_00321.jpg,T2025_00379.jpg
0.0011,1,T2025_02339.jpg,T2025_01650.jpg
0.1466,1,T2025_02609.jpg,T2025_01583.jpg
0.1817,0,T2025_02170.jpg,T2025_01568.jpg
0.4127,1,T2025_01767.jpg,T2025_00541.jpg
0.2057,0,T2025_01565.jpg,T2025_00722.jpg
0.0301,1,T2025_01741.jpg,T2025_02483.jpg
0.2898,1,T2025_02958.jpg,T2025_01485.jpg
0.2408,0,T2025_01814.jpg,T2025_02986.jpg
0.1166,0,T2025_02109.jpg,T2025_01446.jpg
0.1940,0,T2025_02835.jpg,T2025_01556.jpg
0.1408,0,T2025_01372.jpg,T2025_01230.jpg
0.3910,1,T2025_00426.jpg,T2025_00380.jpg
0.6034,1,T2025_00991.jpg,T2025_01362.jpg
-0.0707,1,T2025_02603.jpg,T2025_01321.jpg
0.2984,0,T2025_02714.jpg,T2025_03073.jpg
0.1246,1,T2025_00043.jpg,T2025_00017.jpg
0.5158,1,T2025_02137.jpg,T2025_02902.jpg
0.0629,1,T2025_02153.jpg,T2025_01571.jpg
0.3147,1,T2025_00573.jpg,T2025_00052.jpg
0.0676,0,T2025_01265.jpg,T2025_01119.jpg
0.5402,0,T2025_03076.jpg,T2025_02204.jpg
0.5399,1,T2025_02108.jpg,T2025_03080.jpg
-0.1123,0,T2025_02941.jpg,T2025_02064.jpg
0.6119,1,T2025_02179.jpg,T2025_01326.jpg
0.1733,0,T2025_02851.jpg,T2025_00877.jpg
0.6333,0,T2025_00706.jpg,T2025_02609.jpg
0.5492,1,T2025_02246.jpg,T2025_02877.jpg
0.5616,1,T2025_02668.jpg,T2025_02944.jpg
0.2481,0,T2025_01642.jpg,T2025_00238.jpg
0.9161,0,T2025_01856.jpg,T2025_00784.jpg
0.3277,1,T2025_00207.jpg,T2025_02815.jpg
0.1622,1,T2025_00500.jpg,T2025_00126.jpg
0.5613,0,T2025_02496.jpg,T2025_02204.jpg
0.4588,0,T2025_01763.jpg,T2025_02180.jpg
-0.0252,1,T2025_00590.jpg,T2025_00386.jpg
0.4746,1,T2025_02167.jpg,T2025_01536.jpg
0.3117,0,T2025_01628.jpg,T2025_02419.jpg
0.2294,1,T2025_02850.jpg,T2025_01469.jpg
0.5020,0,T2025_00957.jpg,T2025_01166.jpg
0.4547,0,T2025_00663.jpg,T2025_02874.jpg
0.1491,0,T2025_02634.jpg,T2025_00446.jpg
0.5562,0,T2025_02036.jpg,T2025_00171.jpg
0.1116,0,T2025_02187.jpg,T2025_00185.jpg
0.5907,1,T2025_01716.jpg,T2025_02221.jpg
0.3453,1,T2025_02909.jpg,T2025_00992.jpg
0.6015,0,T2025_01026.jpg,T2025_01499.jpg
0.8490,1,T2025_01998.jpg,T2025_01665.jpg
0.5973,0,T2025_00632.jpg,T2025_00874.jpg
0.5075,1,T2025_00466.jpg,T2025_01453.jpg
0.6133,0,T2025_00702.jpg,T2025_00864.jpg
0.6623,1,T2025_01547.jpg,T2025_02255.jpg
0.0100,0,T2025_00118.jpg,T2025_00038.jpg
0.4275,0,T2025_01407.jpg,T2025_01696.jpg
0.8684,1,T2025_00174.jpg,T2025_00168.jpg
0.6857,0,T2025_01544.jpg,T2025_00502.jpg
0.1686,1,T2025_00111.jpg,T2025_01855.jpg
0.3342,1,T2025_01178.jpg,T2025_02444.jpg
0.0377,1,T2025_00641.jpg,T2025_00922.jpg
0.0926,1,T2025_01867.jpg,T2025_01413.jpg
0.0754,0,T2025_01812.jpg,T2025_00550.jpg
0.6407,1,T2025_02011.jpg,T2025_02753.jpg
0.2202,0,T2025_02106.jpg,T2025_02064.jpg
0.3939,0,T2025_02333.jpg,T2025_00606.jpg
0.8306,0,T2025_00860.jpg,T2025_02880.jpg
0.3316,1,T2025_02885.jpg,T2025_00147.jpg
0.0960,1,T2025_00145.jpg,T2025_00777.jpg
0.6238,1,T2025_01214.jpg,T2025_01236.jpg
0.0257,0,T2025_02674.jpg,T2025_02316.jpg
0.3556,0,T2025_02073.jpg,T2025_01258.jpg
0.1090,0,T2025_02503.jpg,T2025_00258.jpg
0.5600,1,T2025_02005.jpg,T2025_00336.jpg
0.1782,1,T2025_00059.jpg,T2025_01635.jpg
0.1867,0,T2025_00582.jpg,T2025_02702.jpg
0.3212,0,T2025_01290.jpg,T2025_00589.jpg
0.2974,0,T2025_02898.jpg,T2025_01357.jpg
0.4436,0,T2025_02846.jpg,T2025_00466.jpg
-0.0316,0,T2025_02097.jpg,T2025_00670.jpg
0.3329,1,T2025_00577.jpg,T2025_02623.jpg
0.1725,0,T2025_02377.jpg,T2025_02153.jpg
0.1536,0,T2025_03102.jpg,T2025_00648.jpg
0.1881,1,T2025_02699.jpg,T2025_01077.jpg
0.2167,1,T2025_01362.jpg,T2025_02429.jpg
0.1998,0,T2025_00450.jpg,T2025_02135.jpg
-0.0018,1,T2025_02598.jpg,T2025_00498.jpg
0.9604,1,T2025_00227.jpg,T2025_01447.jpg
0.0896,0,T2025_02327.jpg,T2025_02430.jpg
-0.0378,0,T2025_01999.jpg,T2025_00491.jpg
0.6079,1,T2025_00793.jpg,T2025_00724.jpg
0.2287,1,T2025_01232.jpg,T2025_00808.jpg
-0.0401,0,T2025_00902.jpg,T2025_01754.jpg
0.7489,0,T2025_00127.jpg,T2025_00132.jpg
-0.0197,0,T2025_00063.jpg,T2025_01945.jpg
0.3707,1,T2025_02311.jpg,T2025_01276.jpg
-0.1632,1,T2025_02173.jpg,T2025_00997.jpg
0.4993,0,T2025_01193.jpg,T2025_00063.jpg
0.4804,1,T2025_00757.jpg,T2025_01508.jpg
0.2332,1,T2025_01624.jpg,T2025_01057.jpg
0.2982,1,T2025_02616.jpg,T2025_02737.jpg
0.6452,0,T2025_00782.jpg,T2025_00226.jpg
0.5602,1,T2025_00185.jpg,T2025_00046.jpg
-0.0926,1,T2025_00154.jpg,T2025_02348.jpg
0.4276,0,T2025_01722.jpg,T2025_02876.jpg
0.3455,1,T2025_02235.jpg,T2025_00217.jpg
0.5091,0,T2025_01757.jpg,T2025_02040.jpg
0.0788,0,T2025_01924.jpg,T2025_02302.jpg
0.6766,1,T2025_00689.jpg,T2025_01428.jpg
0.8447,0,T2025_01739.jpg,T2025_01704.jpg
0.0678,0,T2025_00571.jpg,T2025_02571.jpg
0.3767,1,T2025_01499.jpg,T2025_00204.jpg
0.8369,0,T2025_02275.jpg,T2025_00654.jpg
0.7928,1,T2025_02860.jpg,T2025_00659.jpg
0.5380,0,T2025_01788.jpg,T2025_00312.jpg
0.5940,1,T2025_01445.jpg,T2025_02789.jpg
0.6585,0,T2025_02436.jpg,T2025_00615.jpg
0.5568,0,T2025_00138.jpg,T2025_02573.jpg
0.5292,0,T2025_01052.jpg,T2025_01702.jpg
0.8887,1,T2025_00699.jpg,T2025_01463.jpg
0.4857,0,T2025_02142.jpg,T2025_00194.jpg
0.3207,0,T2025_01362.jpg,T2025_01226.jpg
0.7096,0,T2025_01704.jpg,T2025_02065.jpg
0.1808,1,T2025_00292.jpg,T2025_00763.jpg
0.7947,0,T2025_02105.jpg,T2025_00561.jpg
0.7345,1,T2025_00251.jpg,T2025_02022.jpg
0.6402,0,T2025_02963.jpg,T2025_00774.jpg
0.2811,1,T2025_01874.jpg,T2025_01806.jpg
0.4923,0,T2025_00109.jpg,T2025_00322.jpg
0.4469,0,T2025_01171.jpg,T2025_01833.jpg
0.3222,1,T2025_01957.jpg,T2025_01232.jpg
0.5298,0,T2025_01651.jpg,T2025_01117.jpg
0.3284,0,T2025_00183.jpg,T2025_00195.jpg
0.2242,1,T2025_02014.jpg,T2025_02369.jpg
0.1608,1,T2025_00687.jpg,T2025_03005.jpg
0.5089,0,T2025_01866.jpg,T2025_02775.jpg
-0.0119,0,T2025_01067.jpg,T2025_01560.jpg
-0.0307,1,T2025_01223.jpg,T2025_01453.jpg
0.2551,1,T2025_01901.jpg,T2025_01194.jpg
0.0648,1,T2025_02062.jpg,T2025_01015.jpg
0.3725,0,T2025_02713.jpg,T2025_02794.jpg
0.8176,1,T2025_00892.jpg,T2025_01917.jpg
-0.1329,1,T2025_03102.jpg,T2025_00371.jpg
0.5130,1,T2025_00151.jpg,T2025_00435.jpg
0.0723,1,T2025_01052.jpg,T2025_01843.jpg
0.6804,0,T2025_02109.jpg,T2025_03089.jpg
0.4481,1,T2025_00375.jpg,T2025_03099.jpg
0.2456,0,T2025_00835.jpg,T2025_01488.jpg
0.1235,1,T2025_02531.jpg,T2025_01155.jpg
0.4356,0,T2025_00948.jpg,T2025_01811.jpg
0.3924,0,T2025_01905.jpg,T2025_01866.jpg
0.1113,0,T2025_02483.jpg,T2025_02472.jpg
0.5414,0,T2025_01024.jpg,T2025_01343.jpg
0.3565,1,T2025_00132.jpg,T2025_02548.jpg
0.7077,0,T2025_00237.jpg,T2025_02777.jpg
0.0822,1,T2025_02984.jpg,T2025_00419.jpg
0.1405,0,T2025_02790.jpg,T2025_01875.jpg
0.1064,0,T2025_02056.jpg,T2025_00780.jpg
0.3880,1,T2025_00913.jpg,T2025_01518.jpg
0.7730,0,T2025_00949.jpg,T2025_02399.jpg
0.0797,1,T2025_00014.jpg,T2025_01469.jpg
0.6628,0,T2025_01548.jpg,T2025_02164.jpg
0.3841,0,T2025_01746.jpg,T2025_01730.jpg
0.0372,1,T2025_03009.jpg,T2025_01200.jpg
0.6294,0,T2025_01186.jpg,T2025_01984.jpg
0.5264,0,T2025_02779.jpg,T2025_01025.jpg
0.6128,0,T2025_02000.jpg,T2025_02353.jpg
0.2319,0,T2025_02502.jpg,T2025_01192.jpg
-0.1357,0,T2025_02223.jpg,T2025_00249.jpg
-0.0026,0,T2025_00571.jpg,T2025_00428.jpg
0.2910,0,T2025_00003.jpg,T2025_01699.jpg
1.0000,0,T2025_02063.jpg,T2025_02063.jpg
0.3946,0,T2025_00123.jpg,T2025_02570.jpg
0.4182,1,T2025_00502.jpg,T2025_02145.jpg
0.1001,0,T2025_01712.jpg,T2025_02110.jpg
0.5284,1,T2025_01297.jpg,T2025_01070.jpg
0.2970,1,T2025_00906.jpg,T2025_02881.jpg
0.2993,0,T2025_01134.jpg,T2025_01051.jpg
0.2538,1,T2025_00153.jpg,T2025_02855.jpg
0.8353,1,T2025_02929.jpg,T2025_00781.jpg
0.2379,0,T2025_00752.jpg,T2025_02782.jpg
0.2684,0,T2025_01509.jpg,T2025_01140.jpg
0.4433,1,T2025_03037.jpg,T2025_00381.jpg
0.0891,1,T2025_01677.jpg,T2025_00445.jpg
0.1876,0,T2025_02210.jpg,T2025_00878.jpg
0.4709,0,T2025_00608.jpg,T2025_02741.jpg
0.2603,0,T2025_03041.jpg,T2025_01730.jpg
0.1529,1,T2025_01235.jpg,T2025_00888.jpg
0.5467,1,T2025_01119.jpg,T2025_00802.jpg
0.1829,1,T2025_00479.jpg,T2025_00483.jpg
0.1273,1,T2025_01395.jpg,T2025_01202.jpg
0.0930,0,T2025_02384.jpg,T2025_02846.jpg
0.8717,0,T2025_02728.jpg,T2025_02048.jpg
0.6535,1,T2025_00722.jpg,T2025_00086.jpg
0.5331,1,T2025_01637.jpg,T2025_01842.jpg
0.1395,1,T2025_03003.jpg,T2025_02789.jpg
0.9325,1,T2025_00094.jpg,T2025_01274.jpg
0.6071,0,T2025_02259.jpg,T2025_03056.jpg
0.2238,1,T2025_00385.jpg,T2025_02658.jpg
0.0423,1,T2025_01425.jpg,T2025_02280.jpg
0.3883,1,T2025_01503.jpg,T2025_00967.jpg
0.2938,0,T2025_02359.jpg,T2025_02657.jpg
0.0531,0,T2025_00476.jpg,T2025_01040.jpg
0.2086,0,T2025_03070.jpg,T2025_01885.jpg
0.2353,0,T2025_00143.jpg,T2025_02612.jpg
0.1605,0,T2025_01335.jpg,T2025_02853.jpg
0.2901,1,T2025_01220.jpg,T2025_01614.jpg
0.6694,0,T2025_00987.jpg,T2025_02867.jpg
0.5934,0,T2025_03049.jpg,T2025_00224.jpg
0.2129,1,T2025_01251.jpg,T2025_02053.jpg
0.2326,0,T2025_02803.jpg,T2025_00954.jpg
0.1162,0,T2025_02360.jpg,T2025_00347.jpg
0.1116,0,T2025_01559.jpg,T2025_01826.jpg
0.2757,0,T2025_02281.jpg,T2025_01350.jpg
0.6862,1,T2025_02297.jpg,T2025_02279.jpg
0.2302,0,T2025_01877.jpg,T2025_02585.jpg
0.0189,0,T2025_02661.jpg,T2025_01297.jpg
0.6207,0,T2025_01068.jpg,T2025_03023.jpg
-0.0840,1,T2025_00050.jpg,T2025_01323.jpg
0.0961,0,T2025_02755.jpg,T2025_00435.jpg
0.6988,1,T2025_02133.jpg,T2025_00186.jpg
0.3808,0,T2025_02715.jpg,T2025_00838.jpg
0.4656,0,T2025_00942.jpg,T2025_02856.jpg
0.7208,0,T2025_02944.jpg,T2025_01973.jpg
0.5586,1,T2025_00584.jpg,T2025_01769.jpg
0.3138,1,T2025_01226.jpg,T2025_01185.jpg
0.8609,1,T2025_00773.jpg,T2025_00117.jpg
0.4205,1,T2025_02447.jpg,T2025_00410.jpg
0.4763,0,T2025_00010.jpg,T2025_00144.jpg
0.6044,0,T2025_02466.jpg,T2025_01095.jpg
0.2549,0,T2025_00755.jpg,T2025_01572.jpg
0.7355,1,T2025_01444.jpg,T2025_00172.jpg
0.1193,0,T2025_01085.jpg,T2025_02058.jpg
0.5685,0,T2025_00858.jpg,T2025_03102.jpg
0.4528,0,T2025_00661.jpg,T2025_00539.jpg
0.1108,0,T2025_00335.jpg,T2025_02288.jpg
0.7713,0,T2025_00110.jpg,T2025_00386.jpg
0.1783,1,T2025_00604.jpg,T2025_00852.jpg
0.4390,0,T2025_00469.jpg,T2025_01140.jpg
0.4068,1,T2025_00507.jpg,T2025_00449.jpg
0.7635,0,T2025_02200.jpg,T2025_01207.jpg
0.2338,0,T2025_02775.jpg,T2025_00205.jpg
0.5341,1,T2025_01357.jpg,T2025_00041.jpg
-0.0593,0,T2025_00685.jpg,T2025_02045.jpg
-0.0010,1,T2025_01668.jpg,T2025_01646.jpg
-0.2639,1,T2025_02067.jpg,T2025_01184.jpg
0.3223,1,T2025_01245.jpg,T2025_01799.jpg
0.5523,1,T2025_00100.jpg,T2025_01762.jpg
0.1035,0,T2025_00513.jpg,T2025_01730.jpg
0.3584,0,T2025_01783.jpg,T2025_01554.jpg
0.8818,1,T2025_00158.jpg,T2025_02827.jpg
0.2506,0,T2025_00225.jpg,T2025_02749.jpg
0.7925,0,T2025_00712.jpg,T2025_00391.jpg
0.2420,1,T2025_00874.jpg,T2025_02288.jpg
0.1169,1,T2025_01719.jpg,T2025_01964.jpg
0.3405,1,T2025_03015.jpg,T2025_02333.jpg
0.0187,0,T2025_01213.jpg,T2025_01548.jpg
0.0886,1,T2025_02065.jpg,T2025_00568.jpg
0.1249,1,T2025_01708.jpg,T2025_01442.jpg
0.1046,0,T2025_02270.jpg,T2025_00851.jpg
1.0000,1,T2025_01832.jpg,T2025_01832.jpg
0.6358,1,T2025_00815.jpg,T2025_01699.jpg
0.4882,1,T2025_00157.jpg,T2025_00798.jpg
0.5165,0,T2025_02837.jpg,T2025_02004.jpg
0.6389,1,T2025_01412.jpg,T2025_00115.jpg
0.3361,1,T2025_01618.jpg,T2025_00523.jpg
0.5433,1,T2025_02982.jpg,T2025_01927.jpg
0.3700,0,T2025_00053.jpg,T2025_02719.jpg
0.0392,0,T2025_02041.jpg,T2025_02567.jpg
0.0593,1,T2025_02417.jpg,T2025_01570.jpg
-0.1105,1,T2025_00277.jpg,T2025_00625.jpg
0.1738,1,T2025_01635.jpg,T2025_02800.jpg
0.4663,1,T2025_02534.jpg,T2025_02600.jpg
0.3582,0,T2025_00018.jpg,T2025_02412.jpg
0.4286,1,T2025_01866.jpg,T2025_03054.jpg
-0.0159,0,T2025_02665.jpg,T2025_01429.jpg
0.0792,0,T2025_00355.jpg,T2025_00901.jpg
0.0689,0,T2025_03065.jpg,T2025_01962.jpg
0.4112,1,T2025_02940.jpg,T2025_02161.jpg
0.1900,1,T2025_01348.jpg,T2025_02141.jpg
0.1125,1,T2025_00674.jpg,T2025_02550.jpg
0.0161,0,T2025_00119.jpg,T2025_01532.jpg
0.2759,0,T2025_02792.jpg,T2025_01829.jpg
0.6337,0,T2025_01182.jpg,T2025_00940.jpg
0.3462,1,T2025_00156.jpg,T2025_01863.jpg
-0.0020,0,T2025_01470.jpg,T2025_02404.jpg
0.4766,1,T2025_02432.jpg,T2025_02953.jpg
0.5291,0,T2025_01332.jpg,T2025_02750.jpg
0.7048,0,T2025_02365.jpg,T2025_00280.jpg
0.1299,0,T2025_01638.jpg,T2025_01141.jpg
-0.0079,0,T2025_02337.jpg,T2025_02272.jpg
0.4579,0,T2025_02321.jpg,T2025_00975.jpg
-0.0346,1,T2025_00007.jpg,T2025_01056.jpg
0.0269,1,T2025_00458.jpg,T2025_02694.jpg
0.1933,0,T2025_01385.jpg,T2025_01466.jpg
0.3167,0,T2025_01249.jpg,T2025_02590.jpg
0.0963,0,T2025_02612.jpg,T2025_01899.jpg
-0.0164,1,T2025_02367.jpg,T2025_02120.jpg
0.0334,0,T2025_01313.jpg,T2025_00315.jpg
0.3551,1,T2025_00360.jpg,T2025_00284.jpg
0.2195,1,T2025_00920.jpg,T2025_02141.jpg
0.0038,1,T2025_02112.jpg,T2025_02007.jpg
0.0339,1,T2025_01679.jpg,T2025_03077.jpg
0.2401,0,T2025_00650.jpg,T2025_01539.jpg
0.1506,1,T2025_00834.jpg,T2025_00961.jpg
0.2755,1,T2025_00442.jpg,T2025_02503.jpg
0.3847,1,T2025_02533.jpg,T2025_02167.jpg
0.2948,0,T2025_00716.jpg,T2025_01137.jpg
0.1027,1,T2025_00101.jpg,T2025_02448.jpg
0.5863,0,T2025_02125.jpg,T2025_01749.jpg
0.4341,0,T2025_00946.jpg,T2025_02611.jpg
0.2184,0,T2025_02222.jpg,T2025_01610.jpg
0.1593,1,T2025_00909.jpg,T2025_00398.jpg
0.4293,1,T2025_02655.jpg,T2025_00530.jpg
0.2407,0,T2025_01188.jpg,T2025_02284.jpg
0.1512,1,T2025_01787.jpg,T2025_00393.jpg
0.5075,1,T2025_00636.jpg,T2025_03077.jpg
0.7515,1,T2025_02164.jpg,T2025_02756.jpg
0.4275,1,T2025_02171.jpg,T2025_00715.jpg
-0.0302,1,T2025_01975.jpg,T2025_02534.jpg
0.2507,1,T2025_02642.jpg,T2025_02132.jpg
0.3989,0,T2025_02095.jpg,T2025_02239.jpg
0.2148,0,T2025_02235.jpg,T2025_00704.jpg
0.6851,0,T2025_02565.jpg,T2025_02428.jpg
0.0949,1,T2025_00844.jpg,T2025_00102.jpg
0.1263,0,T2025_00644.jpg,T2025_01411.jpg
0.0929,0,T2025_02864.jpg,T2025_01919.jpg
0.8593,0,T2025_03101.jpg,T2025_02164.jpg
0.4805,0,T2025_01927.jpg,T2025_02756.jpg
0.3205,0,T2025_02344.jpg,T2025_01772.jpg
0.1016,0,T2025_00561.jpg,T2025_01846.jpg
0.7569,1,T2025_02202.jpg,T2025_02862.jpg
0.4538,1,T2025_02142.jpg,T2025_02079.jpg
0.0637,1,T2025_00723.jpg,T2025_01413.jpg
0.4005,1,T2025_01268.jpg,T2025_00702.jpg
0.5837,1,T2025_01360.jpg,T2025_01943.jpg
0.3942,0,T2025_00047.jpg,T2025_01518.jpg
0.0778,1,T2025_02581.jpg,T2025_01676.jpg
0.5282,0,T2025_02263.jpg,T2025_02149.jpg
0.1018,1,T2025_00837.jpg,T2025_02011.jpg
0.2119,1,T2025_02687.jpg,T2025_01267.jpg
0.3122,0,T2025_00916.jpg,T2025_01573.jpg
0.1446,1,T2025_00676.jpg,T2025_01005.jpg
-0.0017,0,T2025_00461.jpg,T2025_00825.jpg
0.4954,0,T2025_01792.jpg,T2025_00111.jpg
0.0333,0,T2025_00717.jpg,T2025_00087.jpg
0.3648,1,T2025_00296.jpg,T2025_00934.jpg
0.8359,1,T2025_01840.jpg,T2025_02677.jpg
0.8237,0,T2025_00245.jpg,T2025_01486.jpg
0.4091,1,T2025_02661.jpg,T2025_01515.jpg
0.5239,0,T2025_02987.jpg,T2025_02064.jpg
-0.0107,1,T2025_01089.jpg,T2025_01877.jpg
0.4315,1,T2025_02986.jpg,T2025_02876.jpg
0.1825,0,T2025_01677.jpg,T2025_01136.jpg
0.8842,1,T2025_02437.jpg,T2025_02932.jpg
0.7183,0,T2025_01510.jpg,T2025_00368.jpg
0.4188,0,T2025_01040.jpg,T2025_02512.jpg
0.6465,0,T2025_02526.jpg,T2025_01428.jpg
-0.0057,1,T2025_02986.jpg,T2025_00373.jpg
0.6503,1,T2025_02528.jpg,T2025_02066.jpg
0.2859,1,T2025_02377.jpg,T2025_00731.jpg
0.2693,1,T2025_00703.jpg,T2025_02858.jpg
0.0541,0,T2025_02765.jpg,T2025_03039.jpg
0.4830,0,T2025_00159.jpg,T2025_01956.jpg
0.8088,0,T2025_02697.jpg,T2025_01852.jpg
0.2171,1,T2025_00340.jpg,T2025_02837.jpg
0.3420,1,T2025_00958.jpg,T2025_00744.jpg
0.2654,1,T2025_01553.jpg,T2025_01484.jpg
0.6260,0,T2025_02912.jpg,T2025_01828.jpg
0.3120,1,T2025_00437.jpg,T2025_00897.jpg
0.6645,0,T2025_01764.jpg,T2025_00448.jpg
0.4550,0,T2025_01126.jpg,T2025_00903.jpg
0.0121,1,T2025_02668.jpg,T2025_02826.jpg
0.1837,0,T2025_01888.jpg,T2025_00538.jpg
0.2599,0,T2025_01549.jpg,T2025_00917.jpg
0.4363,0,T2025_00843.jpg,T2025_00625.jpg
0.1871,0,T2025_02707.jpg,T2025_02564.jpg
0.0727,1,T2025_02141.jpg,T2025_00170.jpg
0.5378,1,T2025_02928.jpg,T2025_00824.jpg
0.3602,1,T2025_00889.jpg,T2025_02821.jpg
0.3492,0,T2025_01297.jpg,T2025_00502.jpg
0.0921,1,T2025_00972.jpg,T2025_02509.jpg
0.8111,0,T2025_00712.jpg,T2025_01316.jpg
0.2932,0,T2025_00591.jpg,T2025_02591.jpg
0.5260,0,T2025_00823.jpg,T2025_02953.jpg
0.5763,0,T2025_02326.jpg,T2025_02387.jpg
0.1930,0,T2025_01992.jpg,T2025_01243.jpg
0.7838,1,T2025_01836.jpg,T2025_01616.jpg
0.6844,1,T2025_01685.jpg,T2025_01390.jpg
0.3892,1,T2025_02264.jpg,T2025_00194.jpg
0.2092,1,T2025_02439.jpg,T2025_02264.jpg
0.3112,0,T2025_02561.jpg,T2025_01090.jpg
0.4079,0,T2025_00539.jpg,T2025_01649.jpg
0.3561,0,T2025_01365.jpg,T2025_01110.jpg
0.7915,0,T2025_02275.jpg,T2025_01799.jpg
-0.0296,1,T2025_01958.jpg,T2025_01253.jpg
0.3345,1,T2025_00696.jpg,T2025_01102.jpg
0.2310,0,T2025_00967.jpg,T2025_02229.jpg
0.5969,1,T2025_00834.jpg,T2025_01718.jpg
-0.1889,1,T2025_01466.jpg,T2025_00335.jpg
0.0679,1,T2025_00158.jpg,T2025_00495.jpg
0.0933,0,T2025_01715.jpg,T2025_01120.jpg
0.1713,0,T2025_00413.jpg,T2025_02013.jpg
0.0991,1,T2025_02649.jpg,T2025_01010.jpg
0.3110,0,T2025_01149.jpg,T2025_03033.jpg
0.2879,1,T2025_00272.jpg,T2025_01890.jpg
0.0832,1,T2025_00412.jpg,T2025_01465.jpg
0.5131,1,T2025_02334.jpg,T2025_02867.jpg
0.0784,0,T2025_01973.jpg,T2025_02036.jpg
0.7243,0,T2025_00463.jpg,T2025_02282.jpg
0.0968,1,T2025_01931.jpg,T2025_02576.jpg
0.2191,1,T2025_00817.jpg,T2025_00110.jpg
0.4472,0,T2025_01979.jpg,T2025_01168.jpg
0.4273,0,T2025_01642.jpg,T2025_00474.jpg
-0.0755,1,T2025_01920.jpg,T2025_01383.jpg
0.1091,0,T2025_00389.jpg,T2025_01533.jpg
0.1855,0,T2025_02024.jpg,T2025_02293.jpg
0.3277,1,T2025_01617.jpg,T2025_02465.jpg
0.0632,0,T2025_02317.jpg,T2025_03012.jpg
0.0580,1,T2025_00504.jpg,T2025_00966.jpg
-0.1396,1,T2025_01802.jpg,T2025_01531.jpg
0.1270,0,T2025_02206.jpg,T2025_00323.jpg
0.2394,1,T2025_01629.jpg,T2025_01857.jpg
0.5148,1,T2025_03014.jpg,T2025_02225.jpg
-0.0145,0,T2025_02996.jpg,T2025_01488.jpg
0.2926,0,T2025_02508.jpg,T2025_02518.jpg
0.6775,0,T2025_01361.jpg,T2025_00603.jpg
0.2841,1,T2025_00156.jpg,T2025_00464.jpg
0.3437,1,T2025_00523.jpg,T2025_02180.jpg
-0.0420,0,T2025_00348.jpg,T2025_01232.jpg
0.6749,1,T2025_00589.jpg,T2025_00137.jpg
0.2391,1,T2025_01323.jpg,T2025_00383.jpg
0.0536,1,T2025_01160.jpg,T2025_01482.jpg
-0.2110,1,T2025_00133.jpg,T2025_01212.jpg
0.6509,1,T2025_01998.jpg,T2025_00594.jpg
0.6070,0,T2025_02745.jpg,T2025_00251.jpg
0.6067,1,T2025_00168.jpg,T2025_02931.jpg
-0.0167,1,T2025_02793.jpg,T2025_00390.jpg
-0.0051,1,T2025_01481.jpg,T2025_02675.jpg
0.3997,0,T2025_02010.jpg,T2025_00657.jpg
0.0811,1,T2025_00334.jpg,T2025_00181.jpg
0.3432,0,T2025_01356.jpg,T2025_03051.jpg
0.6191,1,T2025_02404.jpg,T2025_01530.jpg
0.7029,0,T2025_02755.jpg,T2025_00608.jpg
-0.1004,1,T2025_00040.jpg,T2025_01252.jpg
0.5695,1,T2025_00443.jpg,T2025_00436.jpg
0.0732,1,T2025_02735.jpg,T2025_00560.jpg
0.1910,1,T2025_01162.jpg,T2025_02333.jpg
0.4162,1,T2025_00391.jpg,T2025_02298.jpg
0.3969,0,T2025_00967.jpg,T2025_01306.jpg
0.4305,0,T2025_01616.jpg,T2025_00824.jpg
0.7322,1,T2025_02304.jpg,T2025_00756.jpg
0.2584,1,T2025_00119.jpg,T2025_01382.jpg
-0.0029,0,T2025_00682.jpg,T2025_03058.jpg
0.1107,0,T2025_02142.jpg,T2025_02398.jpg
0.6692,0,T2025_01927.jpg,T2025_00774.jpg
0.2880,1,T2025_01097.jpg,T2025_02524.jpg
0.3595,1,T2025_02775.jpg,T2025_01921.jpg
0.3085,0,T2025_02037.jpg,T2025_02638.jpg
0.2706,1,T2025_02707.jpg,T2025_00935.jpg
0.6062,0,T2025_01127.jpg,T2025_00260.jpg
0.5554,0,T2025_00048.jpg,T2025_01461.jpg
0.2452,0,T2025_00416.jpg,T2025_00054.jpg
0.3546,0,T2025_00853.jpg,T2025_01323.jpg
0.4507,0,T2025_01746.jpg,T2025_01452.jpg
0.4210,0,T2025_01907.jpg,T2025_01300.jpg
-0.0479,1,T2025_01936.jpg,T2025_00717.jpg
0.5221,1,T2025_02574.jpg,T2025_02752.jpg
0.1518,1,T2025_01525.jpg,T2025_00323.jpg
0.1240,1,T2025_01355.jpg,T2025_01610.jpg
-0.0243,0,T2025_00587.jpg,T2025_00514.jpg
0.1645,0,T2025_01044.jpg,T2025_00130.jpg
0.3639,1,T2025_01917.jpg,T2025_00672.jpg
-0.0713,0,T2025_02500.jpg,T2025_03015.jpg
0.3026,0,T2025_00857.jpg,T2025_02415.jpg
0.0219,1,T2025_01277.jpg,T2025_02511.jpg
0.1530,1,T2025_00974.jpg,T2025_00339.jpg
0.0779,0,T2025_01564.jpg,T2025_02311.jpg
0.0819,0,T2025_02621.jpg,T2025_00168.jpg
0.4152,0,T2025_00710.jpg,T2025_01593.jpg
0.5636,0,T2025_03085.jpg,T2025_02722.jpg
1.0000,1,T2025_01121.jpg,T2025_01121.jpg
0.2830,0,T2025_02315.jpg,T2025_00562.jpg
0.1105,0,T2025_02879.jpg,T2025_01708.jpg
0.2392,0,T2025_01711.jpg,T2025_00533.jpg
0.4088,1,T2025_01264.jpg,T2025_01398.jpg
0.1074,1,T2025_02797.jpg,T2025_00502.jpg
-0.0399,1,T2025_02280.jpg,T2025_02172.jpg
0.3539,1,T2025_02114.jpg,T2025_02062.jpg
-0.0738,0,T2025_02346.jpg,T2025_00431.jpg
0.0905,1,T2025_02167.jpg,T2025_01767.jpg
0.4670,0,T2025_00985.jpg,T2025_02174.jpg
-0.0298,1,T2025_00696.jpg,T2025_00456.jpg
0.0654,1,T2025_00557.jpg,T2025_01020.jpg
0.0437,1,T2025_02384.jpg,T2025_01212.jpg
0.7378,1,T2025_02022.jpg,T2025_01916.jpg
0.5947,1,T2025_02679.jpg,T2025_02568.jpg
0.7278,0,T2025_00004.jpg,T2025_01684.jpg
0.0529,0,T2025_00167.jpg,T2025_02046.jpg
0.6658,1,T2025_01138.jpg,T2025_00621.jpg
0.4682,1,T2025_01550.jpg,T2025_02674.jpg
-0.0913,1,T2025_02680.jpg,T2025_02098.jpg
0.0789,1,T2025_02332.jpg,T2025_01153.jpg
0.0236,0,T2025_02974.jpg,T2025_00072.jpg
0.3489,0,T2025_01844.jpg,T2025_02709.jpg
0.0298,1,T2025_01899.jpg,T2025_02726.jpg
0.0923,1,T2025_02919.jpg,T2025_02985.jpg
0.2047,0,T2025_01303.jpg,T2025_00940.jpg
0.6146,0,T2025_02822.jpg,T2025_01988.jpg
0.8936,0,T2025_02903.jpg,T2025_00440.jpg
0.7308,1,T2025_01855.jpg,T2025_00084.jpg
0.1340,0,T2025_00161.jpg,T2025_02749.jpg
0.3466,1,T2025_00730.jpg,T2025_01254.jpg
0.2513,0,T2025_00670.jpg,T2025_02489.jpg
0.0494,1,T2025_01337.jpg,T2025_01608.jpg
0.7513,0,T2025_01537.jpg,T2025_01352.jpg
0.1830,0,T2025_02800.jpg,T2025_01533.jpg
0.3403,0,T2025_00631.jpg,T2025_02269.jpg
0.5461,1,T2025_00421.jpg,T2025_01717.jpg
0.2977,1,T2025_00842.jpg,T2025_02871.jpg
0.2011,1,T2025_01520.jpg,T2025_02109.jpg
0.4767,0,T2025_01153.jpg,T2025_02767.jpg
0.1873,0,T2025_02992.jpg,T2025_00392.jpg
0.6933,0,T2025_01973.jpg,T2025_02478.jpg
0.1940,0,T2025_00599.jpg,T2025_02782.jpg
0.2899,1,T2025_02169.jpg,T2025_00747.jpg
0.0400,1,T2025_02098.jpg,T2025_02119.jpg
-0.0339,1,T2025_02152.jpg,T2025_00037.jpg
0.2916,1,T2025_02544.jpg,T2025_00440.jpg
0.0829,1,T2025_02209.jpg,T2025_01251.jpg
0.1646,0,T2025_01821.jpg,T2025_02821.jpg
0.9368,1,T2025_02292.jpg,T2025_02448.jpg
0.4845,0,T2025_01190.jpg,T2025_01429.jpg
0.4488,1,T2025_01905.jpg,T2025_00458.jpg
0.4964,1,T2025_02130.jpg,T2025_01083.jpg
0.1544,0,T2025_03054.jpg,T2025_01598.jpg
0.1513,0,T2025_01486.jpg,T2025_00464.jpg
-0.0341,1,T2025_02776.jpg,T2025_02338.jpg
0.5892,0,T2025_02496.jpg,T2025_01894.jpg
0.5924,1,T2025_00196.jpg,T2025_01418.jpg
0.4701,0,T2025_00836.jpg,T2025_02876.jpg
0.1802,0,T2025_00593.jpg,T2025_00221.jpg
0.2029,1,T2025_00297.jpg,T2025_02118.jpg
0.0812,0,T2025_02032.jpg,T2025_01728.jpg
0.3372,0,T2025_00493.jpg,T2025_02828.jpg
0.4972,0,T2025_00845.jpg,T2025_00056.jpg
0.2092,0,T2025_00951.jpg,T2025_00793.jpg
0.2151,1,T2025_01673.jpg,T2025_01569.jpg
0.1484,1,T2025_02839.jpg,T2025_00524.jpg
0.1363,0,T2025_00991.jpg,T2025_00895.jpg
0.0897,1,T2025_00951.jpg,T2025_01891.jpg
0.1383,0,T2025_02456.jpg,T2025_02998.jpg
0.1644,1,T2025_00746.jpg,T2025_01904.jpg
0.1258,0,T2025_01825.jpg,T2025_00670.jpg
0.1426,1,T2025_01262.jpg,T2025_00763.jpg
0.4130,1,T2025_03058.jpg,T2025_00715.jpg
0.3289,0,T2025_01681.jpg,T2025_00591.jpg
0.2797,0,T2025_02276.jpg,T2025_01475.jpg
0.0375,1,T2025_00870.jpg,T2025_01736.jpg
0.3779,0,T2025_02921.jpg,T2025_01106.jpg
0.1175,0,T2025_01729.jpg,T2025_02934.jpg
0.8563,1,T2025_02841.jpg,T2025_02944.jpg
0.4278,1,T2025_02350.jpg,T2025_00667.jpg
0.5257,0,T2025_00273.jpg,T2025_00348.jpg
0.2403,1,T2025_01680.jpg,T2025_01761.jpg
0.4945,1,T2025_01570.jpg,T2025_02466.jpg
0.8165,1,T2025_00934.jpg,T2025_01460.jpg
0.7143,1,T2025_02791.jpg,T2025_02588.jpg
0.2123,0,T2025_00747.jpg,T2025_03027.jpg
0.5349,1,T2025_00078.jpg,T2025_00632.jpg
0.6607,1,T2025_00125.jpg,T2025_00195.jpg
0.0460,0,T2025_00160.jpg,T2025_00270.jpg
0.7661,1,T2025_00515.jpg,T2025_00483.jpg
0.3332,1,T2025_00694.jpg,T2025_01708.jpg
0.4844,1,T2025_02715.jpg,T2025_00325.jpg
0.3769,0,T2025_02093.jpg,T2025_02022.jpg
0.2077,1,T2025_01324.jpg,T2025_01208.jpg
0.0953,0,T2025_00459.jpg,T2025_02303.jpg
0.2334,1,T2025_01663.jpg,T2025_02425.jpg
0.1499,0,T2025_00404.jpg,T2025_00806.jpg
-0.2432,0,T2025_01837.jpg,T2025_02287.jpg
0.2629,1,T2025_01641.jpg,T2025_02913.jpg
0.5687,1,T2025_02754.jpg,T2025_02994.jpg
-0.0154,1,T2025_01346.jpg,T2025_01384.jpg
0.5376,1,T2025_02193.jpg,T2025_01907.jpg
0.0155,0,T2025_02554.jpg,T2025_00735.jpg
0.6094,0,T2025_02535.jpg,T2025_02406.jpg
0.6056,1,T2025_01035.jpg,T2025_00482.jpg
0.2429,0,T2025_02799.jpg,T2025_02946.jpg
0.1877,0,T2025_01118.jpg,T2025_02082.jpg
0.5512,1,T2025_01075.jpg,T2025_01430.jpg
0.0013,1,T2025_00875.jpg,T2025_02083.jpg
0.1949,0,T2025_00085.jpg,T2025_00327.jpg
0.4427,0,T2025_03016.jpg,T2025_00660.jpg
0.2116,0,T2025_01918.jpg,T2025_01499.jpg
0.4448,1,T2025_02684.jpg,T2025_00211.jpg
0.7842,0,T2025_02337.jpg,T2025_02089.jpg
0.3398,1,T2025_03002.jpg,T2025_02869.jpg
0.0670,0,T2025_02463.jpg,T2025_00108.jpg
0.3457,1,T2025_02724.jpg,T2025_00075.jpg
0.2978,1,T2025_01015.jpg,T2025_01356.jpg
-0.0204,0,T2025_01186.jpg,T2025_00282.jpg
0.1012,0,T2025_02058.jpg,T2025_02813.jpg
0.1115,1,T2025_01997.jpg,T2025_01791.jpg
0.8229,1,T2025_01281.jpg,T2025_00185.jpg
0.2692,0,T2025_01023.jpg,T2025_00034.jpg
0.5864,0,T2025_02080.jpg,T2025_01915.jpg
0.0836,1,T2025_02659.jpg,T2025_00741.jpg
0.0197,1,T2025_02485.jpg,T2025_00629.jpg
0.7397,1,T2025_01799.jpg,T2025_01878.jpg
0.0651,0,T2025_01376.jpg,T2025_00083.jpg
0.2816,0,T2025_00263.jpg,T2025_01063.jpg
0.2294,0,T2025_02305.jpg,T2025_02443.jpg
0.1944,1,T2025_00970.jpg,T2025_01433.jpg
0.3921,1,T2025_00911.jpg,T2025_03041.jpg
0.6808,1,T2025_00776.jpg,T2025_01059.jpg
0.5024,0,T2025_02953.jpg,T2025_00992.jpg
0.2569,1,T2025_00260.jpg,T2025_00638.jpg
0.2400,1,T2025_00593.jpg,T2025_00531.jpg
-0.0664,1,T2025_01792.jpg,T2025_02012.jpg
0.4271,0,T2025_02555.jpg,T2025_02424.jpg
0.6521,0,T2025_02391.jpg,T2025_02515.jpg
0.7438,1,T2025_01666.jpg,T2025_02617.jpg
0.1415,1,T2025_00295.jpg,T2025_02896.jpg
0.4323,0,T2025_00867.jpg,T2025_01699.jpg
0.0252,1,T2025_00245.jpg,T2025_00923.jpg
-0.0317,0,T2025_02156.jpg,T2025_01390.jpg
0.0393,1,T2025_00139.jpg,T2025_02719.jpg
0.5344,0,T2025_00839.jpg,T2025_00108.jpg
0.2492,1,T2025_00195.jpg,T2025_02633.jpg
0.0104,1,T2025_00283.jpg,T2025_01915.jpg
0.4490,0,T2025_02091.jpg,T2025_00650.jpg
0.7685,1,T2025_02242.jpg,T2025_00862.jpg
0.3054,0,T2025_02086.jpg,T2025_01205.jpg
0.2089,1,T2025_00964.jpg,T2025_01351.jpg
0.5713,0,T2025_00525.jpg,T2025_00033.jpg
0.2770,1,T2025_02451.jpg,T2025_02360.jpg
0.7397,0,T2025_01758.jpg,T2025_02809.jpg
0.1354,0,T2025_03072.jpg,T2025_02830.jpg
0.3495,1,T2025_01564.jpg,T2025_02398.jpg
0.2247,1,T2025_00246.jpg,T2025_00580.jpg
0.2436,1,T2025_01635.jpg,T2025_00608.jpg
0.6661,1,T2025_03099.jpg,T2025_01539.jpg
0.1580,0,T2025_01253.jpg,T2025_00432.jpg
0.0416,1,T2025_01754.jpg,T2025_01772.jpg
0.2201,0,T2025_02059.jpg,T2025_00141.jpg
0.5680,0,T2025_02153.jpg,T2025_00447.jpg
0.3445,1,T2025_01777.jpg,T2025_01772.jpg
0.0085,1,T2025_01532.jpg,T2025_00796.jpg
0.3803,1,T2025_01136.jpg,T2025_02900.jpg
0.6110,1,T2025_02033.jpg,T2025_01485.jpg
0.3813,0,T2025_01788.jpg,T2025_02688.jpg
0.8271,0,T2025_00896.jpg,T2025_01878.jpg
0.7048,1,T2025_01183.jpg,T2025_02455.jpg
0.5575,1,T2025_01152.jpg,T2025_00047.jpg
0.4969,0,T2025_02762.jpg,T2025_01745.jpg
0.5292,1,T2025_01394.jpg,T2025_02323.jpg
0.0953,1,T2025_02491.jpg,T2025_00212.jpg
0.2628,0,T2025_01562.jpg,T2025_01233.jpg
0.1871,1,T2025_02800.jpg,T2025_01043.jpg
0.1574,0,T2025_02657.jpg,T2025_00328.jpg
0.6087,0,T2025_00312.jpg,T2025_00674.jpg
-0.0771,1,T2025_00443.jpg,T2025_01343.jpg
0.7624,1,T2025_02579.jpg,T2025_01243.jpg
0.8747,1,T2025_02551.jpg,T2025_01281.jpg
0.3000,1,T2025_02364.jpg,T2025_02848.jpg
0.1850,1,T2025_02420.jpg,T2025_01957.jpg
0.5836,0,T2025_00226.jpg,T2025_03005.jpg
-0.0341,0,T2025_01211.jpg,T2025_00805.jpg
0.8218,1,T2025_01804.jpg,T2025_01019.jpg
0.1904,1,T2025_02406.jpg,T2025_01785.jpg
0.4265,0,T2025_01236.jpg,T2025_02057.jpg
-0.0614,1,T2025_00872.jpg,T2025_00267.jpg
0.0314,1,T2025_02172.jpg,T2025_02011.jpg
0.1401,1,T2025_00289.jpg,T2025_00876.jpg
0.0643,0,T2025_02871.jpg,T2025_02321.jpg
0.4563,0,T2025_02946.jpg,T2025_02610.jpg
0.1383,0,T2025_01823.jpg,T2025_01937.jpg
0.1575,0,T2025_00147.jpg,T2025_02072.jpg
0.0395,0,T2025_02749.jpg,T2025_00993.jpg
0.2100,0,T2025_01088.jpg,T2025_00474.jpg
0.6445,1,T2025_02094.jpg,T2025_01888.jpg
0.6100,1,T2025_00456.jpg,T2025_01818.jpg
0.5800,1,T2025_01702.jpg,T2025_02843.jpg
0.3084,1,T2025_02748.jpg,T2025_02967.jpg
0.3155,1,T2025_00175.jpg,T2025_00516.jpg
0.1068,0,T2025_01187.jpg,T2025_02319.jpg
0.4768,0,T2025_00915.jpg,T2025_00414.jpg
0.2759,1,T2025_01607.jpg,T2025_03010.jpg
0.3419,1,T2025_00629.jpg,T2025_02114.jpg
-0.0583,1,T2025_03054.jpg,T2025_01532.jpg
0.3894,1,T2025_00103.jpg,T2025_01435.jpg
0.1320,0,T2025_02214.jpg,T2025_02151.jpg
0.1084,1,T2025_02026.jpg,T2025_01276.jpg
0.4291,0,T2025_01779.jpg,T2025_00866.jpg
0.0550,1,T2025_02376.jpg,T2025_03104.jpg
0.5418,0,T2025_02271.jpg,T2025_00824.jpg
0.3198,0,T2025_01140.jpg,T2025_01995.jpg
0.7760,0,T2025_01414.jpg,T2025_00496.jpg
0.1839,1,T2025_02321.jpg,T2025_00155.jpg
0.1012,0,T2025_02271.jpg,T2025_00689.jpg
0.7359,1,T2025_00352.jpg,T2025_02339.jpg
0.0869,1,T2025_02055.jpg,T2025_01417.jpg
0.5714,1,T2025_02317.jpg,T2025_01862.jpg
0.5170,1,T2025_02852.jpg,T2025_00753.jpg
0.2499,1,T2025_01798.jpg,T2025_00364.jpg
0.7042,1,T2025_00588.jpg,T2025_00021.jpg
0.0584,0,T2025_02407.jpg,T2025_02823.jpg
0.8221,1,T2025_00774.jpg,T2025_02164.jpg
-0.1497,1,T2025_00786.jpg,T2025_00094.jpg
0.0671,1,T2025_00803.jpg,T2025_02037.jpg
0.2281,0,T2025_02027.jpg,T2025_03010.jpg
0.5465,1,T2025_01468.jpg,T2025_03047.jpg
0.5383,1,T2025_00531.jpg,T2025_02772.jpg
0.3555,1,T2025_00192.jpg,T2025_02538.jpg
0.3395,1,T2025_03055.jpg,T2025_01034.jpg
0.0033,0,T2025_01620.jpg,T2025_02106.jpg
0.1914,0,T2025_00596.jpg,T2025_01493.jpg
0.2630,1,T2025_01299.jpg,T2025_02524.jpg
0.0148,0,T2025_01425.jpg,T2025_00634.jpg
0.2759,0,T2025_02561.jpg,T2025_02657.jpg
0.1794,1,T2025_02778.jpg,T2025_02291.jpg
0.6848,0,T2025_02677.jpg,T2025_02665.jpg
-0.1379,0,T2025_00374.jpg,T2025_02506.jpg
-0.0238,0,T2025_01461.jpg,T2025_00640.jpg
0.1367,1,T2025_02012.jpg,T2025_02475.jpg
0.2166,0,T2025_02709.jpg,T2025_02269.jpg
0.7170,1,T2025_02963.jpg,T2025_01444.jpg
0.4752,0,T2025_00784.jpg,T2025_01885.jpg
0.4935,0,T2025_00347.jpg,T2025_01826.jpg
0.1089,1,T2025_00485.jpg,T2025_01134.jpg
0.5855,0,T2025_02482.jpg,T2025_00825.jpg
0.4251,1,T2025_01864.jpg,T2025_00298.jpg
0.2366,0,T2025_00540.jpg,T2025_00064.jpg
1.0000,1,T2025_00709.jpg,T2025_00709.jpg
0.1032,0,T2025_00419.jpg,T2025_00874.jpg
0.0993,0,T2025_00837.jpg,T2025_00377.jpg
0.8742,0,T2025_01479.jpg,T2025_00408.jpg
0.2978,1,T2025_00996.jpg,T2025_02453.jpg
0.4375,1,T2025_03067.jpg,T2025_01348.jpg
0.6544,0,T2025_02077.jpg,T2025_00993.jpg
0.1683,0,T2025_01759.jpg,T2025_01099.jpg
0.5904,0,T2025_01369.jpg,T2025_02283.jpg
-0.1220,0,T2025_02765.jpg,T2025_00268.jpg
0.5838,0,T2025_00656.jpg,T2025_00303.jpg
0.7231,0,T2025_02573.jpg,T2025_00693.jpg
0.4716,0,T2025_01329.jpg,T2025_01538.jpg
0.0680,1,T2025_01903.jpg,T2025_02219.jpg
0.0200,1,T2025_00879.jpg,T2025_00100.jpg
0.3020,1,T2025_00412.jpg,T2025_00526.jpg
0.0892,1,T2025_01991.jpg,T2025_00600.jpg
-0.0701,1,T2025_02211.jpg,T2025_02943.jpg
0.6103,1,T2025_02186.jpg,T2025_01990.jpg
-0.0661,0,T2025_00434.jpg,T2025_02995.jpg
0.6501,1,T2025_01303.jpg,T2025_03014.jpg
0.3593,0,T2025_01412.jpg,T2025_01332.jpg
0.4732,0,T2025_02269.jpg,T2025_01302.jpg
0.4628,1,T2025_00606.jpg,T2025_01055.jpg
0.4927,1,T2025_01801.jpg,T2025_01082.jpg
0.5711,0,T2025_00459.jpg,T2025_00864.jpg
0.1840,1,T2025_02785.jpg,T2025_02519.jpg
0.7311,0,T2025_01819.jpg,T2025_00826.jpg
0.5872,0,T2025_02784.jpg,T2025_02324.jpg
0.0205,1,T2025_02922.jpg,T2025_02334.jpg
0.1131,1,T2025_01555.jpg,T2025_01034.jpg
0.5879,1,T2025_01285.jpg,T2025_01663.jpg
0.2674,1,T2025_02820.jpg,T2025_01115.jpg
0.0101,0,T2025_01197.jpg,T2025_00262.jpg
0.4076,0,T2025_01106.jpg,T2025_02796.jpg
0.1578,0,T2025_01522.jpg,T2025_01147.jpg
0.4498,1,T2025_00947.jpg,T2025_03030.jpg
0.6144,1,T2025_02503.jpg,T2025_02129.jpg
0.1121,1,T2025_00309.jpg,T2025_01508.jpg
0.1017,1,T2025_02623.jpg,T2025_02027.jpg
0.6735,0,T2025_00271.jpg,T2025_01533.jpg
0.2969,1,T2025_01551.jpg,T2025_02073.jpg
0.0217,1,T2025_00109.jpg,T2025_03008.jpg
-0.0781,1,T2025_02766.jpg,T2025_00075.jpg
0.3059,0,T2025_00469.jpg,T2025_03082.jpg
0.8620,1,T2025_01384.jpg,T2025_02924.jpg
-0.0232,0,T2025_00836.jpg,T2025_01554.jpg
0.1615,0,T2025_00568.jpg,T2025_01852.jpg
0.5942,0,T2025_02696.jpg,T2025_00216.jpg
0.8866,0,T2025_01599.jpg,T2025_02328.jpg
0.1512,0,T2025_02027.jpg,T2025_01673.jpg
0.5948,0,T2025_03023.jpg,T2025_00534.jpg
0.3245,1,T2025_00444.jpg,T2025_00287.jpg
0.6516,1,T2025_01031.jpg,T2025_02907.jpg
0.3721,0,T2025_02147.jpg,T2025_01282.jpg
0.0139,0,T2025_01697.jpg,T2025_00450.jpg
0.2281,1,T2025_02330.jpg,T2025_01253.jpg
0.4620,0,T2025_01269.jpg,T2025_01430.jpg
0.7073,1,T2025_02036.jpg,T2025_01100.jpg
-0.1528,0,T2025_00889.jpg,T2025_01143.jpg
0.6006,1,T2025_00075.jpg,T2025_02733.jpg
0.8071,1,T2025_00754.jpg,T2025_00555.jpg
0.1461,1,T2025_00300.jpg,T2025_00332.jpg
0.1398,1,T2025_00228.jpg,T2025_02866.jpg
0.4777,1,T2025_02512.jpg,T2025_01794.jpg
0.2091,0,T2025_02482.jpg,T2025_00603.jpg
0.3182,1,T2025_00870.jpg,T2025_00135.jpg
0.4741,1,T2025_01120.jpg,T2025_02396.jpg
0.0001,0,T2025_01853.jpg,T2025_02647.jpg
0.3295,0,T2025_02888.jpg,T2025_03086.jpg
0.2886,1,T2025_02570.jpg,T2025_00835.jpg
0.1298,0,T2025_01008.jpg,T2025_02607.jpg
0.4192,0,T2025_01894.jpg,T2025_00803.jpg
0.2841,0,T2025_01542.jpg,T2025_02073.jpg
0.2066,0,T2025_02365.jpg,T2025_01090.jpg
0.1029,0,T2025_01127.jpg,T2025_00155.jpg
0.0645,0,T2025_01805.jpg,T2025_01206.jpg
0.1681,1,T2025_01099.jpg,T2025_00957.jpg
0.2355,0,T2025_02595.jpg,T2025_00889.jpg
0.0338,1,T2025_01387.jpg,T2025_00836.jpg
0.4900,0,T2025_02297.jpg,T2025_02973.jpg
0.7829,0,T2025_00541.jpg,T2025_01070.jpg
0.6276,0,T2025_01156.jpg,T2025_02103.jpg
0.4517,1,T2025_02277.jpg,T2025_01598.jpg
-0.0648,0,T2025_01608.jpg,T2025_00080.jpg
0.1398,0,T2025_02707.jpg,T2025_00451.jpg
-0.0308,1,T2025_01605.jpg,T2025_00626.jpg
0.3490,0,T2025_01106.jpg,T2025_01701.jpg
0.2471,1,T2025_01304.jpg,T2025_00012.jpg
0.2904,1,T2025_02815.jpg,T2025_02727.jpg
0.1735,0,T2025_02667.jpg,T2025_00506.jpg
0.7025,1,T2025_02781.jpg,T2025_02190.jpg
0.2465,1,T2025_03057.jpg,T2025_00022.jpg
0.5313,1,T2025_02709.jpg,T2025_01812.jpg
0.3693,1,T2025_01783.jpg,T2025_00055.jpg
0.1650,1,T2025_00923.jpg,T2025_02728.jpg
0.3930,0,T2025_02890.jpg,T2025_00472.jpg
0.5602,0,T2025_00158.jpg,T2025_01571.jpg
0.4802,0,T2025_01482.jpg,T2025_00017.jpg
0.5703,0,T2025_02228.jpg,T2025_02840.jpg
0.0333,0,T2025_02904.jpg,T2025_02553.jpg
-0.1069,1,T2025_03067.jpg,T2025_01633.jpg
0.2152,1,T2025_00393.jpg,T2025_01423.jpg
0.8105,0,T2025_00846.jpg,T2025_00839.jpg
0.0828,1,T2025_01116.jpg,T2025_00242.jpg
0.3170,0,T2025_02482.jpg,T2025_02800.jpg
0.4599,0,T2025_00698.jpg,T2025_01787.jpg
0.0251,0,T2025_00407.jpg,T2025_02063.jpg
0.4141,1,T2025_00869.jpg,T2025_02700.jpg
0.3864,0,T2025_01708.jpg,T2025_00600.jpg
0.3321,1,T2025_00734.jpg,T2025_01788.jpg
0.0802,0,T2025_01768.jpg,T2025_02158.jpg
0.6076,1,T2025_00522.jpg,T2025_01336.jpg
0.4950,1,T2025_01424.jpg,T2025_02603.jpg
0.0017,0,T2025_01046.jpg,T2025_00507.jpg
-0.0211,0,T2025_00439.jpg,T2025_02421.jpg
0.2079,0,T2025_02722.jpg,T2025_03099.jpg
0.1270,0,T2025_02351.jpg,T2025_02390.jpg
-0.2039,1,T2025_00694.jpg,T2025_01313.jpg
0.1720,0,T2025_00376.jpg,T2025_02496.jpg
0.0353,1,T2025_01652.jpg,T2025_00184.jpg
0.3073,1,T2025_01219.jpg,T2025_02675.jpg
0.2175,0,T2025_00048.jpg,T2025_01942.jpg
-0.0061,0,T2025_01170.jpg,T2025_02103.jpg
0.0622,0,T2025_00839.jpg,T2025_02101.jpg
0.0221,1,T2025_02838.jpg,T2025_01492.jpg
0.1879,0,T2025_02365.jpg,T2025_01614.jpg
-0.0950,0,T2025_00453.jpg,T2025_01371.jpg
0.1236,1,T2025_02020.jpg,T2025_01830.jpg
0.0938,0,T2025_02007.jpg,T2025_00010.jpg
0.3829,0,T2025_00139.jpg,T2025_01469.jpg
0.4352,1,T2025_02068.jpg,T2025_00750.jpg
0.3920,0,T2025_02753.jpg,T2025_00148.jpg
0.2157,0,T2025_00250.jpg,T2025_00657.jpg
0.5866,1,T2025_01886.jpg,T2025_01072.jpg
0.6432,0,T2025_00888.jpg,T2025_02099.jpg
0.3051,1,T2025_00703.jpg,T2025_02261.jpg
0.6099,1,T2025_02219.jpg,T2025_02556.jpg
0.2665,1,T2025_02808.jpg,T2025_00732.jpg
0.3743,1,T2025_01451.jpg,T2025_03008.jpg
0.2217,1,T2025_02160.jpg,T2025_02414.jpg
0.0293,1,T2025_01122.jpg,T2025_02368.jpg
0.9009,0,T2025_02871.jpg,T2025_02399.jpg
0.6887,1,T2025_01804.jpg,T2025_02916.jpg
0.5030,0,T2025_03047.jpg,T2025_01401.jpg
0.3238,1,T2025_02715.jpg,T2025_00631.jpg
0.0682,0,T2025_01855.jpg,T2025_01278.jpg
0.3946,1,T2025_00062.jpg,T2025_00281.jpg
0.2632,1,T2025_02608.jpg,T2025_02865.jpg
0.3493,0,T2025_02489.jpg,T2025_02774.jpg
-0.0470,1,T2025_00959.jpg,T2025_02600.jpg
0.2139,0,T2025_02558.jpg,T2025_03023.jpg
0.2814,0,T2025_00354.jpg,T2025_01426.jpg
0.2838,0,T2025_01283.jpg,T2025_01477.jpg
-0.0798,0,T2025_03029.jpg,T2025_00584.jpg
0.3890,1,T2025_01155.jpg,T2025_01438.jpg
0.4689,0,T2025_02194.jpg,T2025_00697.jpg
0.5441,1,T2025_01434.jpg,T2025_01121.jpg
0.2346,0,T2025_01404.jpg,T2025_00324.jpg
0.6578,1,T2025_02758.jpg,T2025_00746.jpg
0.7413,1,T2025_02455.jpg,T2025_01383.jpg
0.6767,1,T2025_02753.jpg,T2025_00781.jpg
0.4918,1,T2025_02770.jpg,T2025_00543.jpg
0.2939,0,T2025_01818.jpg,T2025_00455.jpg
0.4682,1,T2025_00447.jpg,T2025_00788.jpg
0.2293,0,T2025_01838.jpg,T2025_01642.jpg
-0.0106,1,T2025_01875.jpg,T2025_02193.jpg
0.5842,0,T2025_01067.jpg,T2025_00419.jpg
0.0028,1,T2025_02242.jpg,T2025_00864.jpg
0.3358,1,T2025_01378.jpg,T2025_00918.jpg
0.2525,1,T2025_01172.jpg,T2025_00142.jpg
0.2957,0,T2025_02947.jpg,T2025_02472.jpg
0.0953,0,T2025_00713.jpg,T2025_01840.jpg
0.6934,1,T2025_03068.jpg,T2025_00755.jpg
0.1893,1,T2025_02421.jpg,T2025_00493.jpg
0.1012,1,T2025_00521.jpg,T2025_00882.jpg
0.6444,0,T2025_02045.jpg,T2025_01775.jpg
0.1697,1,T2025_00571.jpg,T2025_00278.jpg
0.6678,0,T2025_02412.jpg,T2025_02723.jpg
0.5392,0,T2025_01786.jpg,T2025_02731.jpg
0.1054,1,T2025_00078.jpg,T2025_01131.jpg
0.3410,0,T2025_01398.jpg,T2025_01721.jpg
0.4096,0,T2025_00066.jpg,T2025_01737.jpg
0.3836,1,T2025_01951.jpg,T2025_00324.jpg
0.0795,0,T2025_00250.jpg,T2025_01630.jpg
0.3229,1,T2025_03023.jpg,T2025_02433.jpg
0.3869,1,T2025_00907.jpg,T2025_01025.jpg
-0.0587,0,T2025_02206.jpg,T2025_00267.jpg
0.4480,1,T2025_03032.jpg,T2025_02370.jpg
-0.0036,1,T2025_02559.jpg,T2025_01323.jpg
0.1558,0,T2025_01774.jpg,T2025_00484.jpg
0.2217,1,T2025_01431.jpg,T2025_02856.jpg
0.4683,1,T2025_00960.jpg,T2025_00024.jpg
0.7139,1,T2025_03049.jpg,T2025_02679.jpg
0.6909,0,T2025_01667.jpg,T2025_00354.jpg
0.1259,1,T2025_01666.jpg,T2025_02600.jpg
0.1337,0,T2025_02274.jpg,T2025_01253.jpg
0.8659,0,T2025_02516.jpg,T2025_01847.jpg
0.2954,0,T2025_01248.jpg,T2025_01090.jpg
0.3370,0,T2025_02796.jpg,T2025_02904.jpg
0.2881,0,T2025_01198.jpg,T2025_01423.jpg
0.5946,1,T2025_01408.jpg,T2025_00154.jpg
0.5487,1,T2025_00113.jpg,T2025_00695.jpg
0.2455,1,T2025_01800.jpg,T2025_02053.jpg
0.2642,0,T2025_00561.jpg,T2025_00482.jpg
0.2184,1,T2025_02053.jpg,T2025_00966.jpg
0.4314,0,T2025_01946.jpg,T2025_00015.jpg
0.2679,0,T2025_00744.jpg,T2025_01285.jpg
0.5378,0,T2025_00423.jpg,T2025_00332.jpg
0.2006,0,T2025_02001.jpg,T2025_02949.jpg
0.1675,1,T2025_00339.jpg,T2025_01323.jpg
-0.0010,1,T2025_01896.jpg,T2025_01474.jpg
0.3326,0,T2025_00897.jpg,T2025_02964.jpg
0.0328,1,T2025_01977.jpg,T2025_01600.jpg
0.3548,1,T2025_00249.jpg,T2025_00155.jpg
0.2425,1,T2025_00254.jpg,T2025_00364.jpg
0.0562,0,T2025_02836.jpg,T2025_00163.jpg
0.1175,1,T2025_01036.jpg,T2025_00777.jpg
0.0638,0,T2025_01096.jpg,T2025_02847.jpg
0.1687,1,T2025_02718.jpg,T2025_01603.jpg
0.1038,0,T2025_01272.jpg,T2025_02598.jpg
0.4834,0,T2025_01974.jpg,T2025_02004.jpg
0.0911,0,T2025_02912.jpg,T2025_00762.jpg
0.8078,1,T2025_02588.jpg,T2025_00479.jpg
0.4621,0,T2025_03075.jpg,T2025_00315.jpg
0.4060,0,T2025_02566.jpg,T2025_00831.jpg
0.5578,0,T2025_02343.jpg,T2025_02970.jpg
0.2371,0,T2025_00703.jpg,T2025_01160.jpg
0.6212,1,T2025_01044.jpg,T2025_00616.jpg
0.1220,0,T2025_02824.jpg,T2025_02136.jpg
0.4805,1,T2025_00662.jpg,T2025_02163.jpg
0.2136,0,T2025_01027.jpg,T2025_00373.jpg
0.0653,0,T2025_02070.jpg,T2025_00539.jpg
0.5453,0,T2025_00997.jpg,T2025_02154.jpg
-0.0265,1,T2025_03101.jpg,T2025_01140.jpg
0.0610,0,T2025_00747.jpg,T2025_02250.jpg
0.1582,0,T2025_00016.jpg,T2025_01793.jpg
-0.0465,0,T2025_01930.jpg,T2025_02161.jpg
0.5193,0,T2025_01328.jpg,T2025_02184.jpg
0.1020,1,T2025_02144.jpg,T2025_01368.jpg
0.1416,0,T2025_00380.jpg,T2025_00821.jpg
0.1121,1,T2025_00463.jpg,T2025_01199.jpg
0.3955,1,T2025_02719.jpg,T2025_01549.jpg
0.5306,1,T2025_00407.jpg,T2025_01029.jpg
0.3373,1,T2025_00613.jpg,T2025_01957.jpg
0.7064,0,T2025_01395.jpg,T2025_01337.jpg
0.1085,0,T2025_01986.jpg,T2025_00437.jpg
0.3935,1,T2025_00628.jpg,T2025_01865.jpg
0.2868,0,T2025_00493.jpg,T2025_02708.jpg
0.1255,1,T2025_01879.jpg,T2025_02104.jpg
0.6170,1,T2025_02011.jpg,T2025_01168.jpg
0.8069,0,T2025_00406.jpg,T2025_00423.jpg
0.3561,1,T2025_02032.jpg,T2025_00870.jpg
0.7104,1,T2025_00005.jpg,T2025_01274.jpg
0.2899,0,T2025_02849.jpg,T2025_02659.jpg
0.1134,1,T2025_02278.jpg,T2025_00371.jpg
0.6974,0,T2025_00076.jpg,T2025_00202.jpg
-0.0204,0,T2025_00332.jpg,T2025_01742.jpg
0.0571,1,T2025_01636.jpg,T2025_02533.jpg
0.2994,0,T2025_03098.jpg,T2025_00490.jpg
0.1279,1,T2025_00749.jpg,T2025_00578.jpg
0.4570,0,T2025_02338.jpg,T2025_00407.jpg
0.2787,0,T2025_00836.jpg,T2025_02101.jpg
0.7770,1,T2025_01435.jpg,T2025_00307.jpg
0.2818,1,T2025_00736.jpg,T2025_00111.jpg
0.2373,0,T2025_00693.jpg,T2025_01717.jpg
0.0556,0,T2025_02372.jpg,T2025_00491.jpg
0.2280,0,T2025_01304.jpg,T2025_00127.jpg
0.1309,0,T2025_00593.jpg,T2025_02147.jpg
0.2682,0,T2025_02931.jpg,T2025_01895.jpg
0.1308,1,T2025_03055.jpg,T2025_02172.jpg
0.1767,1,T2025_02416.jpg,T2025_01559.jpg
-0.0051,0,T2025_01128.jpg,T2025_02346.jpg
-0.0401,0,T2025_02747.jpg,T2025_02507.jpg
0.5198,0,T2025_00367.jpg,T2025_02158.jpg
0.1815,1,T2025_00165.jpg,T2025_00676.jpg
0.5324,1,T2025_00135.jpg,T2025_01892.jpg
0.2598,1,T2025_03007.jpg,T2025_00857.jpg
-0.0206,0,T2025_02315.jpg,T2025_00722.jpg
0.4585,0,T2025_02854.jpg,T2025_02984.jpg
0.1494,0,T2025_00112.jpg,T2025_00638.jpg
0.1564,1,T2025_02861.jpg,T2025_01988.jpg
0.1180,1,T2025_01853.jpg,T2025_00297.jpg
0.0090,1,T2025_02516.jpg,T2025_02245.jpg
0.0391,1,T2025_01577.jpg,T2025_01504.jpg
0.3307,1,T2025_01417.jpg,T2025_01507.jpg
0.2179,0,T2025_03090.jpg,T2025_01352.jpg
0.0618,1,T2025_00121.jpg,T2025_02890.jpg
0.6337,1,T2025_01067.jpg,T2025_01985.jpg
0.6371,1,T2025_00724.jpg,T2025_02107.jpg
0.0228,0,T2025_02915.jpg,T2025_00184.jpg
0.5005,1,T2025_02939.jpg,T2025_01206.jpg
0.1461,0,T2025_01725.jpg,T2025_02493.jpg
0.0408,1,T2025_00948.jpg,T2025_02380.jpg
0.5379,0,T2025_02798.jpg,T2025_02174.jpg
-0.0620,1,T2025_01185.jpg,T2025_00170.jpg
0.0502,0,T2025_00386.jpg,T2025_02779.jpg
0.0425,1,T2025_00653.jpg,T2025_02897.jpg
0.6053,1,T2025_01937.jpg,T2025_01392.jpg
0.1217,0,T2025_02604.jpg,T2025_00768.jpg
0.0041,1,T2025_02891.jpg,T2025_00649.jpg
-0.0611,0,T2025_00854.jpg,T2025_01912.jpg
0.2422,1,T2025_01777.jpg,T2025_00839.jpg
0.2715,1,T2025_00699.jpg,T2025_01107.jpg
0.5248,0,T2025_01087.jpg,T2025_00639.jpg
0.1039,1,T2025_02203.jpg,T2025_01876.jpg
0.2664,1,T2025_01744.jpg,T2025_01965.jpg
0.6555,0,T2025_02770.jpg,T2025_02415.jpg
0.4383,1,T2025_01989.jpg,T2025_02459.jpg
0.2795,1,T2025_01368.jpg,T2025_01787.jpg
0.4956,1,T2025_02306.jpg,T2025_01470.jpg
0.1768,0,T2025_01102.jpg,T2025_01532.jpg
0.2448,1,T2025_00121.jpg,T2025_01507.jpg
0.6944,1,T2025_01762.jpg,T2025_02268.jpg
0.2653,1,T2025_01404.jpg,T2025_02180.jpg
0.6964,0,T2025_02330.jpg,T2025_02260.jpg
0.1958,1,T2025_00270.jpg,T2025_00360.jpg
0.5737,0,T2025_01533.jpg,T2025_00214.jpg
0.5097,0,T2025_01542.jpg,T2025_01590.jpg
0.1693,0,T2025_01069.jpg,T2025_00475.jpg
0.0144,0,T2025_02530.jpg,T2025_02155.jpg
0.7505,0,T2025_01113.jpg,T2025_01676.jpg
-0.0287,0,T2025_00875.jpg,T2025_02935.jpg
0.2999,1,T2025_02941.jpg,T2025_01712.jpg
0.2085,0,T2025_00568.jpg,T2025_02626.jpg
0.7707,0,T2025_01666.jpg,T2025_02565.jpg
-0.0418,1,T2025_03098.jpg,T2025_00841.jpg
0.7296,0,T2025_02664.jpg,T2025_03000.jpg
0.2165,1,T2025_01703.jpg,T2025_02762.jpg
0.3203,1,T2025_01041.jpg,T2025_01725.jpg
0.1921,1,T2025_02958.jpg,T2025_01122.jpg
0.6179,1,T2025_02535.jpg,T2025_02609.jpg
-0.1337,0,T2025_02309.jpg,T2025_02630.jpg
0.0225,1,T2025_02139.jpg,T2025_00083.jpg
0.7246,1,T2025_00202.jpg,T2025_02535.jpg
0.2710,1,T2025_00645.jpg,T2025_00657.jpg
0.5758,0,T2025_01790.jpg,T2025_02506.jpg
0.3680,0,T2025_00431.jpg,T2025_02961.jpg
0.0050,0,T2025_02450.jpg,T2025_02810.jpg
0.4744,0,T2025_02066.jpg,T2025_00346.jpg
0.6988,0,T2025_02683.jpg,T2025_00224.jpg
0.5736,0,T2025_01533.jpg,T2025_00696.jpg
0.2406,0,T2025_00813.jpg,T2025_02027.jpg
0.0782,1,T2025_00294.jpg,T2025_02150.jpg
0.4781,1,T2025_01569.jpg,T2025_00042.jpg
-0.0896,0,T2025_02051.jpg,T2025_01274.jpg
0.0778,0,T2025_00794.jpg,T2025_02792.jpg
0.1180,1,T2025_01760.jpg,T2025_00534.jpg
0.1549,0,T2025_02583.jpg,T2025_00871.jpg
0.0204,0,T2025_02607.jpg,T2025_02767.jpg
0.4722,1,T2025_01890.jpg,T2025_02889.jpg
0.3829,1,T2025_00971.jpg,T2025_01151.jpg
-0.0908,0,T2025_00628.jpg,T2025_00221.jpg
0.6168,0,T2025_01869.jpg,T2025_00046.jpg
0.4368,0,T2025_00649.jpg,T2025_01321.jpg
0.2328,0,T2025_02999.jpg,T2025_00394.jpg
0.1100,1,T2025_01793.jpg,T2025_01959.jpg
1.0000,0,T2025_02756.jpg,T2025_02756.jpg
-0.0640,1,T2025_00854.jpg,T2025_02180.jpg
0.6786,0,T2025_00673.jpg,T2025_01046.jpg
0.7186,1,T2025_01673.jpg,T2025_02343.jpg
0.4942,0,T2025_02804.jpg,T2025_02673.jpg
-0.2060,0,T2025_02314.jpg,T2025_00738.jpg
0.4104,1,T2025_01860.jpg,T2025_00461.jpg
0.4286,0,T2025_02737.jpg,T2025_00653.jpg
0.5590,0,T2025_00992.jpg,T2025_01552.jpg
0.0641,0,T2025_00767.jpg,T2025_02156.jpg
0.1244,1,T2025_00880.jpg,T2025_00553.jpg
0.3821,1,T2025_01518.jpg,T2025_01328.jpg
0.2045,1,T2025_01080.jpg,T2025_01482.jpg
0.8106,0,T2025_00295.jpg,T2025_00732.jpg
0.1852,0,T2025_00390.jpg,T2025_00488.jpg
0.0688,1,T2025_02231.jpg,T2025_01571.jpg
0.4250,0,T2025_02540.jpg,T2025_00879.jpg
0.0259,1,T2025_00424.jpg,T2025_01631.jpg
0.3711,0,T2025_02395.jpg,T2025_01121.jpg
-0.1589,1,T2025_02350.jpg,T2025_01437.jpg
0.0955,1,T2025_01795.jpg,T2025_01235.jpg
0.2432,0,T2025_02541.jpg,T2025_01883.jpg
0.2645,0,T2025_02323.jpg,T2025_01153.jpg
-0.0816,0,T2025_01697.jpg,T2025_02695.jpg
0.6069,0,T2025_01688.jpg,T2025_02439.jpg
0.0966,0,T2025_01565.jpg,T2025_01372.jpg
0.5463,0,T2025_01985.jpg,T2025_00108.jpg
0.3145,0,T2025_02469.jpg,T2025_01981.jpg
0.1488,1,T2025_02808.jpg,T2025_01620.jpg
0.6556,1,T2025_01225.jpg,T2025_03058.jpg
0.0316,1,T2025_01393.jpg,T2025_00014.jpg
0.4355,1,T2025_01337.jpg,T2025_01330.jpg
0.0307,0,T2025_00491.jpg,T2025_02853.jpg
0.3696,1,T2025_02761.jpg,T2025_01998.jpg
0.3378,1,T2025_00358.jpg,T2025_00978.jpg
0.7247,0,T2025_00080.jpg,T2025_01273.jpg
0.1013,0,T2025_00007.jpg,T2025_02442.jpg
-0.0534,0,T2025_01554.jpg,T2025_01515.jpg
0.2207,1,T2025_00088.jpg,T2025_01977.jpg
0.6075,0,T2025_02102.jpg,T2025_00013.jpg
0.1799,1,T2025_00151.jpg,T2025_01096.jpg
0.1897,1,T2025_00192.jpg,T2025_02418.jpg
0.5145,0,T2025_00966.jpg,T2025_01452.jpg
0.2306,1,T2025_02895.jpg,T2025_02348.jpg
0.4036,1,T2025_01640.jpg,T2025_00808.jpg
0.1753,0,T2025_02553.jpg,T2025_00615.jpg
0.5472,1,T2025_01362.jpg,T2025_02713.jpg
0.6289,0,T2025_02126.jpg,T2025_01109.jpg
0.3093,0,T2025_00060.jpg,T2025_02729.jpg
0.1350,1,T2025_01471.jpg,T2025_00886.jpg
0.1695,0,T2025_00859.jpg,T2025_02198.jpg
0.1168,1,T2025_00476.jpg,T2025_00060.jpg
0.2128,0,T2025_01216.jpg,T2025_02117.jpg
-0.1347,0,T2025_00829.jpg,T2025_00916.jpg
0.1869,1,T2025_01004.jpg,T2025_00684.jpg
0.0339,0,T2025_00471.jpg,T2025_00419.jpg
-0.1046,0,T2025_00994.jpg,T2025_03062.jpg
0.2256,1,T2025_03085.jpg,T2025_02817.jpg
0.8196,1,T2025_00774.jpg,T2025_00659.jpg
0.2062,0,T2025_01976.jpg,T2025_00690.jpg
0.0621,1,T2025_01685.jpg,T2025_00242.jpg
0.2858,0,T2025_02872.jpg,T2025_02571.jpg
0.6422,0,T2025_02766.jpg,T2025_02568.jpg
0.5548,1,T2025_01940.jpg,T2025_02015.jpg
0.1326,1,T2025_00222.jpg,T2025_02184.jpg
0.4947,1,T2025_02064.jpg,T2025_00093.jpg
0.2383,0,T2025_02794.jpg,T2025_00064.jpg
0.4966,1,T2025_02922.jpg,T2025_00586.jpg
0.0564,0,T2025_00722.jpg,T2025_00624.jpg
0.5619,1,T2025_01898.jpg,T2025_02167.jpg
0.1533,1,T2025_02889.jpg,T2025_01583.jpg
0.6193,0,T2025_02042.jpg,T2025_02512.jpg
0.3826,1,T2025_01722.jpg,T2025_00194.jpg
0.7289,1,T2025_03012.jpg,T2025_03038.jpg
0.0800,1,T2025_01335.jpg,T2025_00941.jpg
0.3689,0,T2025_00306.jpg,T2025_02313.jpg
0.2464,0,T2025_01557.jpg,T2025_01063.jpg
0.1321,0,T2025_01975.jpg,T2025_02631.jpg
0.1850,0,T2025_02558.jpg,T2025_00076.jpg
0.1106,1,T2025_00058.jpg,T2025_00443.jpg
0.0410,0,T2025_02033.jpg,T2025_00895.jpg
0.5933,0,T2025_00964.jpg,T2025_00034.jpg
0.0724,0,T2025_01668.jpg,T2025_01713.jpg
0.5980,0,T2025_01413.jpg,T2025_01848.jpg
0.1759,1,T2025_02138.jpg,T2025_02643.jpg
-0.0557,0,T2025_00304.jpg,T2025_00402.jpg
0.3706,1,T2025_01510.jpg,T2025_01867.jpg
0.5998,1,T2025_01707.jpg,T2025_01341.jpg
0.2944,0,T2025_01251.jpg,T2025_02059.jpg
0.3092,1,T2025_01558.jpg,T2025_02854.jpg
0.2353,1,T2025_02284.jpg,T2025_01573.jpg
0.8364,0,T2025_02001.jpg,T2025_00868.jpg
0.3097,0,T2025_03061.jpg,T2025_01524.jpg
0.5560,1,T2025_00012.jpg,T2025_00236.jpg
0.4522,1,T2025_01620.jpg,T2025_01841.jpg
-0.0971,0,T2025_00099.jpg,T2025_02300.jpg
0.8232,1,T2025_00860.jpg,T2025_02404.jpg
0.1104,0,T2025_02528.jpg,T2025_00455.jpg
0.1915,0,T2025_03048.jpg,T2025_02075.jpg
0.1488,1,T2025_00848.jpg,T2025_02866.jpg
0.4417,1,T2025_01868.jpg,T2025_00740.jpg
-0.0047,1,T2025_00789.jpg,T2025_01371.jpg
0.5698,0,T2025_00259.jpg,T2025_02904.jpg
0.4741,1,T2025_01921.jpg,T2025_02569.jpg
0.0472,1,T2025_01913.jpg,T2025_01684.jpg
0.1416,1,T2025_02733.jpg,T2025_00723.jpg
0.1657,0,T2025_00074.jpg,T2025_01068.jpg
0.6349,0,T2025_01429.jpg,T2025_01400.jpg
0.5029,1,T2025_02995.jpg,T2025_01126.jpg
0.1189,0,T2025_02670.jpg,T2025_01642.jpg
0.0770,0,T2025_02103.jpg,T2025_01834.jpg
0.0860,0,T2025_03052.jpg,T2025_02063.jpg
0.5841,0,T2025_02099.jpg,T2025_01811.jpg
0.2281,0,T2025_02049.jpg,T2025_00642.jpg
0.7370,1,T2025_01185.jpg,T2025_01960.jpg
0.1145,1,T2025_02008.jpg,T2025_00008.jpg
0.5831,1,T2025_02574.jpg,T2025_02743.jpg
0.7797,1,T2025_01991.jpg,T2025_01813.jpg
0.3029,0,T2025_02578.jpg,T2025_01470.jpg
0.6761,0,T2025_01130.jpg,T2025_01948.jpg
0.3985,0,T2025_01789.jpg,T2025_02562.jpg
0.0715,0,T2025_01762.jpg,T2025_02038.jpg
0.5290,1,T2025_00017.jpg,T2025_01789.jpg
0.5960,1,T2025_00079.jpg,T2025_00849.jpg
-0.1614,0,T2025_02786.jpg,T2025_00756.jpg
0.0234,1,T2025_01616.jpg,T2025_02693.jpg
0.4885,1,T2025_02342.jpg,T2025_01448.jpg
0.5214,1,T2025_00439.jpg,T2025_02508.jpg
0.7417,1,T2025_00384.jpg,T2025_01033.jpg
0.8461,1,T2025_02011.jpg,T2025_02929.jpg
0.2885,0,T2025_02348.jpg,T2025_02061.jpg
0.2795,0,T2025_00552.jpg,T2025_02564.jpg
0.5620,0,T2025_00696.jpg,T2025_00255.jpg
0.5739,0,T2025_01011.jpg,T2025_01947.jpg
0.0691,0,T2025_00987.jpg,T2025_02999.jpg
0.8949,0,T2025_02493.jpg,T2025_01864.jpg
-0.0222,1,T2025_01735.jpg,T2025_00299.jpg
0.5003,0,T2025_02959.jpg,T2025_02523.jpg
0.5686,1,T2025_01021.jpg,T2025_02351.jpg
0.1194,1,T2025_02897.jpg,T2025_00190.jpg
0.0746,0,T2025_01206.jpg,T2025_02467.jpg
0.1996,1,T2025_00311.jpg,T2025_01419.jpg
0.5115,1,T2025_02365.jpg,T2025_01057.jpg
0.3947,1,T2025_00003.jpg,T2025_00839.jpg
0.2763,0,T2025_00794.jpg,T2025_00801.jpg
0.1197,0,T2025_00598.jpg,T2025_01368.jpg
0.2837,1,T2025_01684.jpg,T2025_00314.jpg
0.0978,0,T2025_00340.jpg,T2025_00953.jpg
0.0876,1,T2025_01687.jpg,T2025_00971.jpg
0.0103,0,T2025_02624.jpg,T2025_00370.jpg
0.4728,0,T2025_01980.jpg,T2025_02622.jpg
0.4488,0,T2025_01209.jpg,T2025_02424.jpg
0.6805,1,T2025_01701.jpg,T2025_00892.jpg
0.2549,0,T2025_01907.jpg,T2025_00029.jpg
-0.0140,0,T2025_01068.jpg,T2025_01364.jpg
0.0757,1,T2025_02248.jpg,T2025_01767.jpg
0.4970,1,T2025_00518.jpg,T2025_01106.jpg
0.2503,1,T2025_02141.jpg,T2025_02770.jpg
0.3092,0,T2025_02519.jpg,T2025_01773.jpg
0.2674,1,T2025_02228.jpg,T2025_01822.jpg
0.3085,1,T2025_01664.jpg,T2025_02233.jpg
0.3431,0,T2025_02472.jpg,T2025_01290.jpg
0.1588,1,T2025_02050.jpg,T2025_01590.jpg
0.4261,0,T2025_00393.jpg,T2025_01391.jpg
-0.0048,1,T2025_00399.jpg,T2025_01420.jpg
0.0345,1,T2025_00961.jpg,T2025_02398.jpg
0.1253,1,T2025_00022.jpg,T2025_02905.jpg
-0.0364,0,T2025_01729.jpg,T2025_00777.jpg
0.3441,1,T2025_02387.jpg,T2025_00874.jpg
0.3965,1,T2025_01288.jpg,T2025_00913.jpg
0.2991,1,T2025_00984.jpg,T2025_02679.jpg
0.0949,1,T2025_02713.jpg,T2025_03034.jpg
0.6433,1,T2025_00988.jpg,T2025_01115.jpg
0.0144,0,T2025_02809.jpg,T2025_01458.jpg
0.2402,1,T2025_01773.jpg,T2025_02025.jpg
0.4004,1,T2025_00077.jpg,T2025_01708.jpg
0.1308,0,T2025_01126.jpg,T2025_02760.jpg
0.3593,0,T2025_01985.jpg,T2025_02561.jpg
0.1954,0,T2025_02840.jpg,T2025_00531.jpg
0.8766,0,T2025_01457.jpg,T2025_02579.jpg
0.6193,0,T2025_00501.jpg,T2025_01657.jpg
0.0661,1,T2025_01714.jpg,T2025_02155.jpg
0.6809,0,T2025_01618.jpg,T2025_03055.jpg
0.5154,1,T2025_01186.jpg,T2025_02262.jpg
0.1271,1,T2025_01041.jpg,T2025_00614.jpg
0.0232,1,T2025_00254.jpg,T2025_02855.jpg
0.0888,0,T2025_01029.jpg,T2025_02330.jpg
-0.0342,0,T2025_01738.jpg,T2025_02459.jpg
0.2238,1,T2025_02584.jpg,T2025_02047.jpg
0.7636,1,T2025_00843.jpg,T2025_02011.jpg
0.4475,0,T2025_00477.jpg,T2025_01150.jpg
0.0582,0,T2025_01922.jpg,T2025_00705.jpg
-0.0535,0,T2025_01414.jpg,T2025_01156.jpg
0.5827,1,T2025_02132.jpg,T2025_01900.jpg
0.4403,0,T2025_02751.jpg,T2025_02557.jpg
-0.0578,0,T2025_00752.jpg,T2025_00913.jpg
0.5931,1,T2025_01738.jpg,T2025_01669.jpg
0.4162,1,T2025_00771.jpg,T2025_03034.jpg
0.1473,1,T2025_02521.jpg,T2025_00276.jpg
0.4913,0,T2025_01754.jpg,T2025_01880.jpg
0.3630,0,T2025_00857.jpg,T2025_02846.jpg
0.6875,0,T2025_03065.jpg,T2025_02789.jpg
0.2495,1,T2025_01369.jpg,T2025_02359.jpg
0.5566,1,T2025_02888.jpg,T2025_02420.jpg
0.7064,0,T2025_00938.jpg,T2025_02005.jpg
0.8648,1,T2025_00352.jpg,T2025_01334.jpg
0.8379,0,T2025_01444.jpg,T2025_02470.jpg
0.0347,1,T2025_00326.jpg,T2025_00313.jpg
0.0526,0,T2025_00950.jpg,T2025_02895.jpg
0.7469,1,T2025_00101.jpg,T2025_00615.jpg
-0.0795,1,T2025_00373.jpg,T2025_03019.jpg
0.6660,0,T2025_00389.jpg,T2025_00906.jpg
0.1660,1,T2025_01531.jpg,T2025_01949.jpg
0.6410,0,T2025_00141.jpg,T2025_02262.jpg
0.3539,0,T2025_00789.jpg,T2025_00368.jpg
0.3119,0,T2025_02671.jpg,T2025_02654.jpg
0.1531,1,T2025_03030.jpg,T2025_02347.jpg
0.0439,1,T2025_00640.jpg,T2025_02990.jpg
-0.0790,1,T2025_02074.jpg,T2025_01086.jpg
0.0445,1,T2025_00209.jpg,T2025_03068.jpg
0.0623,0,T2025_01810.jpg,T2025_00290.jpg
0.1770,0,T2025_01961.jpg,T2025_02712.jpg
0.1412,0,T2025_02883.jpg,T2025_00571.jpg
0.3793,1,T2025_02313.jpg,T2025_02536.jpg
0.7123,0,T2025_01103.jpg,T2025_02851.jpg
0.0199,0,T2025_01270.jpg,T2025_03081.jpg
-0.0330,0,T2025_02630.jpg,T2025_00109.jpg
0.3071,1,T2025_01168.jpg,T2025_01666.jpg
0.2920,1,T2025_02712.jpg,T2025_00719.jpg
0.0277,1,T2025_00700.jpg,T2025_01456.jpg
0.6133,0,T2025_00627.jpg,T2025_01979.jpg
0.3434,0,T2025_00700.jpg,T2025_01743.jpg
0.1919,0,T2025_02369.jpg,T2025_02250.jpg
0.2497,1,T2025_02076.jpg,T2025_00647.jpg
0.2802,0,T2025_01232.jpg,T2025_00371.jpg
0.1591,0,T2025_00855.jpg,T2025_00425.jpg
0.8773,1,T2025_01437.jpg,T2025_03047.jpg
0.1703,1,T2025_01326.jpg,T2025_00230.jpg
0.5304,0,T2025_01216.jpg,T2025_02102.jpg
0.1619,0,T2025_02601.jpg,T2025_00762.jpg
0.0614,0,T2025_02676.jpg,T2025_02752.jpg
0.4044,0,T2025_02839.jpg,T2025_01928.jpg
0.8038,0,T2025_00108.jpg,T2025_02242.jpg
0.1872,0,T2025_00701.jpg,T2025_01436.jpg
0.8702,0,T2025_02992.jpg,T2025_01331.jpg
0.1631,1,T2025_00174.jpg,T2025_02570.jpg
0.6693,1,T2025_00346.jpg,T2025_00619.jpg
0.0085,0,T2025_02607.jpg,T2025_02844.jpg
0.0947,1,T2025_01625.jpg,T2025_02526.jpg
0.6423,1,T2025_02056.jpg,T2025_00233.jpg
0.3212,1,T2025_00301.jpg,T2025_02991.jpg
0.2122,1,T2025_02813.jpg,T2025_02138.jpg
0.2715,0,T2025_00149.jpg,T2025_01141.jpg
0.7479,0,T2025_00615.jpg,T2025_00792.jpg
-0.0445,1,T2025_01081.jpg,T2025_01881.jpg
0.0962,1,T2025_00217.jpg,T2025_00510.jpg
0.4706,1,T2025_00178.jpg,T2025_02476.jpg
0.0114,0,T2025_01448.jpg,T2025_03045.jpg
0.1099,1,T2025_03017.jpg,T2025_02570.jpg
0.3856,0,T2025_02941.jpg,T2025_01843.jpg
0.7411,1,T2025_01749.jpg,T2025_01345.jpg
0.6511,0,T2025_02933.jpg,T2025_00352.jpg
0.4637,0,T2025_02031.jpg,T2025_00361.jpg
0.2445,1,T2025_01432.jpg,T2025_01922.jpg
0.0449,0,T2025_02380.jpg,T2025_01111.jpg
0.2548,1,T2025_00356.jpg,T2025_00381.jpg
0.2772,1,T2025_01205.jpg,T2025_01884.jpg
-0.0162,1,T2025_00779.jpg,T2025_02470.jpg
0.4776,0,T2025_01402.jpg,T2025_00629.jpg
0.1706,1,T2025_00932.jpg,T2025_01007.jpg
0.1811,1,T2025_02608.jpg,T2025_00985.jpg
0.8956,0,T2025_00081.jpg,T2025_00221.jpg
0.2078,0,T2025_00607.jpg,T2025_02565.jpg
0.1536,0,T2025_01081.jpg,T2025_01682.jpg
0.1539,0,T2025_01566.jpg,T2025_00479.jpg
0.6635,0,T2025_02755.jpg,T2025_01185.jpg
0.5688,0,T2025_00393.jpg,T2025_00832.jpg
0.2322,1,T2025_00465.jpg,T2025_00788.jpg
0.4943,0,T2025_00668.jpg,T2025_02482.jpg
0.4989,1,T2025_00123.jpg,T2025_02364.jpg
0.0922,0,T2025_00774.jpg,T2025_00622.jpg
0.2063,1,T2025_00884.jpg,T2025_01755.jpg
0.2575,1,T2025_02016.jpg,T2025_00892.jpg
-0.0910,0,T2025_00741.jpg,T2025_02859.jpg
0.2115,1,T2025_01239.jpg,T2025_02523.jpg
0.8030,0,T2025_01878.jpg,T2025_02703.jpg
0.5505,0,T2025_02403.jpg,T2025_01701.jpg
0.4663,1,T2025_02913.jpg,T2025_01847.jpg
0.1160,0,T2025_00528.jpg,T2025_00112.jpg
0.0489,1,T2025_01952.jpg,T2025_01662.jpg
0.8715,1,T2025_03003.jpg,T2025_01463.jpg
0.0737,0,T2025_01473.jpg,T2025_01904.jpg
-0.0057,0,T2025_00026.jpg,T2025_02529.jpg
0.5321,1,T2025_02034.jpg,T2025_00198.jpg
0.2715,0,T2025_01251.jpg,T2025_01360.jpg
0.1325,1,T2025_01926.jpg,T2025_01163.jpg
0.0467,1,T2025_03002.jpg,T2025_01599.jpg
0.2312,1,T2025_01967.jpg,T2025_00661.jpg
0.1196,1,T2025_00396.jpg,T2025_02920.jpg
0.4988,1,T2025_02684.jpg,T2025_00782.jpg
0.1637,0,T2025_02026.jpg,T2025_01023.jpg
0.5945,1,T2025_01871.jpg,T2025_02310.jpg
0.8847,1,T2025_00893.jpg,T2025_02915.jpg
0.5554,0,T2025_01843.jpg,T2025_00183.jpg
0.5342,1,T2025_01112.jpg,T2025_03049.jpg
0.2118,0,T2025_00568.jpg,T2025_02701.jpg
0.0123,1,T2025_02349.jpg,T2025_00984.jpg
0.6932,0,T2025_00610.jpg,T2025_01412.jpg
0.0411,1,T2025_02121.jpg,T2025_02657.jpg
0.7502,0,T2025_00348.jpg,T2025_01415.jpg
0.1462,0,T2025_01573.jpg,T2025_02655.jpg
0.3834,1,T2025_01295.jpg,T2025_00109.jpg
0.1555,1,T2025_01471.jpg,T2025_01565.jpg
0.4494,0,T2025_01351.jpg,T2025_00337.jpg
0.5573,0,T2025_02795.jpg,T2025_01353.jpg
0.0095,1,T2025_00635.jpg,T2025_01614.jpg
0.3279,1,T2025_01293.jpg,T2025_01916.jpg
0.2096,0,T2025_02901.jpg,T2025_00335.jpg
0.1933,1,T2025_01471.jpg,T2025_01447.jpg
0.1971,1,T2025_02660.jpg,T2025_00978.jpg
0.0580,0,T2025_01624.jpg,T2025_00640.jpg
0.6509,0,T2025_01083.jpg,T2025_01472.jpg
0.4110,1,T2025_00883.jpg,T2025_01746.jpg
0.2286,0,T2025_00692.jpg,T2025_02041.jpg
0.1732,1,T2025_00928.jpg,T2025_02676.jpg
0.3552,0,T2025_02210.jpg,T2025_01773.jpg
0.2242,1,T2025_00690.jpg,T2025_00314.jpg
0.3560,0,T2025_02643.jpg,T2025_00434.jpg
0.4043,1,T2025_00821.jpg,T2025_02125.jpg
0.0428,0,T2025_01478.jpg,T2025_00133.jpg
0.7808,1,T2025_01292.jpg,T2025_02965.jpg
0.1720,1,T2025_02593.jpg,T2025_00510.jpg
0.1497,0,T2025_00521.jpg,T2025_02242.jpg
0.7298,1,T2025_02442.jpg,T2025_01406.jpg
0.2208,0,T2025_00284.jpg,T2025_01152.jpg
0.6807,1,T2025_02781.jpg,T2025_00728.jpg
0.7396,0,T2025_00118.jpg,T2025_01505.jpg
0.3707,0,T2025_01492.jpg,T2025_00393.jpg
0.1234,0,T2025_02238.jpg,T2025_01909.jpg
0.6936,1,T2025_02773.jpg,T2025_02847.jpg
0.3609,0,T2025_01192.jpg,T2025_03075.jpg
0.3463,1,T2025_02705.jpg,T2025_02091.jpg
0.5156,1,T2025_02391.jpg,T2025_02015.jpg
0.3996,1,T2025_01875.jpg,T2025_01801.jpg
0.3727,1,T2025_02454.jpg,T2025_01036.jpg
0.1219,0,T2025_00944.jpg,T2025_00452.jpg
0.3014,1,T2025_02318.jpg,T2025_00080.jpg
0.2066,1,T2025_01314.jpg,T2025_02214.jpg
0.2402,0,T2025_02499.jpg,T2025_02063.jpg
0.1879,0,T2025_00372.jpg,T2025_00635.jpg
0.0239,1,T2025_01848.jpg,T2025_02757.jpg
0.1770,1,T2025_02085.jpg,T2025_01247.jpg
0.0225,1,T2025_01933.jpg,T2025_01103.jpg
0.2342,1,T2025_02475.jpg,T2025_01596.jpg
0.0258,1,T2025_00803.jpg,T2025_01714.jpg
0.6824,1,T2025_01018.jpg,T2025_00207.jpg
0.4011,1,T2025_02904.jpg,T2025_00460.jpg
0.2804,0,T2025_00663.jpg,T2025_01722.jpg
0.5447,1,T2025_02814.jpg,T2025_01979.jpg
-0.0351,1,T2025_03070.jpg,T2025_02419.jpg
0.4458,0,T2025_00845.jpg,T2025_03036.jpg
0.0819,1,T2025_02970.jpg,T2025_00910.jpg
0.0461,0,T2025_01763.jpg,T2025_00688.jpg
0.7780,0,T2025_02292.jpg,T2025_01665.jpg
0.5935,1,T2025_03005.jpg,T2025_02072.jpg
-0.0058,0,T2025_02775.jpg,T2025_02451.jpg
0.4247,1,T2025_02870.jpg,T2025_02490.jpg
0.6603,0,T2025_00685.jpg,T2025_01730.jpg
0.3662,1,T2025_02195.jpg,T2025_02347.jpg
0.4674,1,T2025_01737.jpg,T2025_00949.jpg
0.5983,1,T2025_01254.jpg,T2025_02929.jpg
0.4969,0,T2025_01657.jpg,T2025_02508.jpg
0.0932,0,T2025_01889.jpg,T2025_01782.jpg
0.2297,0,T2025_01728.jpg,T2025_02059.jpg
0.1808,0,T2025_00538.jpg,T2025_00807.jpg
0.2848,0,T2025_02295.jpg,T2025_01058.jpg
0.6198,1,T2025_02587.jpg,T2025_01173.jpg
0.3788,0,T2025_00104.jpg,T2025_00798.jpg
0.5011,0,T2025_01137.jpg,T2025_01741.jpg
-0.0829,0,T2025_01194.jpg,T2025_01570.jpg
0.1340,1,T2025_00948.jpg,T2025_02889.jpg
0.3587,0,T2025_01872.jpg,T2025_02234.jpg
0.6823,0,T2025_01732.jpg,T2025_01813.jpg
0.6173,0,T2025_02809.jpg,T2025_02963.jpg
0.1616,1,T2025_02222.jpg,T2025_00238.jpg
0.0698,0,T2025_01503.jpg,T2025_00358.jpg
0.1228,0,T2025_02660.jpg,T2025_02884.jpg
0.2660,0,T2025_01720.jpg,T2025_02379.jpg
0.3397,0,T2025_01251.jpg,T2025_01514.jpg
0.2453,1,T2025_02039.jpg,T2025_02694.jpg
0.4712,1,T2025_00065.jpg,T2025_02151.jpg
0.4956,1,T2025_02201.jpg,T2025_01309.jpg
-0.0064,0,T2025_01513.jpg,T2025_01187.jpg
0.2655,1,T2025_02600.jpg,T2025_01176.jpg
0.2532,1,T2025_00818.jpg,T2025_03072.jpg
-0.0011,0,T2025_01496.jpg,T2025_02027.jpg
-0.0327,0,T2025_00328.jpg,T2025_00384.jpg
0.0358,0,T2025_02166.jpg,T2025_00792.jpg
0.0584,0,T2025_00233.jpg,T2025_01268.jpg
0.1729,1,T2025_01575.jpg,T2025_02015.jpg
0.0992,0,T2025_02833.jpg,T2025_02042.jpg
0.1348,1,T2025_02641.jpg,T2025_00016.jpg
0.2584,0,T2025_01506.jpg,T2025_02117.jpg
0.0587,1,T2025_00068.jpg,T2025_01304.jpg
0.0448,0,T2025_02523.jpg,T2025_00260.jpg
0.5015,0,T2025_00509.jpg,T2025_02454.jpg
0.7409,1,T2025_00128.jpg,T2025_02143.jpg
0.5647,0,T2025_00580.jpg,T2025_00385.jpg
0.6870,0,T2025_02463.jpg,T2025_01030.jpg
0.1483,1,T2025_01519.jpg,T2025_00021.jpg
0.6852,1,T2025_02722.jpg,T2025_02082.jpg
0.2909,0,T2025_01948.jpg,T2025_00647.jpg
0.2441,0,T2025_00547.jpg,T2025_01011.jpg
0.6901,0,T2025_03069.jpg,T2025_01927.jpg
0.6132,0,T2025_02628.jpg,T2025_01323.jpg
0.0028,0,T2025_00914.jpg,T2025_00947.jpg
0.1000,1,T2025_03099.jpg,T2025_02636.jpg
0.1238,1,T2025_02432.jpg,T2025_00733.jpg
0.1023,1,T2025_00987.jpg,T2025_01392.jpg
-0.0273,0,T2025_02011.jpg,T2025_00062.jpg
0.2710,0,T2025_00993.jpg,T2025_00414.jpg
0.0696,1,T2025_02816.jpg,T2025_01433.jpg
0.2933,0,T2025_02816.jpg,T2025_00333.jpg
0.2499,1,T2025_01259.jpg,T2025_00556.jpg
0.4186,1,T2025_01245.jpg,T2025_02764.jpg
-0.1356,0,T2025_01257.jpg,T2025_00267.jpg
0.7842,1,T2025_00188.jpg,T2025_02886.jpg
0.2321,0,T2025_00372.jpg,T2025_00294.jpg
0.6092,0,T2025_02741.jpg,T2025_00892.jpg
0.0319,0,T2025_01232.jpg,T2025_00743.jpg
0.0579,0,T2025_01911.jpg,T2025_02967.jpg
0.0973,1,T2025_02589.jpg,T2025_02291.jpg
0.1516,0,T2025_01940.jpg,T2025_02094.jpg
0.1289,1,T2025_00991.jpg,T2025_00114.jpg
-0.1065,1,T2025_01700.jpg,T2025_00804.jpg
-0.0776,1,T2025_02443.jpg,T2025_02518.jpg
0.3969,0,T2025_02485.jpg,T2025_02363.jpg
0.2187,1,T2025_02984.jpg,T2025_00550.jpg
0.0545,1,T2025_02182.jpg,T2025_02886.jpg
0.0424,1,T2025_02555.jpg,T2025_00428.jpg
0.7754,1,T2025_02887.jpg,T2025_02922.jpg
0.2600,1,T2025_00707.jpg,T2025_02397.jpg
0.0981,0,T2025_00664.jpg,T2025_01981.jpg
0.1219,1,T2025_00988.jpg,T2025_00399.jpg
0.1177,1,T2025_00399.jpg,T2025_01615.jpg
0.1800,1,T2025_01793.jpg,T2025_00676.jpg
0.1583,0,T2025_00795.jpg,T2025_00871.jpg
0.4879,0,T2025_01091.jpg,T2025_02600.jpg
0.7447,1,T2025_01856.jpg,T2025_00854.jpg
-0.0377,0,T2025_02725.jpg,T2025_01232.jpg
0.4601,1,T2025_01749.jpg,T2025_03064.jpg
0.7493,1,T2025_02273.jpg,T2025_01422.jpg
0.5752,1,T2025_00906.jpg,T2025_03025.jpg
0.1696,1,T2025_00089.jpg,T2025_00612.jpg
0.7920,0,T2025_00035.jpg,T2025_01222.jpg
0.5919,0,T2025_00379.jpg,T2025_02592.jpg
0.6493,1,T2025_01659.jpg,T2025_01848.jpg
0.4623,1,T2025_01313.jpg,T2025_01122.jpg
0.2178,0,T2025_02768.jpg,T2025_03047.jpg
-0.0894,0,T2025_01334.jpg,T2025_01119.jpg
0.2903,1,T2025_01952.jpg,T2025_00370.jpg
0.6491,1,T2025_02856.jpg,T2025_01174.jpg
0.0995,1,T2025_01275.jpg,T2025_02687.jpg
0.7077,0,T2025_01005.jpg,T2025_01050.jpg
1.0000,0,T2025_03017.jpg,T2025_03017.jpg
0.0466,1,T2025_02624.jpg,T2025_00278.jpg
0.4406,1,T2025_00739.jpg,T2025_01725.jpg
0.6147,0,T2025_01360.jpg,T2025_01210.jpg
0.4975,1,T2025_01317.jpg,T2025_02793.jpg
0.2323,0,T2025_00305.jpg,T2025_02442.jpg
0.6128,1,T2025_02113.jpg,T2025_01047.jpg
0.6432,0,T2025_00636.jpg,T2025_00385.jpg
0.7666,0,T2025_03088.jpg,T2025_00955.jpg
0.7664,1,T2025_00774.jpg,T2025_00773.jpg
-0.0101,0,T2025_00567.jpg,T2025_01498.jpg
0.2635,1,T2025_02042.jpg,T2025_02307.jpg
-0.0848,1,T2025_02366.jpg,T2025_00779.jpg
0.2745,0,T2025_02718.jpg,T2025_01356.jpg
0.5583,1,T2025_01682.jpg,T2025_01999.jpg
0.4740,1,T2025_00995.jpg,T2025_01717.jpg
0.0630,1,T2025_01857.jpg,T2025_02589.jpg
0.7347,0,T2025_00644.jpg,T2025_02041.jpg
0.1139,0,T2025_00824.jpg,T2025_01274.jpg
0.0992,0,T2025_00452.jpg,T2025_02985.jpg
0.2295,0,T2025_01876.jpg,T2025_02948.jpg
0.4939,1,T2025_01453.jpg,T2025_02260.jpg
0.4165,0,T2025_02779.jpg,T2025_02718.jpg
0.4164,1,T2025_01834.jpg,T2025_00114.jpg
0.6764,1,T2025_01271.jpg,T2025_00363.jpg
0.3368,0,T2025_02813.jpg,T2025_01102.jpg
0.0886,0,T2025_02487.jpg,T2025_02187.jpg
0.0560,1,T2025_00046.jpg,T2025_02687.jpg
0.6091,0,T2025_00024.jpg,T2025_01799.jpg
0.5973,1,T2025_00274.jpg,T2025_01288.jpg
0.1881,0,T2025_02259.jpg,T2025_01558.jpg
0.4797,0,T2025_02195.jpg,T2025_01004.jpg
0.0673,0,T2025_02316.jpg,T2025_02668.jpg
0.0213,1,T2025_02299.jpg,T2025_01690.jpg
0.5190,0,T2025_02926.jpg,T2025_01880.jpg
0.4322,1,T2025_00768.jpg,T2025_01788.jpg
0.8727,0,T2025_02273.jpg,T2025_01273.jpg
0.8735,0,T2025_00919.jpg,T2025_02309.jpg
0.8029,0,T2025_00900.jpg,T2025_01701.jpg
0.0098,0,T2025_01677.jpg,T2025_00474.jpg
0.1381,1,T2025_02194.jpg,T2025_02423.jpg
0.6246,1,T2025_03087.jpg,T2025_01415.jpg
1.0000,0,T2025_02658.jpg,T2025_02658.jpg
0.7329,0,T2025_01803.jpg,T2025_02635.jpg
0.4444,1,T2025_00145.jpg,T2025_02664.jpg
0.3337,1,T2025_00282.jpg,T2025_02572.jpg
0.0406,1,T2025_02904.jpg,T2025_00848.jpg
0.0846,1,T2025_02356.jpg,T2025_02134.jpg
0.4724,1,T2025_00998.jpg,T2025_00611.jpg
-0.0236,1,T2025_01099.jpg,T2025_02931.jpg
-0.0275,0,T2025_01838.jpg,T2025_02261.jpg
-0.0304,1,T2025_01207.jpg,T2025_00828.jpg
0.2750,0,T2025_01796.jpg,T2025_00554.jpg
0.2176,1,T2025_01012.jpg,T2025_00294.jpg
0.2591,1,T2025_01670.jpg,T2025_02976.jpg
0.2611,1,T2025_01239.jpg,T2025_02352.jpg
0.5567,1,T2025_02552.jpg,T2025_00727.jpg
-0.0361,0,T2025_01495.jpg,T2025_01828.jpg
0.4114,1,T2025_02492.jpg,T2025_00567.jpg
0.1901,0,T2025_01217.jpg,T2025_00071.jpg
0.7944,1,T2025_02349.jpg,T2025_03066.jpg
0.7619,1,T2025_00094.jpg,T2025_00304.jpg
0.4249,0,T2025_02696.jpg,T2025_01354.jpg
0.1294,0,T2025_01672.jpg,T2025_01631.jpg
0.1378,0,T2025_01399.jpg,T2025_00969.jpg
0.1720,0,T2025_00572.jpg,T2025_02125.jpg
0.2278,0,T2025_02894.jpg,T2025_01258.jpg
0.7585,0,T2025_00248.jpg,T2025_02572.jpg
0.5319,1,T2025_00403.jpg,T2025_02348.jpg
0.5456,0,T2025_02854.jpg,T2025_02294.jpg
0.2826,1,T2025_00711.jpg,T2025_01341.jpg
0.5893,1,T2025_02478.jpg,T2025_02592.jpg
0.1253,1,T2025_01220.jpg,T2025_01603.jpg
0.1433,0,T2025_01852.jpg,T2025_01161.jpg
0.7666,0,T2025_00687.jpg,T2025_00209.jpg
0.8855,0,T2025_00392.jpg,T2025_02366.jpg
0.3324,1,T2025_01399.jpg,T2025_01433.jpg
0.6894,1,T2025_00245.jpg,T2025_00654.jpg
0.4813,0,T2025_03070.jpg,T2025_01539.jpg
0.2901,1,T2025_02412.jpg,T2025_02669.jpg
0.8152,1,T2025_01181.jpg,T2025_01710.jpg
0.1360,0,T2025_02736.jpg,T2025_02539.jpg
0.3752,0,T2025_00807.jpg,T2025_00268.jpg
0.0132,0,T2025_00890.jpg,T2025_00270.jpg
0.0322,0,T2025_01349.jpg,T2025_02855.jpg
0.2382,0,T2025_02883.jpg,T2025_02206.jpg
0.4841,0,T2025_00223.jpg,T2025_00024.jpg
0.2909,0,T2025_02743.jpg,T2025_02442.jpg
0.3917,0,T2025_02872.jpg,T2025_02453.jpg
0.0375,0,T2025_00127.jpg,T2025_00029.jpg
0.2485,1,T2025_02610.jpg,T2025_02670.jpg
0.0866,1,T2025_02763.jpg,T2025_01858.jpg
0.2745,1,T2025_02108.jpg,T2025_00799.jpg
-0.1233,0,T2025_02758.jpg,T2025_01228.jpg
0.4062,1,T2025_01832.jpg,T2025_02837.jpg
0.1878,1,T2025_02508.jpg,T2025_00830.jpg
0.5207,1,T2025_01163.jpg,T2025_02762.jpg
0.5294,1,T2025_02303.jpg,T2025_02010.jpg
0.2257,0,T2025_03068.jpg,T2025_02117.jpg
0.6476,1,T2025_01771.jpg,T2025_01663.jpg
0.2168,0,T2025_00482.jpg,T2025_00692.jpg
0.3494,0,T2025_00277.jpg,T2025_01140.jpg
0.5353,1,T2025_03011.jpg,T2025_01011.jpg
0.0407,1,T2025_02024.jpg,T2025_01890.jpg
0.3175,1,T2025_01546.jpg,T2025_02407.jpg
0.4026,0,T2025_00357.jpg,T2025_01249.jpg
0.2603,1,T2025_00744.jpg,T2025_00607.jpg
0.4674,0,T2025_02942.jpg,T2025_02676.jpg
0.4084,0,T2025_02437.jpg,T2025_00265.jpg
0.4189,0,T2025_02415.jpg,T2025_00361.jpg
0.3549,1,T2025_02675.jpg,T2025_02237.jpg
0.0444,0,T2025_02864.jpg,T2025_00343.jpg
0.0740,1,T2025_01735.jpg,T2025_00360.jpg
0.1123,0,T2025_00709.jpg,T2025_01149.jpg
0.1077,0,T2025_00710.jpg,T2025_01431.jpg
0.0249,1,T2025_02687.jpg,T2025_01151.jpg
0.3349,1,T2025_02569.jpg,T2025_01719.jpg
0.0159,1,T2025_00262.jpg,T2025_02890.jpg
-0.0486,1,T2025_01302.jpg,T2025_02514.jpg
0.1190,1,T2025_01370.jpg,T2025_00845.jpg
-0.0755,0,T2025_00441.jpg,T2025_01600.jpg
0.3916,0,T2025_02208.jpg,T2025_01133.jpg
0.0261,1,T2025_01261.jpg,T2025_00114.jpg
0.5935,1,T2025_02962.jpg,T2025_01785.jpg
0.4140,0,T2025_02642.jpg,T2025_01883.jpg
-0.0555,1,T2025_01185.jpg,T2025_01688.jpg
0.1788,1,T2025_02487.jpg,T2025_01542.jpg
0.1103,1,T2025_02380.jpg,T2025_02569.jpg
0.5611,1,T2025_01657.jpg,T2025_01853.jpg
0.1451,1,T2025_01939.jpg,T2025_01900.jpg
0.4939,1,T2025_02184.jpg,T2025_00685.jpg
0.8841,1,T2025_01652.jpg,T2025_02309.jpg
0.2607,0,T2025_01639.jpg,T2025_00077.jpg
0.1001,1,T2025_02910.jpg,T2025_02627.jpg
0.1316,0,T2025_00625.jpg,T2025_01233.jpg
0.4369,1,T2025_00530.jpg,T2025_02004.jpg
-0.0272,1,T2025_00976.jpg,T2025_02916.jpg
0.0084,0,T2025_00098.jpg,T2025_00396.jpg
0.5610,1,T2025_01506.jpg,T2025_01408.jpg
0.3508,1,T2025_00471.jpg,T2025_02514.jpg
0.3930,0,T2025_01318.jpg,T2025_01768.jpg
0.5122,0,T2025_00809.jpg,T2025_02916.jpg
0.6849,0,T2025_00704.jpg,T2025_02238.jpg
0.4899,1,T2025_01622.jpg,T2025_02060.jpg
0.1230,1,T2025_00118.jpg,T2025_01771.jpg
0.3946,0,T2025_02371.jpg,T2025_01355.jpg
0.7081,0,T2025_01730.jpg,T2025_00047.jpg
0.0114,1,T2025_00533.jpg,T2025_00325.jpg
0.4182,0,T2025_00264.jpg,T2025_02672.jpg
0.5716,1,T2025_02409.jpg,T2025_00173.jpg
0.0548,0,T2025_00275.jpg,T2025_00165.jpg
0.8764,0,T2025_02382.jpg,T2025_01273.jpg
0.3047,0,T2025_00992.jpg,T2025_00948.jpg
0.0640,0,T2025_01817.jpg,T2025_00689.jpg
0.2712,0,T2025_01305.jpg,T2025_01953.jpg
-0.1469,0,T2025_02894.jpg,T2025_02354.jpg
-0.0837,0,T2025_02864.jpg,T2025_02759.jpg
0.1188,0,T2025_02967.jpg,T2025_02639.jpg
0.7496,0,T2025_00281.jpg,T2025_02173.jpg
0.5519,0,T2025_00432.jpg,T2025_02032.jpg
-0.1073,1,T2025_02249.jpg,T2025_01486.jpg
-0.1040,0,T2025_02555.jpg,T2025_00700.jpg
0.6300,0,T2025_00389.jpg,T2025_00432.jpg
0.2548,0,T2025_01161.jpg,T2025_00486.jpg
0.7495,1,T2025_02680.jpg,T2025_02896.jpg
0.1682,1,T2025_01083.jpg,T2025_01887.jpg
0.2289,1,T2025_02611.jpg,T2025_01059.jpg
0.4625,1,T2025_03059.jpg,T2025_02771.jpg
0.5822,0,T2025_02956.jpg,T2025_00252.jpg
0.3674,0,T2025_03025.jpg,T2025_01252.jpg
0.6736,1,T2025_00313.jpg,T2025_01418.jpg
0.4271,0,T2025_01056.jpg,T2025_01677.jpg
0.5019,0,T2025_00398.jpg,T2025_00322.jpg
0.5556,1,T2025_01271.jpg,T2025_00683.jpg
0.7982,0,T2025_00138.jpg,T2025_00241.jpg
0.0664,0,T2025_01328.jpg,T2025_02257.jpg
0.2984,0,T2025_00250.jpg,T2025_01897.jpg
0.3435,1,T2025_02303.jpg,T2025_02505.jpg
0.4779,0,T2025_01556.jpg,T2025_00377.jpg
0.5287,1,T2025_01982.jpg,T2025_00769.jpg
0.6559,1,T2025_01611.jpg,T2025_02435.jpg
0.2160,1,T2025_02672.jpg,T2025_00096.jpg
-0.0514,0,T2025_03045.jpg,T2025_00472.jpg
0.4283,0,T2025_02498.jpg,T2025_01614.jpg
0.6938,0,T2025_00117.jpg,T2025_02349.jpg
0.3705,0,T2025_00133.jpg,T2025_01575.jpg
0.0803,0,T2025_00174.jpg,T2025_02078.jpg
0.1918,0,T2025_00513.jpg,T2025_00145.jpg
0.1306,1,T2025_00083.jpg,T2025_00452.jpg
0.0146,0,T2025_00520.jpg,T2025_02951.jpg
0.7839,1,T2025_00805.jpg,T2025_02144.jpg
-0.0056,1,T2025_02696.jpg,T2025_00566.jpg
0.6240,0,T2025_01162.jpg,T2025_01535.jpg
0.4406,1,T2025_02225.jpg,T2025_00509.jpg
0.7070,1,T2025_02511.jpg,T2025_01424.jpg
0.1240,0,T2025_00394.jpg,T2025_02609.jpg
0.4938,1,T2025_02276.jpg,T2025_01342.jpg
-0.1114,0,T2025_01594.jpg,T2025_00228.jpg
0.6961,0,T2025_01760.jpg,T2025_01656.jpg
0.7361,1,T2025_00076.jpg,T2025_01917.jpg
0.2308,0,T2025_01358.jpg,T2025_00375.jpg
0.1224,1,T2025_02916.jpg,T2025_02328.jpg
0.5053,0,T2025_02764.jpg,T2025_01091.jpg
0.4331,0,T2025_02407.jpg,T2025_00779.jpg
0.5621,0,T2025_02163.jpg,T2025_00748.jpg
0.4311,0,T2025_00759.jpg,T2025_00298.jpg
0.4331,0,T2025_02264.jpg,T2025_01165.jpg
0.6077,1,T2025_00385.jpg,T2025_01641.jpg
-0.0390,0,T2025_02253.jpg,T2025_01016.jpg
0.1913,0,T2025_02942.jpg,T2025_02973.jpg
0.1162,0,T2025_00084.jpg,T2025_01880.jpg
0.5275,1,T2025_00231.jpg,T2025_01999.jpg
0.3673,0,T2025_00425.jpg,T2025_01577.jpg
0.0975,0,T2025_00134.jpg,T2025_02316.jpg
0.1027,0,T2025_01782.jpg,T2025_02618.jpg
0.0505,0,T2025_01049.jpg,T2025_00590.jpg
0.0540,0,T2025_00982.jpg,T2025_00875.jpg
0.1695,0,T2025_01200.jpg,T2025_01376.jpg
0.3204,1,T2025_02950.jpg,T2025_01500.jpg
0.4197,0,T2025_02685.jpg,T2025_01459.jpg
0.4657,0,T2025_00068.jpg,T2025_02791.jpg
0.0209,1,T2025_01314.jpg,T2025_02895.jpg
0.4228,0,T2025_01277.jpg,T2025_00381.jpg
0.3903,0,T2025_00805.jpg,T2025_01478.jpg
0.8388,1,T2025_02089.jpg,T2025_01992.jpg
0.1299,1,T2025_02406.jpg,T2025_01046.jpg
0.8980,1,T2025_00714.jpg,T2025_00344.jpg
0.2772,0,T2025_00771.jpg,T2025_00061.jpg
-0.0123,0,T2025_02619.jpg,T2025_00932.jpg
0.0559,0,T2025_00440.jpg,T2025_00362.jpg
0.7068,0,T2025_01797.jpg,T2025_02781.jpg
0.7099,1,T2025_02180.jpg,T2025_02643.jpg
-0.0216,1,T2025_00398.jpg,T2025_01010.jpg
0.4655,1,T2025_01499.jpg,T2025_00523.jpg
0.4632,1,T2025_00367.jpg,T2025_00141.jpg
0.5789,1,T2025_01324.jpg,T2025_01653.jpg
0.1344,0,T2025_02677.jpg,T2025_00658.jpg
0.2478,1,T2025_00315.jpg,T2025_02016.jpg
0.0096,0,T2025_01050.jpg,T2025_01596.jpg
0.2072,1,T2025_00155.jpg,T2025_02789.jpg
0.2136,1,T2025_00768.jpg,T2025_01549.jpg
0.9227,1,T2025_02448.jpg,T2025_01199.jpg
0.0921,1,T2025_00280.jpg,T2025_00051.jpg
0.5966,0,T2025_00192.jpg,T2025_01724.jpg
0.1721,1,T2025_01229.jpg,T2025_02176.jpg
0.7551,1,T2025_01032.jpg,T2025_02571.jpg
0.2920,0,T2025_00176.jpg,T2025_02788.jpg
0.6819,1,T2025_00814.jpg,T2025_01685.jpg
-0.0079,0,T2025_00800.jpg,T2025_00769.jpg
0.6365,1,T2025_01051.jpg,T2025_00105.jpg
0.2758,1,T2025_00894.jpg,T2025_01462.jpg
0.0602,1,T2025_02733.jpg,T2025_01510.jpg
0.1796,0,T2025_01954.jpg,T2025_01427.jpg
-0.0931,1,T2025_01923.jpg,T2025_01969.jpg
0.0579,1,T2025_02181.jpg,T2025_02199.jpg
0.6353,1,T2025_01610.jpg,T2025_00391.jpg
0.3246,0,T2025_00401.jpg,T2025_02059.jpg
0.9094,1,T2025_00919.jpg,T2025_01537.jpg
-0.0300,0,T2025_02792.jpg,T2025_02640.jpg
0.0765,1,T2025_00069.jpg,T2025_01001.jpg
0.3052,1,T2025_03037.jpg,T2025_02123.jpg
0.1628,1,T2025_00151.jpg,T2025_02645.jpg
0.4873,1,T2025_01334.jpg,T2025_00001.jpg
1.0000,0,T2025_01959.jpg,T2025_01959.jpg
0.3233,1,T2025_01095.jpg,T2025_01709.jpg
0.7436,1,T2025_00643.jpg,T2025_00612.jpg
0.4293,1,T2025_01947.jpg,T2025_01682.jpg
0.6475,0,T2025_00878.jpg,T2025_00827.jpg
0.2396,1,T2025_01949.jpg,T2025_00334.jpg
0.0439,1,T2025_01117.jpg,T2025_02503.jpg
0.0210,0,T2025_00254.jpg,T2025_01857.jpg
0.6019,0,T2025_00402.jpg,T2025_01032.jpg
0.9198,1,T2025_01531.jpg,T2025_00263.jpg
0.1478,1,T2025_01713.jpg,T2025_02292.jpg
0.5548,1,T2025_01960.jpg,T2025_02535.jpg
0.6038,0,T2025_03064.jpg,T2025_02211.jpg
0.1854,1,T2025_00318.jpg,T2025_00454.jpg
0.8201,1,T2025_03021.jpg,T2025_03082.jpg
0.3420,0,T2025_01411.jpg,T2025_00755.jpg
0.8721,0,T2025_01218.jpg,T2025_02054.jpg
0.6736,0,T2025_01828.jpg,T2025_01567.jpg
0.2398,0,T2025_02731.jpg,T2025_02485.jpg
0.4027,0,T2025_01881.jpg,T2025_03028.jpg
0.2735,1,T2025_02405.jpg,T2025_01136.jpg
-0.1590,1,T2025_01897.jpg,T2025_02697.jpg
0.4831,1,T2025_01231.jpg,T2025_00215.jpg
-0.1408,1,T2025_02902.jpg,T2025_00661.jpg
0.3715,0,T2025_00638.jpg,T2025_00646.jpg
0.5075,1,T2025_00557.jpg,T2025_01679.jpg
0.0839,1,T2025_01202.jpg,T2025_01016.jpg
0.6585,1,T2025_03035.jpg,T2025_00398.jpg
0.0168,1,T2025_02892.jpg,T2025_01109.jpg
0.2032,1,T2025_02647.jpg,T2025_00158.jpg
0.6304,1,T2025_02015.jpg,T2025_03072.jpg
0.3330,1,T2025_01438.jpg,T2025_01615.jpg
0.7573,0,T2025_03056.jpg,T2025_01138.jpg
0.1473,1,T2025_00381.jpg,T2025_02490.jpg
0.1355,1,T2025_02468.jpg,T2025_00202.jpg
-0.0438,1,T2025_00974.jpg,T2025_02979.jpg
0.6053,1,T2025_01863.jpg,T2025_01164.jpg
0.3274,1,T2025_00900.jpg,T2025_02583.jpg
0.5241,1,T2025_02232.jpg,T2025_00941.jpg
0.1789,0,T2025_00750.jpg,T2025_01708.jpg
0.1730,1,T2025_00046.jpg,T2025_01504.jpg
0.7393,0,T2025_01669.jpg,T2025_01685.jpg
0.0019,0,T2025_02257.jpg,T2025_00139.jpg
0.4403,0,T2025_01091.jpg,T2025_00301.jpg
0.1281,1,T2025_02430.jpg,T2025_02873.jpg
0.6739,0,T2025_01922.jpg,T2025_02112.jpg
0.6266,1,T2025_01296.jpg,T2025_00153.jpg
0.1681,0,T2025_02549.jpg,T2025_00206.jpg
-0.0552,1,T2025_01916.jpg,T2025_01709.jpg
0.0465,1,T2025_02413.jpg,T2025_00567.jpg
0.2524,0,T2025_00230.jpg,T2025_00008.jpg
0.5185,1,T2025_01429.jpg,T2025_01539.jpg
0.1788,0,T2025_02017.jpg,T2025_02752.jpg
0.8182,0,T2025_00742.jpg,T2025_00955.jpg
0.8479,1,T2025_00891.jpg,T2025_00370.jpg
0.7810,0,T2025_03048.jpg,T2025_01049.jpg
0.2428,1,T2025_01349.jpg,T2025_00571.jpg
0.2799,0,T2025_02404.jpg,T2025_01398.jpg
0.4139,1,T2025_02632.jpg,T2025_02210.jpg
0.1989,1,T2025_01430.jpg,T2025_00164.jpg
0.7766,1,T2025_00714.jpg,T2025_02581.jpg
0.5530,1,T2025_01909.jpg,T2025_01684.jpg
0.1983,1,T2025_01905.jpg,T2025_02704.jpg
0.3411,1,T2025_02629.jpg,T2025_02440.jpg
0.9559,1,T2025_02058.jpg,T2025_01873.jpg
0.1457,1,T2025_02668.jpg,T2025_01536.jpg
0.3310,1,T2025_02901.jpg,T2025_01587.jpg
-0.0613,1,T2025_01138.jpg,T2025_00753.jpg
0.5007,1,T2025_01483.jpg,T2025_02583.jpg
0.1917,0,T2025_01085.jpg,T2025_00488.jpg
0.1830,0,T2025_00565.jpg,T2025_01579.jpg
0.4392,0,T2025_01364.jpg,T2025_01295.jpg
0.8535,0,T2025_02690.jpg,T2025_03081.jpg
0.2651,0,T2025_03086.jpg,T2025_01131.jpg
0.8099,0,T2025_00396.jpg,T2025_01667.jpg
0.6192,0,T2025_02386.jpg,T2025_01850.jpg
0.1027,0,T2025_02242.jpg,T2025_01940.jpg
0.1974,1,T2025_02689.jpg,T2025_03082.jpg
0.3536,1,T2025_01968.jpg,T2025_01302.jpg
0.0741,1,T2025_01179.jpg,T2025_01183.jpg
0.3689,1,T2025_02393.jpg,T2025_02442.jpg
0.2849,0,T2025_02716.jpg,T2025_02090.jpg
0.1921,0,T2025_01592.jpg,T2025_02734.jpg
0.0732,0,T2025_02843.jpg,T2025_00566.jpg
0.1509,1,T2025_00474.jpg,T2025_00187.jpg
0.0467,1,T2025_02183.jpg,T2025_01918.jpg
0.3788,0,T2025_00959.jpg,T2025_00215.jpg
0.4203,1,T2025_02543.jpg,T2025_00299.jpg
0.3222,0,T2025_02945.jpg,T2025_02554.jpg
0.1691,1,T2025_00922.jpg,T2025_01784.jpg
0.6984,0,T2025_00232.jpg,T2025_02231.jpg
-0.0264,1,T2025_02781.jpg,T2025_02859.jpg
0.1126,0,T2025_00329.jpg,T2025_02538.jpg
0.3044,0,T2025_01145.jpg,T2025_01615.jpg
0.5528,0,T2025_01041.jpg,T2025_01607.jpg
0.4504,0,T2025_02038.jpg,T2025_00381.jpg
-0.0266,0,T2025_01914.jpg,T2025_01831.jpg
0.3330,0,T2025_01691.jpg,T2025_02207.jpg
0.0537,0,T2025_00464.jpg,T2025_02057.jpg
0.2632,0,T2025_00642.jpg,T2025_02905.jpg
1.0000,0,T2025_00602.jpg,T2025_00602.jpg
0.6643,0,T2025_02017.jpg,T2025_01071.jpg
0.1343,0,T2025_02562.jpg,T2025_00910.jpg
0.3684,0,T2025_02856.jpg,T2025_02366.jpg
0.6071,0,T2025_00317.jpg,T2025_01853.jpg
0.1513,0,T2025_01274.jpg,T2025_02192.jpg
0.3830,0,T2025_00362.jpg,T2025_00501.jpg
0.1471,0,T2025_01582.jpg,T2025_02402.jpg
0.3980,1,T2025_02369.jpg,T2025_01287.jpg
0.6404,0,T2025_01546.jpg,T2025_02098.jpg
-0.0587,0,T2025_01665.jpg,T2025_00702.jpg
0.1081,1,T2025_01478.jpg,T2025_01568.jpg
0.4652,1,T2025_02150.jpg,T2025_00970.jpg
0.4998,1,T2025_02564.jpg,T2025_02941.jpg
0.4074,1,T2025_00243.jpg,T2025_00859.jpg
0.6488,1,T2025_01512.jpg,T2025_02588.jpg
-0.0050,1,T2025_02928.jpg,T2025_00679.jpg
0.5534,0,T2025_01007.jpg,T2025_00375.jpg
0.2108,0,T2025_00935.jpg,T2025_02843.jpg
-0.0623,0,T2025_00075.jpg,T2025_00720.jpg
0.4076,0,T2025_01721.jpg,T2025_00225.jpg
0.3880,1,T2025_02374.jpg,T2025_01722.jpg
0.4151,0,T2025_02459.jpg,T2025_02483.jpg
0.0994,1,T2025_00091.jpg,T2025_00524.jpg
0.5794,0,T2025_00688.jpg,T2025_02310.jpg
0.3060,0,T2025_01242.jpg,T2025_00651.jpg
0.1478,0,T2025_02585.jpg,T2025_02592.jpg
-0.0196,0,T2025_02186.jpg,T2025_03025.jpg
0.7992,0,T2025_01985.jpg,T2025_00448.jpg
0.1922,0,T2025_00601.jpg,T2025_00713.jpg
0.3016,0,T2025_01674.jpg,T2025_02069.jpg
-0.0861,0,T2025_00212.jpg,T2025_00472.jpg
0.7082,1,T2025_02535.jpg,T2025_02755.jpg
0.5016,0,T2025_02993.jpg,T2025_00598.jpg
0.7799,1,T2025_00675.jpg,T2025_00127.jpg
0.5066,1,T2025_01527.jpg,T2025_02764.jpg
0.8976,0,T2025_01444.jpg,T2025_01838.jpg
0.4961,1,T2025_02386.jpg,T2025_02200.jpg
0.3305,0,T2025_02989.jpg,T2025_02589.jpg
0.3047,1,T2025_01470.jpg,T2025_00268.jpg
0.2196,0,T2025_00473.jpg,T2025_02890.jpg
0.6360,1,T2025_01209.jpg,T2025_01572.jpg
0.1315,1,T2025_02155.jpg,T2025_00375.jpg
0.1768,1,T2025_02344.jpg,T2025_01788.jpg
0.8041,1,T2025_02513.jpg,T2025_00221.jpg
0.0503,0,T2025_02690.jpg,T2025_00706.jpg
0.3921,0,T2025_02530.jpg,T2025_03103.jpg
0.1391,1,T2025_02256.jpg,T2025_03051.jpg
0.5488,1,T2025_02590.jpg,T2025_02769.jpg
0.0295,0,T2025_02936.jpg,T2025_00799.jpg
0.2792,1,T2025_02829.jpg,T2025_01099.jpg
0.7889,0,T2025_01795.jpg,T2025_00677.jpg
0.4240,1,T2025_02225.jpg,T2025_00126.jpg
0.3080,0,T2025_02602.jpg,T2025_02801.jpg
0.5843,1,T2025_01694.jpg,T2025_02667.jpg
0.0420,1,T2025_01330.jpg,T2025_02672.jpg
0.3061,1,T2025_01399.jpg,T2025_02536.jpg
0.1956,1,T2025_02096.jpg,T2025_01003.jpg
0.3137,0,T2025_00197.jpg,T2025_02937.jpg
0.3120,0,T2025_01384.jpg,T2025_01536.jpg
0.3265,1,T2025_03002.jpg,T2025_00071.jpg
-0.0078,0,T2025_02105.jpg,T2025_01416.jpg
0.5496,0,T2025_02739.jpg,T2025_01885.jpg
0.0741,1,T2025_02025.jpg,T2025_01271.jpg
-0.0993,1,T2025_00878.jpg,T2025_00651.jpg
-0.1010,1,T2025_03094.jpg,T2025_00362.jpg
0.5827,1,T2025_02087.jpg,T2025_02416.jpg
0.4085,1,T2025_02909.jpg,T2025_01323.jpg
0.1088,1,T2025_02135.jpg,T2025_01466.jpg
0.1763,0,T2025_01177.jpg,T2025_01189.jpg
0.2183,1,T2025_02033.jpg,T2025_01922.jpg
0.0827,1,T2025_03083.jpg,T2025_01610.jpg
0.1231,0,T2025_01496.jpg,T2025_03040.jpg
0.4448,1,T2025_02524.jpg,T2025_01062.jpg
0.0525,1,T2025_00290.jpg,T2025_01016.jpg
0.2263,0,T2025_00051.jpg,T2025_02367.jpg
0.2041,1,T2025_00577.jpg,T2025_00207.jpg
-0.1140,0,T2025_00639.jpg,T2025_02003.jpg
0.8155,1,T2025_00639.jpg,T2025_01033.jpg
-0.0530,0,T2025_00698.jpg,T2025_00716.jpg
0.1180,1,T2025_00934.jpg,T2025_02626.jpg
0.3915,0,T2025_00502.jpg,T2025_02947.jpg
0.6879,1,T2025_02568.jpg,T2025_00507.jpg
0.2972,0,T2025_01903.jpg,T2025_00302.jpg
0.4422,0,T2025_01140.jpg,T2025_00247.jpg
0.4023,1,T2025_00047.jpg,T2025_01793.jpg
-0.0601,0,T2025_01592.jpg,T2025_00113.jpg
0.1966,1,T2025_00165.jpg,T2025_00058.jpg
0.1221,0,T2025_03011.jpg,T2025_00994.jpg
0.3229,0,T2025_02761.jpg,T2025_00220.jpg
0.3774,0,T2025_00443.jpg,T2025_02593.jpg
0.2109,1,T2025_02541.jpg,T2025_01986.jpg
0.1510,1,T2025_02998.jpg,T2025_02015.jpg
0.5143,1,T2025_02627.jpg,T2025_01724.jpg
0.6061,1,T2025_02932.jpg,T2025_02941.jpg
0.8377,0,T2025_01021.jpg,T2025_00189.jpg
0.0136,1,T2025_01645.jpg,T2025_02072.jpg
0.4091,0,T2025_00146.jpg,T2025_00780.jpg
0.8614,0,T2025_01930.jpg,T2025_02781.jpg
0.1881,0,T2025_02662.jpg,T2025_01978.jpg
0.3295,0,T2025_00539.jpg,T2025_01192.jpg
0.5009,0,T2025_02840.jpg,T2025_00039.jpg
0.6293,0,T2025_00692.jpg,T2025_01914.jpg
0.6444,1,T2025_00292.jpg,T2025_02835.jpg
0.5579,1,T2025_02633.jpg,T2025_02895.jpg
0.2111,1,T2025_02944.jpg,T2025_02082.jpg
0.6817,0,T2025_01360.jpg,T2025_00140.jpg
0.3039,1,T2025_01962.jpg,T2025_00567.jpg
0.1977,1,T2025_00253.jpg,T2025_02093.jpg
0.1095,1,T2025_02614.jpg,T2025_02534.jpg
0.1332,1,T2025_01343.jpg,T2025_02927.jpg
0.2804,1,T2025_01716.jpg,T2025_01844.jpg
0.7626,1,T2025_02698.jpg,T2025_02788.jpg
0.6514,0,T2025_02173.jpg,T2025_00585.jpg
0.1648,1,T2025_00246.jpg,T2025_00477.jpg
0.5061,1,T2025_02193.jpg,T2025_02077.jpg
0.0520,0,T2025_02960.jpg,T2025_00146.jpg
0.6926,1,T2025_02687.jpg,T2025_02343.jpg
0.2884,0,T2025_00122.jpg,T2025_02058.jpg
0.1703,1,T2025_00155.jpg,T2025_02165.jpg
0.5506,0,T2025_00653.jpg,T2025_02671.jpg
0.2924,0,T2025_00816.jpg,T2025_00475.jpg
0.4915,1,T2025_01374.jpg,T2025_02611.jpg
0.1114,1,T2025_01256.jpg,T2025_02581.jpg
0.1246,1,T2025_00403.jpg,T2025_00007.jpg
0.3820,0,T2025_00890.jpg,T2025_02239.jpg
0.0605,1,T2025_01457.jpg,T2025_01026.jpg
0.1195,0,T2025_02367.jpg,T2025_03041.jpg
0.1682,0,T2025_02097.jpg,T2025_01388.jpg
0.0131,0,T2025_01928.jpg,T2025_02666.jpg
0.4013,1,T2025_00447.jpg,T2025_00164.jpg
0.1825,0,T2025_01609.jpg,T2025_02523.jpg
0.5803,0,T2025_01680.jpg,T2025_00098.jpg
0.2735,1,T2025_01238.jpg,T2025_01913.jpg
0.1966,0,T2025_02269.jpg,T2025_00085.jpg
0.6279,0,T2025_00653.jpg,T2025_01358.jpg
0.5298,0,T2025_02396.jpg,T2025_00478.jpg
0.3544,1,T2025_00114.jpg,T2025_00950.jpg
0.3912,1,T2025_01651.jpg,T2025_00272.jpg
0.3926,1,T2025_00144.jpg,T2025_00021.jpg
0.6370,0,T2025_00341.jpg,T2025_02569.jpg
-0.1432,1,T2025_00004.jpg,T2025_01799.jpg
0.7058,1,T2025_02417.jpg,T2025_02769.jpg
0.2646,0,T2025_01845.jpg,T2025_00810.jpg
0.1264,1,T2025_00071.jpg,T2025_02186.jpg
0.5900,0,T2025_02791.jpg,T2025_02829.jpg
0.2242,0,T2025_02674.jpg,T2025_01774.jpg
0.4794,1,T2025_00750.jpg,T2025_00597.jpg
0.2658,1,T2025_02926.jpg,T2025_00166.jpg
0.7078,0,T2025_00325.jpg,T2025_01680.jpg
0.1239,0,T2025_01688.jpg,T2025_00977.jpg
0.8449,0,T2025_01220.jpg,T2025_01331.jpg
0.4322,0,T2025_02131.jpg,T2025_00706.jpg
0.1063,0,T2025_00375.jpg,T2025_03000.jpg
0.3593,1,T2025_01670.jpg,T2025_01949.jpg
0.0419,1,T2025_01783.jpg,T2025_01233.jpg
0.2729,0,T2025_01715.jpg,T2025_02800.jpg
0.1800,0,T2025_01858.jpg,T2025_02352.jpg
0.7565,1,T2025_01350.jpg,T2025_01673.jpg
0.4058,1,T2025_01040.jpg,T2025_02759.jpg
0.5515,0,T2025_02183.jpg,T2025_00099.jpg
-0.0196,0,T2025_01568.jpg,T2025_01439.jpg
0.0596,1,T2025_01125.jpg,T2025_01293.jpg
0.3115,0,T2025_00405.jpg,T2025_00537.jpg
0.1744,0,T2025_02472.jpg,T2025_01479.jpg
0.1129,0,T2025_00481.jpg,T2025_00066.jpg
-0.0056,1,T2025_02813.jpg,T2025_03056.jpg
0.1073,0,T2025_01290.jpg,T2025_02724.jpg
0.5313,0,T2025_02145.jpg,T2025_00800.jpg
0.0528,1,T2025_00930.jpg,T2025_00762.jpg
-0.1054,0,T2025_00884.jpg,T2025_01662.jpg
0.9582,1,T2025_02680.jpg,T2025_02468.jpg
0.3328,0,T2025_00516.jpg,T2025_00811.jpg
0.7631,1,T2025_01286.jpg,T2025_02205.jpg
0.2097,1,T2025_02896.jpg,T2025_00196.jpg
0.2590,0,T2025_01959.jpg,T2025_01711.jpg
0.3972,1,T2025_01067.jpg,T2025_02424.jpg
0.8516,0,T2025_00389.jpg,T2025_00652.jpg
0.3271,0,T2025_00261.jpg,T2025_01788.jpg
0.7560,1,T2025_00622.jpg,T2025_01021.jpg
0.0245,1,T2025_01831.jpg,T2025_01564.jpg
1.0000,1,T2025_01208.jpg,T2025_01208.jpg
0.1744,0,T2025_00491.jpg,T2025_01090.jpg
0.1162,0,T2025_01279.jpg,T2025_01817.jpg
0.1794,1,T2025_03025.jpg,T2025_02598.jpg
0.5380,0,T2025_00173.jpg,T2025_02787.jpg
0.5573,0,T2025_03084.jpg,T2025_01095.jpg
0.5389,1,T2025_02754.jpg,T2025_01074.jpg
0.0215,0,T2025_02806.jpg,T2025_00637.jpg
0.2477,0,T2025_00344.jpg,T2025_00088.jpg
-0.0148,1,T2025_02183.jpg,T2025_02561.jpg
0.5570,0,T2025_00651.jpg,T2025_00117.jpg
0.6004,0,T2025_02983.jpg,T2025_02396.jpg
0.0850,0,T2025_02492.jpg,T2025_01792.jpg
0.4340,0,T2025_02749.jpg,T2025_02387.jpg
0.5679,1,T2025_00168.jpg,T2025_01720.jpg
0.2289,1,T2025_01655.jpg,T2025_01134.jpg
0.1556,0,T2025_00342.jpg,T2025_01984.jpg
0.0819,0,T2025_00323.jpg,T2025_01114.jpg
0.3761,1,T2025_00794.jpg,T2025_02755.jpg
0.1901,0,T2025_01474.jpg,T2025_00593.jpg
0.0040,1,T2025_00936.jpg,T2025_00392.jpg
0.4634,1,T2025_01003.jpg,T2025_00027.jpg
0.4388,0,T2025_02041.jpg,T2025_01280.jpg
0.6161,0,T2025_02294.jpg,T2025_01661.jpg
0.1120,0,T2025_02837.jpg,T2025_02639.jpg
0.1141,1,T2025_01039.jpg,T2025_00590.jpg
0.4710,0,T2025_00383.jpg,T2025_02456.jpg
0.4362,1,T2025_01500.jpg,T2025_00205.jpg
0.0909,0,T2025_02272.jpg,T2025_00433.jpg
0.0617,0,T2025_02042.jpg,T2025_01379.jpg
0.3658,0,T2025_02494.jpg,T2025_02044.jpg
0.2722,0,T2025_02985.jpg,T2025_02702.jpg
0.3999,0,T2025_01653.jpg,T2025_00146.jpg
0.6820,1,T2025_00693.jpg,T2025_02160.jpg
0.7740,1,T2025_00617.jpg,T2025_00860.jpg
0.1804,1,T2025_02841.jpg,T2025_01986.jpg
0.1471,0,T2025_01163.jpg,T2025_02864.jpg
0.5271,0,T2025_00765.jpg,T2025_02179.jpg
0.5851,1,T2025_02421.jpg,T2025_00424.jpg
0.5113,1,T2025_02698.jpg,T2025_00397.jpg
0.6139,0,T2025_01569.jpg,T2025_02914.jpg
0.6947,0,T2025_02272.jpg,T2025_01846.jpg
0.3285,1,T2025_00404.jpg,T2025_01717.jpg
0.4054,1,T2025_01940.jpg,T2025_01283.jpg
0.4580,1,T2025_02846.jpg,T2025_00389.jpg
0.0711,0,T2025_01857.jpg,T2025_01332.jpg
0.1056,1,T2025_00918.jpg,T2025_01098.jpg
0.4313,0,T2025_00988.jpg,T2025_01110.jpg
0.1091,1,T2025_01502.jpg,T2025_02515.jpg
0.1210,1,T2025_02937.jpg,T2025_02334.jpg
0.7070,1,T2025_03062.jpg,T2025_02248.jpg
0.1932,1,T2025_01715.jpg,T2025_00689.jpg
0.6477,0,T2025_02847.jpg,T2025_00962.jpg
0.0128,1,T2025_02498.jpg,T2025_00424.jpg
0.7059,1,T2025_00899.jpg,T2025_00241.jpg
0.4888,0,T2025_01246.jpg,T2025_01852.jpg
0.4563,1,T2025_02244.jpg,T2025_00917.jpg
0.7753,1,T2025_00159.jpg,T2025_02368.jpg
0.6224,1,T2025_00136.jpg,T2025_00362.jpg
0.4436,1,T2025_01614.jpg,T2025_01409.jpg
0.0313,1,T2025_02075.jpg,T2025_00471.jpg
0.2083,1,T2025_02720.jpg,T2025_02004.jpg
0.0607,0,T2025_00043.jpg,T2025_01881.jpg
0.1629,1,T2025_00146.jpg,T2025_02446.jpg
0.4149,0,T2025_00199.jpg,T2025_02907.jpg
0.2442,0,T2025_00870.jpg,T2025_01918.jpg
0.0957,0,T2025_02218.jpg,T2025_00654.jpg
0.3049,1,T2025_01578.jpg,T2025_00664.jpg
0.2153,0,T2025_01458.jpg,T2025_01420.jpg
0.1927,1,T2025_02810.jpg,T2025_02874.jpg
0.0673,1,T2025_00099.jpg,T2025_01175.jpg
0.0507,0,T2025_00468.jpg,T2025_00142.jpg
0.2087,0,T2025_02697.jpg,T2025_01506.jpg
0.3756,1,T2025_01709.jpg,T2025_01217.jpg
0.4693,1,T2025_01210.jpg,T2025_01050.jpg
0.2698,1,T2025_02942.jpg,T2025_00929.jpg
0.6703,0,T2025_01304.jpg,T2025_02854.jpg
0.2390,0,T2025_01615.jpg,T2025_01129.jpg
0.2581,1,T2025_01108.jpg,T2025_00745.jpg
0.2163,0,T2025_00572.jpg,T2025_01970.jpg
0.2032,0,T2025_00098.jpg,T2025_03064.jpg
0.0483,0,T2025_01696.jpg,T2025_01930.jpg
0.0409,0,T2025_02956.jpg,T2025_00435.jpg
0.2562,1,T2025_00225.jpg,T2025_01165.jpg
0.2573,0,T2025_01911.jpg,T2025_01423.jpg
0.3694,1,T2025_00086.jpg,T2025_00431.jpg
0.1714,1,T2025_02405.jpg,T2025_02235.jpg
-0.0153,1,T2025_00421.jpg,T2025_00624.jpg
0.0174,1,T2025_01901.jpg,T2025_00327.jpg
0.4560,1,T2025_00272.jpg,T2025_01166.jpg
0.1867,1,T2025_00085.jpg,T2025_00011.jpg
0.1304,1,T2025_01654.jpg,T2025_00756.jpg
0.5643,1,T2025_01560.jpg,T2025_00426.jpg
0.0360,1,T2025_00033.jpg,T2025_00199.jpg
0.5945,1,T2025_03007.jpg,T2025_00385.jpg
0.6262,1,T2025_02107.jpg,T2025_02152.jpg
0.6653,0,T2025_01656.jpg,T2025_01749.jpg
0.5274,1,T2025_01641.jpg,T2025_01490.jpg
0.3494,1,T2025_00717.jpg,T2025_02146.jpg
-0.0338,1,T2025_01531.jpg,T2025_00059.jpg
0.3190,1,T2025_01094.jpg,T2025_02306.jpg
0.1067,1,T2025_00670.jpg,T2025_01568.jpg
0.7200,0,T2025_02472.jpg,T2025_00189.jpg
0.2673,1,T2025_02211.jpg,T2025_02165.jpg
0.2574,1,T2025_02998.jpg,T2025_00909.jpg
0.6573,0,T2025_00376.jpg,T2025_02280.jpg
0.1373,0,T2025_02069.jpg,T2025_01458.jpg
0.2656,1,T2025_03069.jpg,T2025_02361.jpg
0.6943,0,T2025_01913.jpg,T2025_02567.jpg
0.4192,1,T2025_00802.jpg,T2025_03036.jpg
0.5060,1,T2025_01538.jpg,T2025_02667.jpg
0.6152,0,T2025_01567.jpg,T2025_02912.jpg
0.1461,0,T2025_01550.jpg,T2025_02745.jpg
0.3099,0,T2025_01058.jpg,T2025_02912.jpg
0.5650,0,T2025_00764.jpg,T2025_02969.jpg
0.4402,0,T2025_02723.jpg,T2025_01945.jpg
0.1521,1,T2025_02957.jpg,T2025_00537.jpg
0.1800,1,T2025_01052.jpg,T2025_02434.jpg
0.1453,0,T2025_02282.jpg,T2025_00100.jpg
0.1274,1,T2025_02125.jpg,T2025_01370.jpg
0.4999,0,T2025_02906.jpg,T2025_00110.jpg
-0.1837,1,T2025_02337.jpg,T2025_01402.jpg
0.6398,0,T2025_01587.jpg,T2025_01079.jpg
0.2723,1,T2025_01950.jpg,T2025_00205.jpg
0.4514,1,T2025_00681.jpg,T2025_02816.jpg
0.6332,0,T2025_00933.jpg,T2025_00209.jpg
-0.0314,0,T2025_02781.jpg,T2025_01078.jpg
0.1391,0,T2025_01435.jpg,T2025_02735.jpg
0.8581,1,T2025_00936.jpg,T2025_02026.jpg
0.3525,0,T2025_00539.jpg,T2025_00451.jpg
0.1545,1,T2025_01517.jpg,T2025_01161.jpg
0.1668,0,T2025_01791.jpg,T2025_01328.jpg
0.3998,0,T2025_00890.jpg,T2025_01644.jpg
0.5781,1,T2025_02057.jpg,T2025_02685.jpg
0.2570,1,T2025_00544.jpg,T2025_02360.jpg
0.6002,0,T2025_01385.jpg,T2025_02552.jpg
0.2564,1,T2025_00300.jpg,T2025_03089.jpg
0.1890,1,T2025_02874.jpg,T2025_01726.jpg
0.0334,0,T2025_02144.jpg,T2025_02441.jpg
0.2282,0,T2025_00747.jpg,T2025_00434.jpg
0.3847,0,T2025_02711.jpg,T2025_01815.jpg
0.0228,1,T2025_02529.jpg,T2025_00769.jpg
0.0127,0,T2025_00811.jpg,T2025_00134.jpg
0.6806,1,T2025_00291.jpg,T2025_00829.jpg
0.1982,1,T2025_02440.jpg,T2025_00809.jpg
-0.0364,1,T2025_00184.jpg,T2025_01477.jpg
0.1540,1,T2025_02854.jpg,T2025_01557.jpg
0.0592,1,T2025_01771.jpg,T2025_00161.jpg
0.0630,1,T2025_00833.jpg,T2025_00452.jpg
0.3225,0,T2025_02616.jpg,T2025_02632.jpg
0.5993,1,T2025_02762.jpg,T2025_02754.jpg
0.0733,0,T2025_01551.jpg,T2025_01724.jpg
0.5317,0,T2025_02288.jpg,T2025_00467.jpg
0.7651,1,T2025_02032.jpg,T2025_02078.jpg
1.0000,0,T2025_01661.jpg,T2025_01661.jpg
0.5459,1,T2025_02248.jpg,T2025_02358.jpg
0.5654,1,T2025_00363.jpg,T2025_00164.jpg
0.6740,0,T2025_02809.jpg,T2025_03069.jpg
0.2595,1,T2025_01398.jpg,T2025_03074.jpg
0.8021,1,T2025_01857.jpg,T2025_01426.jpg
0.5103,1,T2025_01438.jpg,T2025_00522.jpg
0.2509,1,T2025_01595.jpg,T2025_00860.jpg
0.3411,0,T2025_02070.jpg,T2025_02393.jpg
0.3885,0,T2025_02744.jpg,T2025_01105.jpg
0.2082,1,T2025_00832.jpg,T2025_01627.jpg
0.2974,0,T2025_02395.jpg,T2025_01706.jpg
0.0856,0,T2025_01907.jpg,T2025_00583.jpg
0.0600,1,T2025_00207.jpg,T2025_01217.jpg
0.2658,0,T2025_02217.jpg,T2025_01466.jpg
0.6282,1,T2025_00022.jpg,T2025_01684.jpg
0.8149,1,T2025_02765.jpg,T2025_01099.jpg
0.1656,0,T2025_00605.jpg,T2025_01076.jpg
0.2871,0,T2025_02550.jpg,T2025_01935.jpg
0.7895,0,T2025_02868.jpg,T2025_01650.jpg
0.0406,0,T2025_01244.jpg,T2025_02284.jpg
0.2791,0,T2025_00700.jpg,T2025_01022.jpg
0.2320,1,T2025_01995.jpg,T2025_01429.jpg
0.2890,0,T2025_01663.jpg,T2025_01644.jpg
0.0957,0,T2025_02308.jpg,T2025_00632.jpg
0.2374,1,T2025_02755.jpg,T2025_01462.jpg
0.3798,1,T2025_01811.jpg,T2025_01616.jpg
0.1866,0,T2025_01820.jpg,T2025_01120.jpg
0.8003,1,T2025_02690.jpg,T2025_01685.jpg
0.0346,0,T2025_02756.jpg,T2025_02583.jpg
-0.0676,0,T2025_00942.jpg,T2025_01979.jpg
0.0978,1,T2025_02355.jpg,T2025_02817.jpg
0.3178,0,T2025_00234.jpg,T2025_02847.jpg
0.8490,0,T2025_00153.jpg,T2025_02367.jpg
0.3977,1,T2025_01818.jpg,T2025_00135.jpg
0.4414,1,T2025_00687.jpg,T2025_00298.jpg
0.3247,0,T2025_00402.jpg,T2025_02267.jpg
0.0568,1,T2025_02696.jpg,T2025_01002.jpg
0.0814,1,T2025_01598.jpg,T2025_00057.jpg
0.1029,1,T2025_00255.jpg,T2025_01867.jpg
1.0000,1,T2025_01035.jpg,T2025_01035.jpg
0.0640,0,T2025_01703.jpg,T2025_02106.jpg
0.5524,1,T2025_01392.jpg,T2025_01393.jpg
-0.0283,1,T2025_02937.jpg,T2025_02047.jpg
0.4933,0,T2025_02261.jpg,T2025_00353.jpg
0.3936,0,T2025_00188.jpg,T2025_01597.jpg
0.3961,1,T2025_01134.jpg,T2025_00319.jpg
0.0312,0,T2025_02691.jpg,T2025_00672.jpg
0.3362,1,T2025_01020.jpg,T2025_02225.jpg
0.6855,0,T2025_00439.jpg,T2025_02906.jpg
-0.0647,0,T2025_02426.jpg,T2025_00254.jpg
0.6995,1,T2025_01605.jpg,T2025_00201.jpg
0.7565,0,T2025_01142.jpg,T2025_02089.jpg
0.3044,0,T2025_02102.jpg,T2025_01788.jpg
0.4077,1,T2025_00570.jpg,T2025_00595.jpg
0.1800,1,T2025_01501.jpg,T2025_00922.jpg
0.6130,1,T2025_00214.jpg,T2025_00028.jpg
0.2316,0,T2025_02623.jpg,T2025_00967.jpg
0.0422,1,T2025_01601.jpg,T2025_01720.jpg
0.2255,0,T2025_02930.jpg,T2025_01084.jpg
0.3125,1,T2025_00771.jpg,T2025_00037.jpg
0.1006,0,T2025_02285.jpg,T2025_02465.jpg
0.4453,0,T2025_00835.jpg,T2025_02328.jpg
0.6768,1,T2025_02313.jpg,T2025_01885.jpg
0.2900,0,T2025_01727.jpg,T2025_02797.jpg
-0.0107,0,T2025_02839.jpg,T2025_02397.jpg
0.4491,1,T2025_00395.jpg,T2025_01203.jpg
0.1350,0,T2025_01386.jpg,T2025_00806.jpg
0.6671,1,T2025_01248.jpg,T2025_01209.jpg
0.0264,0,T2025_02789.jpg,T2025_02707.jpg
0.6381,0,T2025_02656.jpg,T2025_02687.jpg
0.3907,0,T2025_03071.jpg,T2025_02559.jpg
0.6837,0,T2025_01383.jpg,T2025_02741.jpg
0.2799,0,T2025_00958.jpg,T2025_02644.jpg
0.0885,0,T2025_02652.jpg,T2025_01468.jpg
0.1309,1,T2025_01019.jpg,T2025_02937.jpg
0.0126,1,T2025_01462.jpg,T2025_01201.jpg
0.1049,0,T2025_02311.jpg,T2025_03060.jpg
0.2716,1,T2025_03031.jpg,T2025_01702.jpg
0.3189,1,T2025_00493.jpg,T2025_00988.jpg
0.2286,1,T2025_00774.jpg,T2025_02907.jpg
0.1318,0,T2025_01405.jpg,T2025_01765.jpg
0.3534,1,T2025_00752.jpg,T2025_02340.jpg
0.4381,1,T2025_00374.jpg,T2025_01729.jpg
0.6900,0,T2025_02525.jpg,T2025_01558.jpg
0.5236,0,T2025_01634.jpg,T2025_01668.jpg
0.7846,0,T2025_01798.jpg,T2025_00839.jpg
0.0827,1,T2025_01677.jpg,T2025_00086.jpg
0.7030,0,T2025_00129.jpg,T2025_00429.jpg
0.0410,1,T2025_01308.jpg,T2025_03058.jpg
0.5891,1,T2025_00447.jpg,T2025_02959.jpg
0.5834,0,T2025_00406.jpg,T2025_02182.jpg
0.3279,1,T2025_02728.jpg,T2025_00513.jpg
0.1163,1,T2025_02745.jpg,T2025_00746.jpg
0.8104,1,T2025_00953.jpg,T2025_02121.jpg
0.3399,0,T2025_02846.jpg,T2025_01918.jpg
-0.1812,0,T2025_02336.jpg,T2025_02544.jpg
0.6718,1,T2025_00373.jpg,T2025_01495.jpg
0.0394,0,T2025_01429.jpg,T2025_01794.jpg
0.3932,1,T2025_02569.jpg,T2025_00499.jpg
-0.0880,1,T2025_02010.jpg,T2025_01359.jpg
0.2369,0,T2025_01978.jpg,T2025_01029.jpg
0.4291,1,T2025_01543.jpg,T2025_02300.jpg
0.5035,0,T2025_01844.jpg,T2025_02961.jpg
-0.0942,1,T2025_02261.jpg,T2025_00861.jpg
0.0043,0,T2025_01218.jpg,T2025_02501.jpg
0.4193,1,T2025_02704.jpg,T2025_03070.jpg
0.3505,1,T2025_02013.jpg,T2025_00350.jpg
0.2105,1,T2025_02697.jpg,T2025_02511.jpg
0.3916,0,T2025_02036.jpg,T2025_02739.jpg
0.3899,0,T2025_01413.jpg,T2025_02490.jpg
0.6624,1,T2025_02373.jpg,T2025_03063.jpg
0.5869,0,T2025_01312.jpg,T2025_01536.jpg
0.0752,1,T2025_00446.jpg,T2025_02239.jpg
0.2214,1,T2025_01227.jpg,T2025_01211.jpg
0.3315,0,T2025_02077.jpg,T2025_01321.jpg
0.6284,0,T2025_01827.jpg,T2025_01420.jpg
0.8190,1,T2025_01610.jpg,T2025_00515.jpg
0.2066,0,T2025_02706.jpg,T2025_02149.jpg
0.1026,1,T2025_00764.jpg,T2025_02390.jpg
0.3947,0,T2025_01555.jpg,T2025_02283.jpg
0.8106,1,T2025_02868.jpg,T2025_00384.jpg
0.1812,0,T2025_01453.jpg,T2025_02902.jpg
0.8381,1,T2025_01413.jpg,T2025_02584.jpg
0.1529,1,T2025_00054.jpg,T2025_00421.jpg
0.4751,1,T2025_00580.jpg,T2025_01988.jpg
0.4541,0,T2025_00273.jpg,T2025_00455.jpg
0.6345,0,T2025_02919.jpg,T2025_02836.jpg
0.6075,1,T2025_02394.jpg,T2025_00677.jpg
0.4872,0,T2025_02128.jpg,T2025_00551.jpg
0.0847,0,T2025_02169.jpg,T2025_00019.jpg
0.5981,1,T2025_02013.jpg,T2025_02212.jpg
0.0630,0,T2025_02180.jpg,T2025_00310.jpg
0.0594,0,T2025_00247.jpg,T2025_01612.jpg
0.6597,1,T2025_01585.jpg,T2025_02353.jpg
0.0208,1,T2025_02989.jpg,T2025_02587.jpg
0.1768,0,T2025_02075.jpg,T2025_01055.jpg
0.2783,0,T2025_00219.jpg,T2025_00858.jpg
0.2045,0,T2025_01880.jpg,T2025_01003.jpg
0.4856,0,T2025_02567.jpg,T2025_00430.jpg
0.3030,0,T2025_02988.jpg,T2025_00276.jpg
0.1571,1,T2025_00592.jpg,T2025_03104.jpg
0.3921,0,T2025_00963.jpg,T2025_01977.jpg
-0.0985,0,T2025_01364.jpg,T2025_00568.jpg
0.4622,1,T2025_02708.jpg,T2025_01031.jpg
0.1760,0,T2025_00341.jpg,T2025_01488.jpg
0.8401,0,T2025_01864.jpg,T2025_02209.jpg
0.0323,0,T2025_01216.jpg,T2025_00687.jpg
0.1251,1,T2025_02736.jpg,T2025_00402.jpg
0.3633,0,T2025_00843.jpg,T2025_01358.jpg
0.1245,0,T2025_00116.jpg,T2025_01183.jpg
0.0059,0,T2025_02218.jpg,T2025_02569.jpg
0.4852,0,T2025_00053.jpg,T2025_01368.jpg
0.5770,1,T2025_00668.jpg,T2025_02240.jpg
-0.0304,1,T2025_01765.jpg,T2025_00166.jpg
0.2326,0,T2025_01005.jpg,T2025_00910.jpg
0.5977,1,T2025_00256.jpg,T2025_00781.jpg
0.4361,1,T2025_01016.jpg,T2025_00001.jpg
0.5046,0,T2025_02767.jpg,T2025_01751.jpg
0.4619,0,T2025_00750.jpg,T2025_00030.jpg
0.2613,1,T2025_02260.jpg,T2025_01671.jpg
0.0989,0,T2025_00410.jpg,T2025_00913.jpg
0.3748,1,T2025_01651.jpg,T2025_01470.jpg
0.4899,0,T2025_02487.jpg,T2025_00583.jpg
0.0973,0,T2025_01473.jpg,T2025_02864.jpg
0.8615,1,T2025_02289.jpg,T2025_02890.jpg
0.5552,1,T2025_01928.jpg,T2025_00717.jpg
0.4178,1,T2025_01403.jpg,T2025_01679.jpg
0.7417,1,T2025_01862.jpg,T2025_02755.jpg
0.4833,1,T2025_01568.jpg,T2025_02421.jpg
0.2379,0,T2025_01739.jpg,T2025_02820.jpg
0.4147,0,T2025_01625.jpg,T2025_01211.jpg
0.3964,0,T2025_00109.jpg,T2025_02090.jpg
0.3217,1,T2025_00534.jpg,T2025_02242.jpg
0.0649,1,T2025_01487.jpg,T2025_00622.jpg
0.0131,0,T2025_01312.jpg,T2025_02766.jpg
0.2846,0,T2025_02754.jpg,T2025_01655.jpg
0.6793,0,T2025_02756.jpg,T2025_01486.jpg
0.1656,1,T2025_00548.jpg,T2025_00284.jpg
0.2603,0,T2025_01660.jpg,T2025_02803.jpg
0.2221,1,T2025_00577.jpg,T2025_02279.jpg
0.1206,0,T2025_01278.jpg,T2025_02902.jpg
0.1260,1,T2025_00268.jpg,T2025_03033.jpg
0.1719,0,T2025_03010.jpg,T2025_01671.jpg
0.2619,1,T2025_01441.jpg,T2025_02325.jpg
0.1175,0,T2025_01514.jpg,T2025_00223.jpg
0.6399,1,T2025_02955.jpg,T2025_00777.jpg
0.4593,0,T2025_02806.jpg,T2025_02542.jpg
0.0061,1,T2025_00727.jpg,T2025_00525.jpg
0.1053,0,T2025_03026.jpg,T2025_02785.jpg
0.4312,0,T2025_00003.jpg,T2025_01783.jpg
0.0753,1,T2025_01555.jpg,T2025_02951.jpg
0.2236,1,T2025_02931.jpg,T2025_00434.jpg
0.2991,1,T2025_03008.jpg,T2025_00361.jpg
0.5096,0,T2025_01808.jpg,T2025_02686.jpg
0.0275,1,T2025_00087.jpg,T2025_02933.jpg
0.7099,0,T2025_00862.jpg,T2025_02567.jpg
0.4139,1,T2025_00084.jpg,T2025_01868.jpg
0.1696,0,T2025_02922.jpg,T2025_01305.jpg
0.1055,1,T2025_01824.jpg,T2025_00106.jpg
0.0756,1,T2025_02627.jpg,T2025_01415.jpg
-0.0065,1,T2025_00856.jpg,T2025_00934.jpg
0.8734,0,T2025_00283.jpg,T2025_02231.jpg
0.2519,1,T2025_02661.jpg,T2025_02249.jpg
0.2868,1,T2025_00385.jpg,T2025_02946.jpg
0.8234,0,T2025_03011.jpg,T2025_01704.jpg
0.1628,1,T2025_01299.jpg,T2025_02087.jpg
0.7612,0,T2025_02970.jpg,T2025_01274.jpg
0.0879,0,T2025_01907.jpg,T2025_01110.jpg
0.1911,0,T2025_03010.jpg,T2025_01933.jpg
0.0395,1,T2025_01489.jpg,T2025_01681.jpg
0.4222,0,T2025_01339.jpg,T2025_01198.jpg
0.2340,0,T2025_01778.jpg,T2025_02162.jpg
0.5641,0,T2025_02145.jpg,T2025_00994.jpg
0.4395,1,T2025_01095.jpg,T2025_01354.jpg
0.1482,1,T2025_02409.jpg,T2025_02927.jpg
0.3308,1,T2025_02325.jpg,T2025_01262.jpg
0.1911,0,T2025_00238.jpg,T2025_00586.jpg
0.0796,1,T2025_03040.jpg,T2025_00199.jpg
0.6590,1,T2025_00726.jpg,T2025_00804.jpg
-0.0289,1,T2025_00020.jpg,T2025_01907.jpg
0.4881,1,T2025_00061.jpg,T2025_01118.jpg
0.5213,0,T2025_01907.jpg,T2025_02434.jpg
0.1920,1,T2025_00873.jpg,T2025_01690.jpg
0.2947,0,T2025_03006.jpg,T2025_00869.jpg
0.2533,1,T2025_00968.jpg,T2025_00533.jpg
0.1335,1,T2025_00965.jpg,T2025_00812.jpg
0.7801,0,T2025_02085.jpg,T2025_01273.jpg
0.7467,1,T2025_00555.jpg,T2025_01911.jpg
0.1197,0,T2025_00611.jpg,T2025_01774.jpg
0.2550,1,T2025_02968.jpg,T2025_00287.jpg
0.2010,1,T2025_00962.jpg,T2025_00202.jpg
0.2708,1,T2025_01596.jpg,T2025_02671.jpg
0.1144,1,T2025_00455.jpg,T2025_02489.jpg
0.0287,1,T2025_01092.jpg,T2025_00885.jpg
0.4518,1,T2025_02152.jpg,T2025_02063.jpg
0.2606,1,T2025_02655.jpg,T2025_01072.jpg
-0.1054,1,T2025_02995.jpg,T2025_00535.jpg
0.0817,1,T2025_00403.jpg,T2025_02983.jpg
-0.0242,1,T2025_00088.jpg,T2025_00790.jpg
0.3591,1,T2025_02045.jpg,T2025_02241.jpg
0.3284,0,T2025_00822.jpg,T2025_00111.jpg
-0.0392,0,T2025_01889.jpg,T2025_00858.jpg
0.3802,1,T2025_01221.jpg,T2025_00144.jpg
0.6404,0,T2025_01896.jpg,T2025_00101.jpg
0.1745,0,T2025_01714.jpg,T2025_01851.jpg
0.6105,0,T2025_02334.jpg,T2025_01845.jpg
0.2637,1,T2025_02636.jpg,T2025_00506.jpg
0.6967,1,T2025_00092.jpg,T2025_00957.jpg
0.0552,1,T2025_03030.jpg,T2025_00862.jpg
0.0007,1,T2025_00375.jpg,T2025_02873.jpg
1.0000,1,T2025_02639.jpg,T2025_02639.jpg
0.2998,0,T2025_02106.jpg,T2025_02655.jpg
0.9506,1,T2025_00008.jpg,T2025_02013.jpg
0.1273,0,T2025_01393.jpg,T2025_02562.jpg
0.0354,0,T2025_02771.jpg,T2025_01589.jpg
-0.1616,0,T2025_00506.jpg,T2025_02196.jpg
0.6296,0,T2025_02409.jpg,T2025_02588.jpg
0.3329,1,T2025_02454.jpg,T2025_00842.jpg
0.3810,0,T2025_02534.jpg,T2025_00494.jpg
0.4684,1,T2025_00091.jpg,T2025_01830.jpg
0.2894,1,T2025_00415.jpg,T2025_02013.jpg
0.0191,0,T2025_02017.jpg,T2025_01477.jpg
0.4058,1,T2025_01254.jpg,T2025_01086.jpg
0.4907,0,T2025_01896.jpg,T2025_02436.jpg
0.0711,1,T2025_00123.jpg,T2025_01482.jpg
0.2552,0,T2025_00235.jpg,T2025_02467.jpg
0.0624,0,T2025_01089.jpg,T2025_01299.jpg
1.0000,1,T2025_02893.jpg,T2025_02893.jpg
0.6559,1,T2025_01112.jpg,T2025_02679.jpg
0.5704,0,T2025_02198.jpg,T2025_01119.jpg
0.1449,1,T2025_00864.jpg,T2025_01748.jpg
0.0677,1,T2025_01965.jpg,T2025_02637.jpg
0.6699,0,T2025_03017.jpg,T2025_03087.jpg
0.2039,0,T2025_02993.jpg,T2025_00388.jpg
0.2221,0,T2025_02575.jpg,T2025_02003.jpg
0.3595,0,T2025_00800.jpg,T2025_02182.jpg
0.4093,0,T2025_00242.jpg,T2025_02648.jpg
0.5717,0,T2025_02028.jpg,T2025_01889.jpg
0.2283,1,T2025_00688.jpg,T2025_01081.jpg
0.2002,1,T2025_01113.jpg,T2025_02348.jpg
0.4403,1,T2025_00302.jpg,T2025_01195.jpg
-0.0558,1,T2025_02747.jpg,T2025_00591.jpg
0.5261,0,T2025_00390.jpg,T2025_00495.jpg
0.6894,1,T2025_00689.jpg,T2025_01120.jpg
0.1205,1,T2025_00190.jpg,T2025_02880.jpg
0.2464,0,T2025_01686.jpg,T2025_01398.jpg
0.6820,0,T2025_00032.jpg,T2025_01047.jpg
-0.0034,0,T2025_00676.jpg,T2025_00001.jpg
0.0486,1,T2025_02567.jpg,T2025_00426.jpg
0.0697,1,T2025_01877.jpg,T2025_00716.jpg
0.5144,1,T2025_01248.jpg,T2025_02474.jpg
0.0811,0,T2025_02301.jpg,T2025_02294.jpg
0.3518,0,T2025_02332.jpg,T2025_02179.jpg
0.4392,0,T2025_00964.jpg,T2025_02710.jpg
0.0773,1,T2025_01670.jpg,T2025_02683.jpg
0.5787,0,T2025_01755.jpg,T2025_01482.jpg
0.0954,0,T2025_02096.jpg,T2025_00129.jpg
0.5610,0,T2025_01236.jpg,T2025_02791.jpg
0.2076,1,T2025_00923.jpg,T2025_02706.jpg
0.2330,1,T2025_01445.jpg,T2025_01976.jpg
0.4131,0,T2025_02405.jpg,T2025_02942.jpg
0.6633,1,T2025_03008.jpg,T2025_02662.jpg
0.5330,1,T2025_01479.jpg,T2025_01535.jpg
0.2254,0,T2025_02568.jpg,T2025_01016.jpg
0.0457,0,T2025_02063.jpg,T2025_02688.jpg
0.3097,1,T2025_02945.jpg,T2025_02374.jpg
0.2756,0,T2025_00938.jpg,T2025_02510.jpg
0.2998,0,T2025_00711.jpg,T2025_02236.jpg
0.3181,0,T2025_01574.jpg,T2025_01204.jpg
-0.0221,1,T2025_00345.jpg,T2025_01501.jpg
0.1599,1,T2025_02180.jpg,T2025_01754.jpg
0.3610,1,T2025_02649.jpg,T2025_01017.jpg
0.1567,0,T2025_01509.jpg,T2025_00184.jpg
0.4266,0,T2025_02900.jpg,T2025_02989.jpg
0.2153,0,T2025_02035.jpg,T2025_00186.jpg
0.1988,1,T2025_01239.jpg,T2025_00959.jpg
0.6388,1,T2025_01456.jpg,T2025_00062.jpg
0.3555,1,T2025_00497.jpg,T2025_02553.jpg
0.0885,0,T2025_02263.jpg,T2025_01840.jpg
0.6707,0,T2025_02725.jpg,T2025_01783.jpg
0.1297,1,T2025_03010.jpg,T2025_01137.jpg
0.4961,0,T2025_00521.jpg,T2025_00474.jpg
0.3218,0,T2025_02118.jpg,T2025_00963.jpg
0.1274,0,T2025_03043.jpg,T2025_00283.jpg
0.5644,1,T2025_02038.jpg,T2025_00676.jpg
0.4650,0,T2025_02167.jpg,T2025_02260.jpg
0.0393,1,T2025_01184.jpg,T2025_00836.jpg
0.4607,1,T2025_02378.jpg,T2025_00660.jpg
0.0824,0,T2025_00887.jpg,T2025_01338.jpg
0.8171,1,T2025_02733.jpg,T2025_00029.jpg
0.0429,0,T2025_01738.jpg,T2025_02215.jpg
0.2674,1,T2025_00686.jpg,T2025_00692.jpg
0.1375,1,T2025_00865.jpg,T2025_00474.jpg
0.0148,0,T2025_01326.jpg,T2025_00030.jpg
0.6156,0,T2025_02324.jpg,T2025_03045.jpg
0.0876,1,T2025_00290.jpg,T2025_01307.jpg
0.5034,0,T2025_00886.jpg,T2025_01069.jpg
0.8177,1,T2025_00756.jpg,T2025_02580.jpg
0.1199,1,T2025_00110.jpg,T2025_00682.jpg
0.1838,1,T2025_00103.jpg,T2025_00650.jpg
0.3332,0,T2025_00474.jpg,T2025_02615.jpg
0.0213,1,T2025_02060.jpg,T2025_00461.jpg
0.2435,1,T2025_00799.jpg,T2025_01343.jpg
0.4886,0,T2025_01645.jpg,T2025_02462.jpg
0.4955,1,T2025_02171.jpg,T2025_01600.jpg
0.8496,0,T2025_00215.jpg,T2025_01354.jpg
0.5444,1,T2025_02594.jpg,T2025_00261.jpg
-0.1883,0,T2025_02207.jpg,T2025_02548.jpg
0.4592,1,T2025_02494.jpg,T2025_00129.jpg
0.1649,1,T2025_00950.jpg,T2025_02982.jpg
0.3557,0,T2025_02985.jpg,T2025_02067.jpg
0.8353,0,T2025_00188.jpg,T2025_02056.jpg
0.1559,0,T2025_02731.jpg,T2025_01821.jpg
0.4871,0,T2025_02892.jpg,T2025_01934.jpg
0.0732,1,T2025_01177.jpg,T2025_01921.jpg
0.5294,0,T2025_00832.jpg,T2025_00365.jpg
0.0013,0,T2025_01289.jpg,T2025_00902.jpg
-0.0698,0,T2025_01563.jpg,T2025_02103.jpg
0.1793,1,T2025_00413.jpg,T2025_00009.jpg
-0.0922,0,T2025_00750.jpg,T2025_01871.jpg
0.0798,1,T2025_01973.jpg,T2025_01664.jpg
0.4197,1,T2025_00318.jpg,T2025_01833.jpg
0.4291,0,T2025_02601.jpg,T2025_02220.jpg
0.5576,1,T2025_02359.jpg,T2025_02633.jpg
0.1510,1,T2025_01297.jpg,T2025_00773.jpg
0.6233,0,T2025_01373.jpg,T2025_02254.jpg
0.2970,0,T2025_00851.jpg,T2025_01655.jpg
0.0957,1,T2025_02764.jpg,T2025_00174.jpg
0.3081,1,T2025_00638.jpg,T2025_02473.jpg
0.2467,1,T2025_00044.jpg,T2025_01315.jpg
0.0111,0,T2025_02826.jpg,T2025_00965.jpg
0.0201,0,T2025_01753.jpg,T2025_02610.jpg
0.2355,1,T2025_03067.jpg,T2025_01108.jpg
0.3138,0,T2025_02743.jpg,T2025_02072.jpg
0.1842,1,T2025_02323.jpg,T2025_01055.jpg
0.1090,0,T2025_02009.jpg,T2025_02206.jpg
0.1158,0,T2025_03076.jpg,T2025_01782.jpg
0.5638,0,T2025_01792.jpg,T2025_03040.jpg
0.0718,1,T2025_02081.jpg,T2025_00938.jpg
0.3874,0,T2025_01875.jpg,T2025_00825.jpg
0.6416,0,T2025_00048.jpg,T2025_02221.jpg
0.4218,0,T2025_02650.jpg,T2025_01541.jpg
0.4950,0,T2025_01557.jpg,T2025_00450.jpg
0.1632,1,T2025_01715.jpg,T2025_02125.jpg
0.1214,1,T2025_02523.jpg,T2025_02756.jpg
0.3778,0,T2025_00533.jpg,T2025_02180.jpg
0.4644,1,T2025_02710.jpg,T2025_01922.jpg
0.8252,0,T2025_02915.jpg,T2025_02591.jpg
0.1172,1,T2025_01950.jpg,T2025_03027.jpg
0.2160,1,T2025_00439.jpg,T2025_00893.jpg
0.2540,1,T2025_00945.jpg,T2025_01125.jpg
0.5774,1,T2025_00691.jpg,T2025_00257.jpg
0.3928,1,T2025_02725.jpg,T2025_00248.jpg
0.4476,0,T2025_01109.jpg,T2025_00650.jpg
0.6189,0,T2025_01737.jpg,T2025_02138.jpg
0.4889,0,T2025_03041.jpg,T2025_02085.jpg
0.1659,1,T2025_01245.jpg,T2025_02596.jpg
0.0874,0,T2025_01964.jpg,T2025_01205.jpg
0.5024,0,T2025_02224.jpg,T2025_02613.jpg
0.7898,0,T2025_00684.jpg,T2025_02500.jpg
-0.0548,1,T2025_01008.jpg,T2025_00441.jpg
0.1382,0,T2025_00475.jpg,T2025_01560.jpg
0.1872,0,T2025_01645.jpg,T2025_02901.jpg
0.1851,0,T2025_00538.jpg,T2025_01844.jpg
0.6895,0,T2025_00541.jpg,T2025_00651.jpg
0.6159,0,T2025_01389.jpg,T2025_02627.jpg
0.3532,1,T2025_01477.jpg,T2025_00060.jpg
-0.0035,1,T2025_01847.jpg,T2025_00367.jpg
0.2904,1,T2025_02909.jpg,T2025_01116.jpg
0.3331,1,T2025_00355.jpg,T2025_01332.jpg
0.3057,0,T2025_02565.jpg,T2025_00499.jpg
0.4075,1,T2025_00805.jpg,T2025_00879.jpg
0.1860,0,T2025_01421.jpg,T2025_02818.jpg
-0.1352,0,T2025_00535.jpg,T2025_01473.jpg
0.7317,1,T2025_02740.jpg,T2025_00425.jpg
0.0741,0,T2025_00784.jpg,T2025_02738.jpg
0.4773,1,T2025_01539.jpg,T2025_02094.jpg
0.0866,0,T2025_00045.jpg,T2025_01137.jpg
0.6660,1,T2025_01119.jpg,T2025_01329.jpg
0.0780,0,T2025_02135.jpg,T2025_00117.jpg
0.4006,0,T2025_00572.jpg,T2025_00445.jpg
0.1479,0,T2025_02042.jpg,T2025_01683.jpg
0.0372,1,T2025_00625.jpg,T2025_01561.jpg
0.2850,1,T2025_00011.jpg,T2025_02112.jpg
0.3219,1,T2025_01837.jpg,T2025_02962.jpg
0.1802,1,T2025_01074.jpg,T2025_02382.jpg
0.3433,0,T2025_00414.jpg,T2025_02100.jpg
0.2487,1,T2025_02784.jpg,T2025_03025.jpg
0.3813,1,T2025_02520.jpg,T2025_00724.jpg
0.2597,1,T2025_00779.jpg,T2025_00662.jpg
0.4307,0,T2025_02610.jpg,T2025_00967.jpg
0.6197,1,T2025_00483.jpg,T2025_01158.jpg
0.6743,1,T2025_01513.jpg,T2025_02437.jpg
0.3345,1,T2025_00877.jpg,T2025_01820.jpg
0.9059,0,T2025_01463.jpg,T2025_02690.jpg
-0.0024,0,T2025_01995.jpg,T2025_02391.jpg
0.2998,1,T2025_01633.jpg,T2025_01364.jpg
0.2969,0,T2025_00497.jpg,T2025_00248.jpg
0.2678,0,T2025_02479.jpg,T2025_01963.jpg
0.1806,0,T2025_01230.jpg,T2025_01307.jpg
0.5191,0,T2025_01219.jpg,T2025_00436.jpg
-0.1052,0,T2025_00732.jpg,T2025_01394.jpg
0.1620,0,T2025_00570.jpg,T2025_01351.jpg
1.0000,0,T2025_00879.jpg,T2025_00879.jpg
0.5215,0,T2025_02076.jpg,T2025_02016.jpg
0.1325,1,T2025_02757.jpg,T2025_01902.jpg
0.0610,1,T2025_02534.jpg,T2025_01200.jpg
0.1472,1,T2025_00793.jpg,T2025_00361.jpg
-0.0544,1,T2025_01429.jpg,T2025_00794.jpg
0.4117,1,T2025_02323.jpg,T2025_00979.jpg
0.2604,0,T2025_00427.jpg,T2025_01520.jpg
0.2656,0,T2025_02783.jpg,T2025_01912.jpg
0.4355,0,T2025_00866.jpg,T2025_02910.jpg
0.2481,0,T2025_00240.jpg,T2025_00010.jpg
0.3066,1,T2025_01431.jpg,T2025_00939.jpg
0.0342,1,T2025_00849.jpg,T2025_02024.jpg
0.2881,0,T2025_02695.jpg,T2025_02771.jpg
0.4163,1,T2025_01990.jpg,T2025_00418.jpg
0.2152,0,T2025_01611.jpg,T2025_03096.jpg
0.4238,0,T2025_00060.jpg,T2025_01602.jpg
0.1881,0,T2025_01219.jpg,T2025_02599.jpg
-0.1155,0,T2025_00883.jpg,T2025_00612.jpg
0.3492,0,T2025_00730.jpg,T2025_00797.jpg
0.3935,1,T2025_01084.jpg,T2025_02692.jpg
0.1688,1,T2025_00984.jpg,T2025_02234.jpg
0.6691,1,T2025_01239.jpg,T2025_01804.jpg
0.0867,1,T2025_02020.jpg,T2025_00231.jpg
0.4720,0,T2025_02801.jpg,T2025_01481.jpg
0.0736,0,T2025_00371.jpg,T2025_01923.jpg
0.3234,1,T2025_01199.jpg,T2025_01280.jpg
0.5386,0,T2025_00503.jpg,T2025_02471.jpg
0.5850,0,T2025_01109.jpg,T2025_01003.jpg
-0.0388,1,T2025_00815.jpg,T2025_01375.jpg
-0.0517,1,T2025_02664.jpg,T2025_00296.jpg
0.3114,0,T2025_01607.jpg,T2025_01169.jpg
0.8064,1,T2025_01320.jpg,T2025_02781.jpg
0.3123,1,T2025_00667.jpg,T2025_00898.jpg
0.2678,1,T2025_00550.jpg,T2025_01327.jpg
0.0982,1,T2025_02573.jpg,T2025_01078.jpg
-0.0463,0,T2025_02988.jpg,T2025_03017.jpg
0.2681,1,T2025_02104.jpg,T2025_02402.jpg
0.6141,0,T2025_00897.jpg,T2025_01552.jpg
0.2657,0,T2025_02750.jpg,T2025_00865.jpg
0.8059,1,T2025_00045.jpg,T2025_00756.jpg
0.0777,0,T2025_01527.jpg,T2025_02638.jpg
0.1029,1,T2025_00449.jpg,T2025_02394.jpg
0.2095,0,T2025_01486.jpg,T2025_00680.jpg
0.0539,0,T2025_03053.jpg,T2025_00190.jpg
0.0044,1,T2025_02460.jpg,T2025_02807.jpg
0.6028,0,T2025_03061.jpg,T2025_00938.jpg
-0.0760,1,T2025_01694.jpg,T2025_02503.jpg
0.4106,1,T2025_00585.jpg,T2025_00562.jpg
0.5250,0,T2025_00646.jpg,T2025_01867.jpg
0.5821,0,T2025_01162.jpg,T2025_01910.jpg
0.2124,1,T2025_00315.jpg,T2025_00394.jpg
0.1771,0,T2025_00632.jpg,T2025_02318.jpg
0.2516,1,T2025_01895.jpg,T2025_01970.jpg
-0.0258,0,T2025_00018.jpg,T2025_01305.jpg
-0.0209,0,T2025_00472.jpg,T2025_00098.jpg
0.1252,1,T2025_01465.jpg,T2025_02745.jpg
0.0921,1,T2025_02389.jpg,T2025_00238.jpg
0.0380,1,T2025_00125.jpg,T2025_01569.jpg
0.5256,0,T2025_00093.jpg,T2025_00606.jpg
0.5465,0,T2025_01010.jpg,T2025_02593.jpg
-0.0007,1,T2025_00543.jpg,T2025_02425.jpg
0.7130,1,T2025_03063.jpg,T2025_01342.jpg
-0.1464,1,T2025_00927.jpg,T2025_00188.jpg
0.2710,0,T2025_02451.jpg,T2025_01701.jpg
0.6782,1,T2025_00353.jpg,T2025_00560.jpg
0.7114,1,T2025_02779.jpg,T2025_02667.jpg
0.0888,1,T2025_00365.jpg,T2025_01240.jpg
-0.1102,0,T2025_00579.jpg,T2025_01090.jpg
0.5403,1,T2025_01432.jpg,T2025_01957.jpg
0.3110,0,T2025_02589.jpg,T2025_01136.jpg
0.6399,0,T2025_00378.jpg,T2025_02637.jpg
0.7365,1,T2025_02734.jpg,T2025_02853.jpg
0.0371,0,T2025_02224.jpg,T2025_00924.jpg
0.2423,1,T2025_01608.jpg,T2025_01870.jpg
-0.0674,0,T2025_00111.jpg,T2025_00344.jpg
0.2596,0,T2025_01782.jpg,T2025_01306.jpg
0.3922,1,T2025_01969.jpg,T2025_00518.jpg
-0.0741,1,T2025_01030.jpg,T2025_01478.jpg
0.4228,1,T2025_02421.jpg,T2025_00761.jpg
0.1089,0,T2025_00866.jpg,T2025_02254.jpg
0.1638,1,T2025_00194.jpg,T2025_00168.jpg
0.3628,0,T2025_00924.jpg,T2025_00247.jpg
0.5298,0,T2025_00956.jpg,T2025_00676.jpg
0.0716,1,T2025_02075.jpg,T2025_00722.jpg
0.0928,1,T2025_02400.jpg,T2025_02849.jpg
0.5026,0,T2025_00354.jpg,T2025_01468.jpg
0.5917,0,T2025_00033.jpg,T2025_01660.jpg
0.5688,1,T2025_01695.jpg,T2025_02872.jpg
0.3245,1,T2025_02819.jpg,T2025_02043.jpg
0.4259,1,T2025_02520.jpg,T2025_00753.jpg
0.6212,0,T2025_01311.jpg,T2025_02949.jpg
0.2644,0,T2025_00210.jpg,T2025_00062.jpg
0.5290,1,T2025_03022.jpg,T2025_02265.jpg
0.1193,0,T2025_02652.jpg,T2025_02706.jpg
0.4828,1,T2025_00091.jpg,T2025_02973.jpg
0.3811,0,T2025_00787.jpg,T2025_00735.jpg
0.0430,0,T2025_02781.jpg,T2025_02941.jpg
0.3066,0,T2025_00595.jpg,T2025_01204.jpg
0.4176,1,T2025_01770.jpg,T2025_00711.jpg
0.4517,0,T2025_02527.jpg,T2025_01612.jpg
0.6793,1,T2025_00255.jpg,T2025_02954.jpg
0.4304,1,T2025_01125.jpg,T2025_01210.jpg
0.1999,1,T2025_02072.jpg,T2025_01705.jpg
0.0955,0,T2025_01263.jpg,T2025_01495.jpg
0.0980,0,T2025_01918.jpg,T2025_00217.jpg
0.5651,1,T2025_00976.jpg,T2025_01098.jpg
0.6012,0,T2025_00533.jpg,T2025_02702.jpg
0.1330,0,T2025_00162.jpg,T2025_02097.jpg
0.2628,1,T2025_00510.jpg,T2025_00147.jpg
0.4155,0,T2025_02314.jpg,T2025_01512.jpg
0.6098,1,T2025_01405.jpg,T2025_02143.jpg
0.5264,0,T2025_02375.jpg,T2025_00648.jpg
0.3189,1,T2025_02106.jpg,T2025_02030.jpg
0.2743,1,T2025_02701.jpg,T2025_02655.jpg
0.0167,0,T2025_01745.jpg,T2025_02992.jpg
0.1639,0,T2025_01338.jpg,T2025_02168.jpg
0.7135,1,T2025_01629.jpg,T2025_03045.jpg
0.3579,1,T2025_03071.jpg,T2025_00179.jpg
0.5141,1,T2025_00791.jpg,T2025_02952.jpg
0.8179,1,T2025_01439.jpg,T2025_01187.jpg
0.6973,0,T2025_02223.jpg,T2025_01506.jpg
0.0198,1,T2025_00542.jpg,T2025_00268.jpg
-0.1032,1,T2025_02329.jpg,T2025_00206.jpg
0.4822,0,T2025_01717.jpg,T2025_02839.jpg
0.0390,1,T2025_02564.jpg,T2025_00393.jpg
0.3444,1,T2025_01472.jpg,T2025_03089.jpg
0.6840,1,T2025_00112.jpg,T2025_01346.jpg
0.3423,1,T2025_02029.jpg,T2025_01079.jpg
0.0676,1,T2025_00817.jpg,T2025_01791.jpg
0.1305,0,T2025_01057.jpg,T2025_02192.jpg
0.4859,1,T2025_01671.jpg,T2025_01662.jpg
0.5059,1,T2025_02684.jpg,T2025_00609.jpg
-0.1021,0,T2025_01767.jpg,T2025_02287.jpg
0.5382,1,T2025_01770.jpg,T2025_02044.jpg
0.6751,0,T2025_01858.jpg,T2025_00334.jpg
0.2477,1,T2025_00970.jpg,T2025_00890.jpg
0.4855,0,T2025_01568.jpg,T2025_00266.jpg
0.3684,0,T2025_01418.jpg,T2025_01376.jpg
0.7134,1,T2025_01331.jpg,T2025_00692.jpg
0.0676,1,T2025_02071.jpg,T2025_00530.jpg
-0.1337,0,T2025_00498.jpg,T2025_01339.jpg
-0.1070,1,T2025_00350.jpg,T2025_00753.jpg
0.0321,0,T2025_02330.jpg,T2025_00767.jpg
0.1474,1,T2025_00729.jpg,T2025_01587.jpg
0.3158,0,T2025_01195.jpg,T2025_01580.jpg
0.2525,1,T2025_02735.jpg,T2025_00573.jpg
1.0000,0,T2025_00615.jpg,T2025_00615.jpg
0.3351,0,T2025_00413.jpg,T2025_02463.jpg
0.6584,0,T2025_00489.jpg,T2025_01522.jpg
0.7992,1,T2025_02817.jpg,T2025_02173.jpg
0.1830,0,T2025_01451.jpg,T2025_00992.jpg
0.2522,0,T2025_02283.jpg,T2025_00104.jpg
0.3200,1,T2025_00074.jpg,T2025_02443.jpg
0.3669,0,T2025_01660.jpg,T2025_01178.jpg
0.1448,1,T2025_00317.jpg,T2025_01606.jpg
0.1230,1,T2025_01004.jpg,T2025_00424.jpg
0.0779,1,T2025_02618.jpg,T2025_02510.jpg
0.0396,1,T2025_00185.jpg,T2025_00233.jpg
0.5178,0,T2025_02048.jpg,T2025_02204.jpg
0.4076,1,T2025_01951.jpg,T2025_02462.jpg
0.3024,0,T2025_02221.jpg,T2025_01402.jpg
0.3635,1,T2025_01056.jpg,T2025_02414.jpg
0.2082,1,T2025_01814.jpg,T2025_02402.jpg
0.3531,1,T2025_00569.jpg,T2025_02406.jpg
0.2366,1,T2025_00096.jpg,T2025_01587.jpg
0.4995,0,T2025_00050.jpg,T2025_01017.jpg
0.0350,1,T2025_01176.jpg,T2025_02041.jpg
0.3387,1,T2025_00072.jpg,T2025_02282.jpg
0.0374,0,T2025_00773.jpg,T2025_01896.jpg
0.0196,1,T2025_01748.jpg,T2025_00141.jpg
0.2440,0,T2025_02086.jpg,T2025_02485.jpg
0.4381,0,T2025_00229.jpg,T2025_00730.jpg
0.6105,1,T2025_00375.jpg,T2025_02723.jpg
0.4325,0,T2025_02935.jpg,T2025_02189.jpg
0.3080,1,T2025_01346.jpg,T2025_02435.jpg
0.0321,1,T2025_00838.jpg,T2025_00843.jpg
-0.1895,1,T2025_00841.jpg,T2025_01046.jpg
0.0349,1,T2025_00802.jpg,T2025_02742.jpg
0.1624,1,T2025_00251.jpg,T2025_02324.jpg
0.1565,1,T2025_02486.jpg,T2025_02856.jpg
0.8705,1,T2025_00303.jpg,T2025_01450.jpg
0.1643,0,T2025_00108.jpg,T2025_01649.jpg
0.3177,0,T2025_00641.jpg,T2025_00203.jpg
-0.1426,1,T2025_00888.jpg,T2025_02269.jpg
0.1132,0,T2025_01746.jpg,T2025_00918.jpg
0.3879,0,T2025_00790.jpg,T2025_00083.jpg
0.3962,0,T2025_02753.jpg,T2025_01109.jpg
0.2498,0,T2025_02152.jpg,T2025_01050.jpg
0.3297,1,T2025_01220.jpg,T2025_00884.jpg
0.6617,1,T2025_01587.jpg,T2025_01851.jpg
0.3901,0,T2025_01660.jpg,T2025_01491.jpg
0.2648,0,T2025_00890.jpg,T2025_02270.jpg
0.6472,1,T2025_00079.jpg,T2025_02590.jpg
0.2157,1,T2025_00427.jpg,T2025_01657.jpg
0.2996,0,T2025_00680.jpg,T2025_00198.jpg
0.4666,0,T2025_02543.jpg,T2025_01427.jpg
0.0240,1,T2025_02933.jpg,T2025_02648.jpg
-0.0271,0,T2025_02969.jpg,T2025_00954.jpg
0.1679,0,T2025_00237.jpg,T2025_01300.jpg
0.6334,1,T2025_02351.jpg,T2025_01158.jpg
0.2648,0,T2025_02200.jpg,T2025_02701.jpg
-0.0179,1,T2025_01686.jpg,T2025_02919.jpg
0.5842,1,T2025_03103.jpg,T2025_00880.jpg
0.8331,0,T2025_02732.jpg,T2025_00391.jpg
0.0112,0,T2025_02140.jpg,T2025_02152.jpg
0.5213,0,T2025_00832.jpg,T2025_00200.jpg
0.1647,0,T2025_01910.jpg,T2025_01717.jpg
0.9481,1,T2025_02997.jpg,T2025_00210.jpg
0.2544,1,T2025_01535.jpg,T2025_00710.jpg
0.4687,1,T2025_00921.jpg,T2025_02217.jpg
0.5181,0,T2025_01106.jpg,T2025_01185.jpg
0.7799,0,T2025_02245.jpg,T2025_00605.jpg
0.0785,1,T2025_00029.jpg,T2025_03018.jpg
0.1898,1,T2025_01373.jpg,T2025_00770.jpg
0.1159,1,T2025_02213.jpg,T2025_01014.jpg
0.7923,0,T2025_01825.jpg,T2025_01098.jpg
0.2457,0,T2025_01842.jpg,T2025_02866.jpg
0.1622,0,T2025_00834.jpg,T2025_03066.jpg
0.3684,0,T2025_01593.jpg,T2025_03028.jpg
0.6078,1,T2025_00892.jpg,T2025_02455.jpg
0.1263,0,T2025_02331.jpg,T2025_02245.jpg
0.2199,0,T2025_00195.jpg,T2025_01361.jpg
0.2434,1,T2025_01612.jpg,T2025_02508.jpg
0.0426,0,T2025_01802.jpg,T2025_01803.jpg
0.1051,0,T2025_00004.jpg,T2025_02672.jpg
0.3718,0,T2025_00290.jpg,T2025_01947.jpg
0.1792,1,T2025_00847.jpg,T2025_01608.jpg
0.1445,0,T2025_02293.jpg,T2025_00016.jpg
1.0000,0,T2025_01343.jpg,T2025_01343.jpg
0.2353,0,T2025_02440.jpg,T2025_02706.jpg
0.2986,0,T2025_00016.jpg,T2025_02830.jpg
0.5224,1,T2025_00597.jpg,T2025_01573.jpg
0.6675,0,T2025_01091.jpg,T2025_02464.jpg
0.5224,0,T2025_01116.jpg,T2025_01479.jpg
0.4936,1,T2025_02314.jpg,T2025_01236.jpg
0.5120,1,T2025_00289.jpg,T2025_02431.jpg
0.0197,1,T2025_00353.jpg,T2025_02048.jpg
0.4937,1,T2025_02517.jpg,T2025_02612.jpg
0.4580,1,T2025_02995.jpg,T2025_02786.jpg
0.3879,1,T2025_01234.jpg,T2025_02610.jpg
0.4288,1,T2025_00852.jpg,T2025_01495.jpg
0.5832,1,T2025_02028.jpg,T2025_01040.jpg
0.3270,0,T2025_02537.jpg,T2025_00166.jpg
0.4835,0,T2025_01077.jpg,T2025_00923.jpg
0.3515,1,T2025_02441.jpg,T2025_01219.jpg
0.0796,0,T2025_01832.jpg,T2025_02619.jpg
0.1933,1,T2025_00996.jpg,T2025_02996.jpg
0.2679,0,T2025_02069.jpg,T2025_01159.jpg
0.0532,0,T2025_00595.jpg,T2025_00273.jpg
0.1553,1,T2025_02788.jpg,T2025_00485.jpg
0.2729,0,T2025_02976.jpg,T2025_01830.jpg
0.0777,0,T2025_01998.jpg,T2025_01543.jpg
0.0998,1,T2025_01720.jpg,T2025_01307.jpg
0.2400,1,T2025_02086.jpg,T2025_01044.jpg
0.0910,0,T2025_02637.jpg,T2025_01837.jpg
0.3600,1,T2025_02415.jpg,T2025_00611.jpg
0.6827,1,T2025_00039.jpg,T2025_01147.jpg
0.2892,1,T2025_02712.jpg,T2025_02607.jpg
0.4865,1,T2025_00717.jpg,T2025_02531.jpg
0.4196,0,T2025_02825.jpg,T2025_01040.jpg
0.3531,1,T2025_00598.jpg,T2025_00657.jpg
0.2312,1,T2025_01285.jpg,T2025_00380.jpg
-0.0434,1,T2025_02515.jpg,T2025_01429.jpg
0.0632,1,T2025_03099.jpg,T2025_01513.jpg
0.4340,1,T2025_02049.jpg,T2025_02792.jpg
0.1232,0,T2025_00016.jpg,T2025_00644.jpg
0.2077,0,T2025_02060.jpg,T2025_01560.jpg
0.3341,0,T2025_00232.jpg,T2025_01765.jpg
0.1118,0,T2025_02431.jpg,T2025_00546.jpg
0.2579,0,T2025_00939.jpg,T2025_02607.jpg
0.5421,0,T2025_01174.jpg,T2025_02935.jpg
0.2569,1,T2025_02184.jpg,T2025_00493.jpg
0.2599,1,T2025_02028.jpg,T2025_02750.jpg
0.2932,1,T2025_02418.jpg,T2025_01370.jpg
0.2425,0,T2025_00016.jpg,T2025_02980.jpg
-0.0944,1,T2025_00550.jpg,T2025_00780.jpg
-0.0121,0,T2025_00344.jpg,T2025_02152.jpg
0.2893,0,T2025_01159.jpg,T2025_01574.jpg
0.0559,0,T2025_00782.jpg,T2025_00726.jpg
0.4134,0,T2025_00487.jpg,T2025_01126.jpg
0.2093,1,T2025_01222.jpg,T2025_00736.jpg
-0.0065,1,T2025_01838.jpg,T2025_02768.jpg
0.0327,1,T2025_01797.jpg,T2025_02390.jpg
0.3038,0,T2025_02076.jpg,T2025_02571.jpg
0.3072,1,T2025_00587.jpg,T2025_02922.jpg
0.0812,1,T2025_01908.jpg,T2025_01293.jpg
0.0921,0,T2025_01674.jpg,T2025_01529.jpg
-0.0021,0,T2025_01446.jpg,T2025_00799.jpg
0.1293,0,T2025_03090.jpg,T2025_00736.jpg
0.5314,0,T2025_02458.jpg,T2025_00222.jpg
0.6379,0,T2025_02429.jpg,T2025_02730.jpg
0.3698,1,T2025_02143.jpg,T2025_00098.jpg
0.5675,0,T2025_02125.jpg,T2025_01514.jpg
0.7610,1,T2025_01400.jpg,T2025_00920.jpg
0.4107,0,T2025_02575.jpg,T2025_00365.jpg
0.2372,1,T2025_02570.jpg,T2025_02145.jpg
0.2013,0,T2025_02692.jpg,T2025_01135.jpg
0.0776,0,T2025_00094.jpg,T2025_00034.jpg
0.0862,1,T2025_00333.jpg,T2025_02574.jpg
0.0022,1,T2025_02616.jpg,T2025_00692.jpg
0.3438,1,T2025_00179.jpg,T2025_01177.jpg
0.1288,1,T2025_01074.jpg,T2025_01258.jpg
0.1270,0,T2025_01122.jpg,T2025_00970.jpg
0.3365,0,T2025_02079.jpg,T2025_01974.jpg
0.0916,1,T2025_01557.jpg,T2025_02416.jpg
0.3613,0,T2025_00412.jpg,T2025_03011.jpg
0.5084,1,T2025_02691.jpg,T2025_02479.jpg
0.5012,1,T2025_00702.jpg,T2025_01902.jpg
0.4697,0,T2025_01272.jpg,T2025_00272.jpg
0.4838,0,T2025_01034.jpg,T2025_01686.jpg
0.2395,0,T2025_03076.jpg,T2025_01405.jpg
0.1695,0,T2025_01388.jpg,T2025_02225.jpg
0.3326,0,T2025_00583.jpg,T2025_00271.jpg
0.0520,0,T2025_02424.jpg,T2025_02761.jpg
0.7071,0,T2025_02960.jpg,T2025_00871.jpg
0.1526,0,T2025_02702.jpg,T2025_02036.jpg
0.1936,0,T2025_01257.jpg,T2025_02034.jpg
0.7411,0,T2025_00045.jpg,T2025_02774.jpg
0.8921,0,T2025_02890.jpg,T2025_00884.jpg
0.3729,1,T2025_00347.jpg,T2025_00459.jpg
0.5708,1,T2025_00009.jpg,T2025_02251.jpg
0.1758,1,T2025_02446.jpg,T2025_01443.jpg
0.0128,1,T2025_02194.jpg,T2025_00824.jpg
1.0000,1,T2025_01355.jpg,T2025_01355.jpg
0.1406,1,T2025_02602.jpg,T2025_01541.jpg
0.1620,0,T2025_00770.jpg,T2025_02933.jpg
0.3640,1,T2025_01504.jpg,T2025_00025.jpg
0.5856,0,T2025_00868.jpg,T2025_00413.jpg
0.7938,0,T2025_00605.jpg,T2025_02938.jpg
0.5784,0,T2025_01886.jpg,T2025_00090.jpg
0.4962,1,T2025_00205.jpg,T2025_01595.jpg
0.0347,0,T2025_03019.jpg,T2025_01481.jpg
-0.0340,1,T2025_02045.jpg,T2025_00090.jpg
0.3072,0,T2025_00146.jpg,T2025_00678.jpg
0.3331,0,T2025_02263.jpg,T2025_02998.jpg
0.5025,1,T2025_01199.jpg,T2025_00824.jpg
0.1719,1,T2025_03024.jpg,T2025_00301.jpg
0.2602,0,T2025_00855.jpg,T2025_01717.jpg
0.4584,1,T2025_02285.jpg,T2025_01730.jpg
0.0521,0,T2025_01208.jpg,T2025_00959.jpg
0.0088,0,T2025_02102.jpg,T2025_02497.jpg
0.1019,0,T2025_00087.jpg,T2025_01552.jpg
0.9029,0,T2025_01869.jpg,T2025_01281.jpg
0.5856,1,T2025_03029.jpg,T2025_01514.jpg
0.2770,1,T2025_00122.jpg,T2025_02583.jpg
-0.0307,1,T2025_00486.jpg,T2025_00151.jpg
0.0527,0,T2025_00977.jpg,T2025_01976.jpg
0.7347,1,T2025_02484.jpg,T2025_02002.jpg
0.4285,1,T2025_02873.jpg,T2025_02796.jpg
0.2255,1,T2025_00661.jpg,T2025_01906.jpg
0.7354,0,T2025_01665.jpg,T2025_00209.jpg
0.3221,1,T2025_00539.jpg,T2025_00904.jpg
0.2725,0,T2025_01596.jpg,T2025_02219.jpg
0.4808,0,T2025_02278.jpg,T2025_02822.jpg
0.2453,0,T2025_02552.jpg,T2025_00864.jpg
0.1730,0,T2025_00434.jpg,T2025_00399.jpg
0.3826,0,T2025_02405.jpg,T2025_00207.jpg
0.2936,1,T2025_03051.jpg,T2025_00009.jpg
-0.0623,1,T2025_00225.jpg,T2025_02091.jpg
0.3868,1,T2025_00666.jpg,T2025_00980.jpg
-0.0914,0,T2025_00166.jpg,T2025_02365.jpg
0.7403,0,T2025_00960.jpg,T2025_02315.jpg
0.0830,1,T2025_02726.jpg,T2025_01702.jpg
0.2034,0,T2025_00552.jpg,T2025_00043.jpg
-0.0557,0,T2025_00799.jpg,T2025_01519.jpg
0.6865,1,T2025_02293.jpg,T2025_00471.jpg
0.2499,1,T2025_01265.jpg,T2025_02050.jpg
0.4463,1,T2025_00550.jpg,T2025_02877.jpg
0.1838,0,T2025_01621.jpg,T2025_00015.jpg
0.5942,1,T2025_01475.jpg,T2025_01433.jpg
-0.0311,0,T2025_01854.jpg,T2025_02257.jpg
0.7046,0,T2025_02456.jpg,T2025_00909.jpg
0.5022,0,T2025_00694.jpg,T2025_00972.jpg
0.3717,1,T2025_03036.jpg,T2025_02198.jpg
0.0725,0,T2025_01642.jpg,T2025_00910.jpg
0.3070,0,T2025_00308.jpg,T2025_02546.jpg
0.0358,0,T2025_02833.jpg,T2025_00325.jpg
0.0637,1,T2025_00449.jpg,T2025_02036.jpg
0.2155,1,T2025_00734.jpg,T2025_01995.jpg
-0.1177,1,T2025_02362.jpg,T2025_02393.jpg
0.5486,1,T2025_02888.jpg,T2025_01548.jpg
0.3925,0,T2025_00027.jpg,T2025_02566.jpg
0.2197,1,T2025_01196.jpg,T2025_00613.jpg
0.6035,0,T2025_00494.jpg,T2025_01762.jpg
0.5397,1,T2025_01934.jpg,T2025_00751.jpg
0.3218,1,T2025_01290.jpg,T2025_01158.jpg
0.7244,1,T2025_03047.jpg,T2025_01973.jpg
0.1117,0,T2025_02070.jpg,T2025_03048.jpg
0.3826,0,T2025_02867.jpg,T2025_02450.jpg
0.5054,1,T2025_00863.jpg,T2025_00549.jpg
0.1111,1,T2025_01443.jpg,T2025_01418.jpg
0.1809,0,T2025_02481.jpg,T2025_01976.jpg
-0.0478,0,T2025_02084.jpg,T2025_00535.jpg
-0.0187,0,T2025_00499.jpg,T2025_02140.jpg
0.1721,0,T2025_01135.jpg,T2025_00478.jpg
0.4318,1,T2025_00478.jpg,T2025_00137.jpg
0.1739,1,T2025_02700.jpg,T2025_02529.jpg
0.2718,1,T2025_00779.jpg,T2025_01612.jpg
0.6625,0,T2025_01294.jpg,T2025_00145.jpg
0.3375,0,T2025_02254.jpg,T2025_02574.jpg
0.5504,1,T2025_01206.jpg,T2025_01659.jpg
0.4407,0,T2025_00647.jpg,T2025_02095.jpg
0.2950,1,T2025_02230.jpg,T2025_01149.jpg
0.6139,0,T2025_03005.jpg,T2025_00211.jpg
0.2187,1,T2025_02899.jpg,T2025_01348.jpg
0.0872,1,T2025_01379.jpg,T2025_02684.jpg
-0.0009,1,T2025_01516.jpg,T2025_02816.jpg
0.0826,0,T2025_02497.jpg,T2025_01690.jpg
0.5643,0,T2025_00104.jpg,T2025_02733.jpg
0.7604,0,T2025_02222.jpg,T2025_02552.jpg
0.0805,1,T2025_00400.jpg,T2025_01399.jpg
-0.1654,1,T2025_02647.jpg,T2025_02791.jpg
0.0569,0,T2025_02651.jpg,T2025_01296.jpg
0.5341,1,T2025_02805.jpg,T2025_00964.jpg
0.4656,0,T2025_02961.jpg,T2025_00757.jpg
0.3620,1,T2025_02125.jpg,T2025_00825.jpg
0.3270,1,T2025_01258.jpg,T2025_02838.jpg
0.0803,1,T2025_01766.jpg,T2025_01077.jpg
0.8642,0,T2025_02490.jpg,T2025_00888.jpg
0.5685,1,T2025_01485.jpg,T2025_00691.jpg
0.0683,1,T2025_01831.jpg,T2025_00634.jpg
-0.0255,0,T2025_00212.jpg,T2025_00776.jpg
-0.0634,1,T2025_00013.jpg,T2025_01585.jpg
-0.0138,1,T2025_01807.jpg,T2025_00658.jpg
0.0493,0,T2025_02493.jpg,T2025_02028.jpg
0.6064,0,T2025_02744.jpg,T2025_02606.jpg
-0.0615,1,T2025_02832.jpg,T2025_03101.jpg
0.0652,0,T2025_00897.jpg,T2025_02662.jpg
0.5987,0,T2025_02851.jpg,T2025_01725.jpg
0.5915,1,T2025_01806.jpg,T2025_03008.jpg
0.4605,0,T2025_03082.jpg,T2025_00557.jpg
0.1824,1,T2025_02357.jpg,T2025_01731.jpg
0.6894,0,T2025_02339.jpg,T2025_02367.jpg
0.2444,1,T2025_00512.jpg,T2025_00761.jpg
0.0437,0,T2025_02789.jpg,T2025_00344.jpg
0.4404,1,T2025_02464.jpg,T2025_02388.jpg
-0.0483,0,T2025_01508.jpg,T2025_01018.jpg
0.6850,0,T2025_01329.jpg,T2025_02834.jpg
0.8239,0,T2025_02138.jpg,T2025_02890.jpg
0.5912,1,T2025_00850.jpg,T2025_00048.jpg
-0.1965,0,T2025_00213.jpg,T2025_01176.jpg
0.1251,0,T2025_02186.jpg,T2025_02397.jpg
0.3368,0,T2025_03006.jpg,T2025_01287.jpg
0.2474,1,T2025_01741.jpg,T2025_02692.jpg
0.0921,0,T2025_00359.jpg,T2025_02181.jpg
0.3848,1,T2025_01065.jpg,T2025_02771.jpg
0.6911,0,T2025_01739.jpg,T2025_01222.jpg
0.4968,1,T2025_01259.jpg,T2025_00666.jpg
0.6418,1,T2025_01960.jpg,T2025_02955.jpg
0.5739,0,T2025_00026.jpg,T2025_00658.jpg
0.2347,1,T2025_00198.jpg,T2025_01753.jpg
0.3601,0,T2025_00611.jpg,T2025_02384.jpg
0.0904,1,T2025_02982.jpg,T2025_01079.jpg
0.2122,0,T2025_01262.jpg,T2025_01028.jpg
0.6942,1,T2025_00644.jpg,T2025_02329.jpg
0.7776,0,T2025_00326.jpg,T2025_01368.jpg
0.4173,1,T2025_00131.jpg,T2025_02451.jpg
0.4083,1,T2025_01223.jpg,T2025_00632.jpg
0.2596,0,T2025_02360.jpg,T2025_00795.jpg
0.3055,1,T2025_02537.jpg,T2025_02252.jpg
0.2327,1,T2025_02073.jpg,T2025_00690.jpg
0.2050,1,T2025_01832.jpg,T2025_02165.jpg
0.0857,1,T2025_02543.jpg,T2025_00046.jpg
0.3316,0,T2025_01249.jpg,T2025_01036.jpg
0.4213,1,T2025_02586.jpg,T2025_00498.jpg
0.6118,1,T2025_01448.jpg,T2025_02304.jpg
-0.1013,1,T2025_02930.jpg,T2025_01758.jpg
0.2917,0,T2025_01947.jpg,T2025_00994.jpg
0.2361,0,T2025_02466.jpg,T2025_02608.jpg
0.7821,0,T2025_00177.jpg,T2025_02222.jpg
0.8407,0,T2025_01435.jpg,T2025_02843.jpg
-0.0117,1,T2025_01822.jpg,T2025_02725.jpg
0.3756,0,T2025_01627.jpg,T2025_02489.jpg
0.7136,1,T2025_02551.jpg,T2025_01738.jpg
0.2915,1,T2025_00664.jpg,T2025_02305.jpg
0.1959,0,T2025_02469.jpg,T2025_02096.jpg
0.1427,0,T2025_00269.jpg,T2025_02649.jpg
0.1983,0,T2025_00306.jpg,T2025_01940.jpg
0.5497,1,T2025_00881.jpg,T2025_01108.jpg
0.1253,0,T2025_01641.jpg,T2025_01299.jpg
1.0000,0,T2025_02318.jpg,T2025_02318.jpg
0.3179,1,T2025_00636.jpg,T2025_01772.jpg
0.0974,1,T2025_01010.jpg,T2025_00448.jpg
0.4194,1,T2025_02242.jpg,T2025_01559.jpg
0.1501,0,T2025_01545.jpg,T2025_02123.jpg
0.0731,0,T2025_02470.jpg,T2025_00628.jpg
0.3264,1,T2025_00659.jpg,T2025_00595.jpg
0.6050,0,T2025_00650.jpg,T2025_01779.jpg
0.1599,0,T2025_01799.jpg,T2025_01053.jpg
0.1861,0,T2025_01306.jpg,T2025_01207.jpg
0.1281,0,T2025_00301.jpg,T2025_01114.jpg
0.7893,1,T2025_02914.jpg,T2025_01014.jpg
0.6895,1,T2025_02280.jpg,T2025_01034.jpg
0.2541,1,T2025_00389.jpg,T2025_01658.jpg
0.1796,1,T2025_00688.jpg,T2025_01718.jpg
0.2077,1,T2025_00508.jpg,T2025_00794.jpg
0.5930,0,T2025_02953.jpg,T2025_01478.jpg
0.3475,0,T2025_02910.jpg,T2025_00360.jpg
-0.0765,1,T2025_00248.jpg,T2025_03102.jpg
0.7277,1,T2025_02563.jpg,T2025_02385.jpg
0.3049,0,T2025_00788.jpg,T2025_02803.jpg
0.2616,1,T2025_01845.jpg,T2025_00948.jpg
0.1057,1,T2025_01345.jpg,T2025_00730.jpg
0.5272,1,T2025_00052.jpg,T2025_02076.jpg
0.5938,0,T2025_02542.jpg,T2025_00187.jpg
0.1016,0,T2025_00594.jpg,T2025_02861.jpg
0.4802,1,T2025_02930.jpg,T2025_00248.jpg
-0.1087,0,T2025_00612.jpg,T2025_02389.jpg
0.0955,0,T2025_00181.jpg,T2025_02321.jpg
0.0593,0,T2025_01384.jpg,T2025_00867.jpg
0.4147,0,T2025_02830.jpg,T2025_01058.jpg
0.1094,1,T2025_02475.jpg,T2025_00422.jpg
0.1388,0,T2025_00052.jpg,T2025_02203.jpg
0.3944,0,T2025_02524.jpg,T2025_00946.jpg
0.3343,0,T2025_00965.jpg,T2025_01856.jpg
0.1772,0,T2025_00179.jpg,T2025_00398.jpg
0.1304,1,T2025_01609.jpg,T2025_00949.jpg
0.0785,1,T2025_01363.jpg,T2025_00256.jpg
0.1785,0,T2025_02051.jpg,T2025_02946.jpg
0.0943,0,T2025_03086.jpg,T2025_00711.jpg
0.0970,0,T2025_01286.jpg,T2025_02673.jpg
0.4315,1,T2025_00007.jpg,T2025_01498.jpg
0.2431,0,T2025_02682.jpg,T2025_01615.jpg
0.6237,1,T2025_02921.jpg,T2025_02637.jpg
0.3341,1,T2025_01204.jpg,T2025_01516.jpg
0.7431,0,T2025_01992.jpg,T2025_00704.jpg
0.2371,1,T2025_02481.jpg,T2025_01123.jpg
0.2233,1,T2025_03060.jpg,T2025_00959.jpg
0.4227,1,T2025_00917.jpg,T2025_01984.jpg
0.6031,1,T2025_01824.jpg,T2025_01592.jpg
0.2045,1,T2025_01739.jpg,T2025_01380.jpg
0.0893,0,T2025_01015.jpg,T2025_01544.jpg
0.0881,0,T2025_02872.jpg,T2025_00583.jpg
0.1567,0,T2025_00945.jpg,T2025_00987.jpg
0.0815,0,T2025_02356.jpg,T2025_00429.jpg
0.2276,0,T2025_01030.jpg,T2025_01307.jpg
0.6126,0,T2025_02472.jpg,T2025_01316.jpg
0.1533,0,T2025_00463.jpg,T2025_00761.jpg
0.5965,0,T2025_02525.jpg,T2025_00151.jpg
0.5658,0,T2025_02973.jpg,T2025_01314.jpg
0.2123,1,T2025_01849.jpg,T2025_00471.jpg
0.7584,0,T2025_02404.jpg,T2025_02113.jpg
0.2774,0,T2025_00517.jpg,T2025_01647.jpg
0.2850,0,T2025_01938.jpg,T2025_01501.jpg
0.8262,1,T2025_01249.jpg,T2025_00509.jpg
0.3956,1,T2025_00318.jpg,T2025_00467.jpg
0.4937,1,T2025_01306.jpg,T2025_01503.jpg
-0.1803,1,T2025_00447.jpg,T2025_00837.jpg
0.1793,0,T2025_00840.jpg,T2025_02715.jpg
0.4252,1,T2025_01794.jpg,T2025_00368.jpg
0.1237,1,T2025_02037.jpg,T2025_00373.jpg
0.2163,0,T2025_02300.jpg,T2025_01054.jpg
0.1967,1,T2025_02168.jpg,T2025_02197.jpg
0.3790,0,T2025_02752.jpg,T2025_02764.jpg
0.2703,1,T2025_00015.jpg,T2025_01118.jpg
0.0168,0,T2025_00356.jpg,T2025_02273.jpg
0.3602,0,T2025_02425.jpg,T2025_01423.jpg
0.6139,0,T2025_01076.jpg,T2025_01591.jpg
0.3942,1,T2025_02618.jpg,T2025_00664.jpg
0.8146,0,T2025_00901.jpg,T2025_00605.jpg
-0.0927,1,T2025_01771.jpg,T2025_02169.jpg
0.1256,0,T2025_00972.jpg,T2025_01682.jpg
0.2090,0,T2025_01827.jpg,T2025_02747.jpg
0.3147,0,T2025_01750.jpg,T2025_00979.jpg
0.5233,1,T2025_00318.jpg,T2025_00014.jpg
0.1408,1,T2025_02880.jpg,T2025_01984.jpg
0.5590,0,T2025_02066.jpg,T2025_03058.jpg
0.5668,0,T2025_01389.jpg,T2025_02516.jpg
0.1631,0,T2025_00856.jpg,T2025_00610.jpg
0.4379,1,T2025_02521.jpg,T2025_02722.jpg
0.1212,0,T2025_00137.jpg,T2025_00142.jpg
0.6164,1,T2025_03029.jpg,T2025_01904.jpg
0.6683,0,T2025_00612.jpg,T2025_00251.jpg
0.2507,0,T2025_02262.jpg,T2025_02179.jpg
0.2187,0,T2025_00812.jpg,T2025_00821.jpg
0.2068,0,T2025_00433.jpg,T2025_02833.jpg
0.2269,0,T2025_01273.jpg,T2025_02297.jpg
0.6748,1,T2025_02956.jpg,T2025_01537.jpg
0.8399,0,T2025_01825.jpg,T2025_00535.jpg
0.0817,0,T2025_02793.jpg,T2025_02116.jpg
0.0216,1,T2025_00420.jpg,T2025_02533.jpg
1.0000,0,T2025_00206.jpg,T2025_00206.jpg
0.1180,0,T2025_01021.jpg,T2025_01060.jpg
0.5031,1,T2025_00203.jpg,T2025_01238.jpg
0.2735,1,T2025_00436.jpg,T2025_00562.jpg
0.0428,1,T2025_00469.jpg,T2025_02596.jpg
0.5556,1,T2025_01619.jpg,T2025_00102.jpg
0.6285,1,T2025_00297.jpg,T2025_00464.jpg
0.3213,1,T2025_01023.jpg,T2025_01809.jpg
0.1805,1,T2025_02345.jpg,T2025_02678.jpg
0.7372,0,T2025_00418.jpg,T2025_02563.jpg
0.3355,0,T2025_00227.jpg,T2025_00976.jpg
0.1688,0,T2025_02792.jpg,T2025_02285.jpg
0.4228,0,T2025_00834.jpg,T2025_00445.jpg
0.3402,1,T2025_02489.jpg,T2025_01642.jpg
0.3839,0,T2025_02216.jpg,T2025_01102.jpg
0.7674,1,T2025_02382.jpg,T2025_00080.jpg
0.7209,0,T2025_02897.jpg,T2025_01930.jpg
0.3980,1,T2025_02986.jpg,T2025_02225.jpg
0.5520,0,T2025_00705.jpg,T2025_00114.jpg
0.5804,1,T2025_02621.jpg,T2025_01078.jpg
0.1564,0,T2025_02346.jpg,T2025_01527.jpg
0.2948,0,T2025_00364.jpg,T2025_01829.jpg
0.7133,1,T2025_03012.jpg,T2025_00728.jpg
0.5677,1,T2025_01498.jpg,T2025_02137.jpg
0.5194,1,T2025_01690.jpg,T2025_00764.jpg
0.4453,1,T2025_01600.jpg,T2025_02554.jpg
0.3783,0,T2025_01589.jpg,T2025_02163.jpg
0.5354,0,T2025_01809.jpg,T2025_00034.jpg
-0.0108,0,T2025_02871.jpg,T2025_02431.jpg
0.2014,1,T2025_01504.jpg,T2025_02892.jpg
0.4104,1,T2025_00580.jpg,T2025_02809.jpg
0.0615,1,T2025_02746.jpg,T2025_00306.jpg
0.1201,0,T2025_03017.jpg,T2025_01763.jpg
0.0656,1,T2025_02734.jpg,T2025_00185.jpg
0.4014,0,T2025_00299.jpg,T2025_00855.jpg
0.1112,0,T2025_02344.jpg,T2025_00147.jpg
0.0980,0,T2025_00636.jpg,T2025_01059.jpg
0.3447,0,T2025_02795.jpg,T2025_01812.jpg
0.2853,1,T2025_02073.jpg,T2025_00544.jpg
0.2638,1,T2025_00472.jpg,T2025_01229.jpg
0.4089,1,T2025_01608.jpg,T2025_01603.jpg
0.4483,1,T2025_02799.jpg,T2025_01733.jpg
0.6646,0,T2025_02196.jpg,T2025_00414.jpg
0.1387,1,T2025_01781.jpg,T2025_00470.jpg
-0.0008,0,T2025_02606.jpg,T2025_00271.jpg
0.0566,0,T2025_00467.jpg,T2025_02801.jpg
0.4428,1,T2025_02290.jpg,T2025_03096.jpg
0.1623,0,T2025_00017.jpg,T2025_01662.jpg
0.8567,0,T2025_02843.jpg,T2025_02758.jpg
0.0995,1,T2025_01097.jpg,T2025_00331.jpg
0.5185,0,T2025_00099.jpg,T2025_02430.jpg
-0.1429,0,T2025_01527.jpg,T2025_00876.jpg
0.4129,1,T2025_00187.jpg,T2025_00547.jpg
0.3095,0,T2025_01974.jpg,T2025_01235.jpg
0.3117,1,T2025_02497.jpg,T2025_00289.jpg
0.0031,0,T2025_00380.jpg,T2025_00549.jpg
0.2481,0,T2025_02359.jpg,T2025_01563.jpg
0.4427,0,T2025_00937.jpg,T2025_00772.jpg
0.0329,1,T2025_02939.jpg,T2025_00799.jpg
-0.0477,1,T2025_03035.jpg,T2025_02262.jpg
0.7357,0,T2025_01414.jpg,T2025_00943.jpg
0.0468,0,T2025_01530.jpg,T2025_02132.jpg
0.6520,0,T2025_01072.jpg,T2025_00861.jpg
0.1825,1,T2025_02911.jpg,T2025_03032.jpg
0.1838,0,T2025_02636.jpg,T2025_01560.jpg
0.1831,1,T2025_01804.jpg,T2025_00545.jpg
0.5561,1,T2025_01066.jpg,T2025_00745.jpg
0.1592,1,T2025_00949.jpg,T2025_02441.jpg
-0.0007,1,T2025_00506.jpg,T2025_00147.jpg
0.4996,0,T2025_02231.jpg,T2025_01386.jpg
0.2451,0,T2025_00069.jpg,T2025_02889.jpg
0.1729,1,T2025_01701.jpg,T2025_00049.jpg
0.3053,0,T2025_01833.jpg,T2025_01876.jpg
0.2715,0,T2025_00792.jpg,T2025_01756.jpg
0.4825,0,T2025_01693.jpg,T2025_02540.jpg
0.1562,1,T2025_00903.jpg,T2025_00349.jpg
0.7283,1,T2025_01350.jpg,T2025_00589.jpg
0.0473,1,T2025_01265.jpg,T2025_02557.jpg
0.3719,1,T2025_00609.jpg,T2025_01280.jpg
0.1357,0,T2025_00979.jpg,T2025_00018.jpg
0.1021,0,T2025_02509.jpg,T2025_01504.jpg
0.7108,1,T2025_01395.jpg,T2025_00849.jpg
0.3896,1,T2025_02601.jpg,T2025_00194.jpg
0.1360,0,T2025_01859.jpg,T2025_02712.jpg
0.0683,1,T2025_02245.jpg,T2025_01091.jpg
0.1109,0,T2025_01519.jpg,T2025_01360.jpg
0.0189,1,T2025_00777.jpg,T2025_03070.jpg
0.4958,0,T2025_00961.jpg,T2025_00406.jpg
-0.1075,0,T2025_00025.jpg,T2025_01255.jpg
0.6034,0,T2025_02164.jpg,T2025_00223.jpg
0.2232,0,T2025_00795.jpg,T2025_02647.jpg
0.2889,0,T2025_02473.jpg,T2025_01439.jpg
0.5156,1,T2025_00027.jpg,T2025_02597.jpg
0.4620,0,T2025_01335.jpg,T2025_00021.jpg
0.4154,0,T2025_03007.jpg,T2025_00435.jpg
0.0711,0,T2025_01516.jpg,T2025_01901.jpg
0.6993,1,T2025_01716.jpg,T2025_01646.jpg
0.5279,1,T2025_01783.jpg,T2025_02699.jpg
0.0259,0,T2025_02090.jpg,T2025_00551.jpg
0.1487,0,T2025_01891.jpg,T2025_01831.jpg
0.5605,1,T2025_01638.jpg,T2025_00509.jpg
0.1376,0,T2025_02673.jpg,T2025_00081.jpg
0.0477,0,T2025_02767.jpg,T2025_02840.jpg
0.2500,0,T2025_01129.jpg,T2025_02122.jpg
0.8818,1,T2025_01845.jpg,T2025_00081.jpg
0.3238,0,T2025_01280.jpg,T2025_00359.jpg
0.1695,1,T2025_02227.jpg,T2025_00138.jpg
0.3187,1,T2025_01450.jpg,T2025_01364.jpg
0.2241,1,T2025_00431.jpg,T2025_00037.jpg
0.0163,1,T2025_01539.jpg,T2025_01788.jpg
0.0144,0,T2025_00213.jpg,T2025_00830.jpg
0.2774,1,T2025_01318.jpg,T2025_00619.jpg
0.1712,0,T2025_01926.jpg,T2025_01538.jpg
0.5364,1,T2025_00208.jpg,T2025_01344.jpg
0.2316,1,T2025_02101.jpg,T2025_01463.jpg
0.0473,0,T2025_02144.jpg,T2025_02638.jpg
0.0863,1,T2025_02863.jpg,T2025_01758.jpg
0.7768,0,T2025_01564.jpg,T2025_00733.jpg
0.3367,1,T2025_03020.jpg,T2025_01385.jpg
0.5812,0,T2025_02276.jpg,T2025_00416.jpg
0.4316,0,T2025_01826.jpg,T2025_00872.jpg
0.0559,1,T2025_00161.jpg,T2025_01590.jpg
0.3828,0,T2025_02536.jpg,T2025_02546.jpg
0.2971,0,T2025_02851.jpg,T2025_00165.jpg
0.1732,1,T2025_02211.jpg,T2025_01132.jpg
0.3650,0,T2025_00034.jpg,T2025_00072.jpg
0.2055,0,T2025_00796.jpg,T2025_02158.jpg
0.3638,0,T2025_00151.jpg,T2025_01786.jpg
0.5002,1,T2025_01800.jpg,T2025_02052.jpg
0.2968,1,T2025_02994.jpg,T2025_01745.jpg
-0.0445,0,T2025_02121.jpg,T2025_00913.jpg
0.6312,1,T2025_01115.jpg,T2025_00037.jpg
0.7181,1,T2025_01144.jpg,T2025_01290.jpg
-0.1864,0,T2025_01579.jpg,T2025_00614.jpg
0.0828,1,T2025_00791.jpg,T2025_02825.jpg
0.1027,0,T2025_00790.jpg,T2025_02261.jpg
0.5052,0,T2025_02942.jpg,T2025_00717.jpg
0.4053,0,T2025_01063.jpg,T2025_00598.jpg
-0.0705,0,T2025_00722.jpg,T2025_01044.jpg
0.2300,0,T2025_01278.jpg,T2025_03001.jpg
0.0236,1,T2025_01068.jpg,T2025_02827.jpg
0.1571,0,T2025_02673.jpg,T2025_02749.jpg
0.1259,0,T2025_02716.jpg,T2025_02365.jpg
0.4645,1,T2025_01123.jpg,T2025_01080.jpg
0.1685,0,T2025_01819.jpg,T2025_00347.jpg
0.1937,0,T2025_00889.jpg,T2025_02515.jpg
0.3179,0,T2025_01382.jpg,T2025_00865.jpg
0.2492,1,T2025_02688.jpg,T2025_01618.jpg
0.5362,1,T2025_01184.jpg,T2025_01295.jpg
0.0728,0,T2025_01565.jpg,T2025_02276.jpg
0.7082,1,T2025_02810.jpg,T2025_02226.jpg
0.0737,0,T2025_01029.jpg,T2025_02155.jpg
0.1286,1,T2025_03075.jpg,T2025_02289.jpg
0.0658,0,T2025_00661.jpg,T2025_00145.jpg
0.4610,0,T2025_00989.jpg,T2025_02067.jpg
0.2966,1,T2025_01331.jpg,T2025_01996.jpg
0.3140,1,T2025_00957.jpg,T2025_00893.jpg
0.5185,0,T2025_00170.jpg,T2025_02760.jpg
0.1408,1,T2025_00431.jpg,T2025_02751.jpg
0.7538,1,T2025_02002.jpg,T2025_02843.jpg
0.3502,1,T2025_01467.jpg,T2025_00325.jpg
0.7136,0,T2025_01342.jpg,T2025_02871.jpg
0.5519,1,T2025_02078.jpg,T2025_02734.jpg
0.1934,1,T2025_02996.jpg,T2025_00779.jpg
0.2673,0,T2025_01189.jpg,T2025_01794.jpg
0.0347,1,T2025_00224.jpg,T2025_02976.jpg
-0.2059,1,T2025_00756.jpg,T2025_00126.jpg
0.2460,1,T2025_00980.jpg,T2025_01106.jpg
0.4022,1,T2025_01879.jpg,T2025_00314.jpg
0.1606,0,T2025_02001.jpg,T2025_00278.jpg
0.3801,1,T2025_00952.jpg,T2025_02838.jpg
0.5503,0,T2025_00768.jpg,T2025_00444.jpg
0.2151,0,T2025_02027.jpg,T2025_02182.jpg
-0.0238,0,T2025_01457.jpg,T2025_02272.jpg
0.2478,1,T2025_01300.jpg,T2025_00147.jpg
-0.1910,0,T2025_00982.jpg,T2025_03029.jpg
0.1444,1,T2025_00715.jpg,T2025_01142.jpg
0.2357,1,T2025_01882.jpg,T2025_00669.jpg
0.4190,1,T2025_00555.jpg,T2025_02009.jpg
0.2275,1,T2025_00129.jpg,T2025_01831.jpg
0.3625,0,T2025_02538.jpg,T2025_00710.jpg
0.1827,1,T2025_00811.jpg,T2025_00468.jpg
0.3679,0,T2025_01166.jpg,T2025_02058.jpg
0.5336,0,T2025_01105.jpg,T2025_02532.jpg
-0.0244,0,T2025_02417.jpg,T2025_01625.jpg
0.3192,1,T2025_00010.jpg,T2025_02893.jpg
0.1810,0,T2025_02538.jpg,T2025_02473.jpg
0.2909,0,T2025_00267.jpg,T2025_01735.jpg
0.6026,0,T2025_01898.jpg,T2025_01671.jpg
0.7751,1,T2025_02139.jpg,T2025_02896.jpg
0.6126,0,T2025_01936.jpg,T2025_01357.jpg
0.7354,1,T2025_03081.jpg,T2025_01371.jpg
0.2537,0,T2025_01159.jpg,T2025_01955.jpg
0.2566,1,T2025_00021.jpg,T2025_02843.jpg
0.3464,0,T2025_02551.jpg,T2025_02271.jpg
0.0493,0,T2025_02622.jpg,T2025_01249.jpg
0.2745,1,T2025_00778.jpg,T2025_00634.jpg
0.3634,0,T2025_02831.jpg,T2025_01679.jpg
0.2608,1,T2025_00996.jpg,T2025_02612.jpg
0.0464,1,T2025_03062.jpg,T2025_02904.jpg
-0.0957,1,T2025_00967.jpg,T2025_01809.jpg
0.0325,0,T2025_00984.jpg,T2025_01310.jpg
0.7292,0,T2025_01378.jpg,T2025_02273.jpg
0.2632,0,T2025_01314.jpg,T2025_01369.jpg
0.1082,0,T2025_00189.jpg,T2025_02451.jpg
0.8050,1,T2025_00303.jpg,T2025_00953.jpg
0.6586,1,T2025_00676.jpg,T2025_00188.jpg
0.4237,1,T2025_02844.jpg,T2025_00840.jpg
0.1042,0,T2025_01631.jpg,T2025_00679.jpg
0.0882,1,T2025_02761.jpg,T2025_00190.jpg
0.0947,1,T2025_02158.jpg,T2025_01514.jpg
0.1446,1,T2025_02256.jpg,T2025_01663.jpg
0.2029,0,T2025_02486.jpg,T2025_01316.jpg
0.1814,1,T2025_02105.jpg,T2025_01596.jpg
0.0954,1,T2025_01307.jpg,T2025_00868.jpg
0.3515,0,T2025_01918.jpg,T2025_02357.jpg
0.1615,0,T2025_01661.jpg,T2025_00992.jpg
0.5852,0,T2025_02017.jpg,T2025_00644.jpg
-0.2004,1,T2025_02160.jpg,T2025_00926.jpg
0.5171,1,T2025_00575.jpg,T2025_00329.jpg
0.6566,0,T2025_00810.jpg,T2025_03051.jpg
-0.0066,0,T2025_03002.jpg,T2025_00180.jpg
-0.1010,1,T2025_00110.jpg,T2025_00426.jpg
0.0587,1,T2025_00575.jpg,T2025_03036.jpg
0.6522,0,T2025_02316.jpg,T2025_01256.jpg
0.3146,0,T2025_01299.jpg,T2025_01835.jpg
0.0668,0,T2025_03091.jpg,T2025_02170.jpg
0.2704,1,T2025_01323.jpg,T2025_02131.jpg
0.2342,1,T2025_01812.jpg,T2025_01411.jpg
0.8094,0,T2025_01633.jpg,T2025_01362.jpg
0.0644,1,T2025_00064.jpg,T2025_00418.jpg
0.0167,0,T2025_00397.jpg,T2025_01927.jpg
0.0774,1,T2025_01437.jpg,T2025_00526.jpg
0.7635,0,T2025_02615.jpg,T2025_00868.jpg
0.7020,1,T2025_03069.jpg,T2025_00656.jpg
0.2911,1,T2025_02867.jpg,T2025_01601.jpg
0.3235,1,T2025_01417.jpg,T2025_02878.jpg
0.4516,1,T2025_02090.jpg,T2025_02882.jpg
0.0320,0,T2025_00649.jpg,T2025_00871.jpg
-0.0996,0,T2025_03064.jpg,T2025_03059.jpg
0.0767,0,T2025_01170.jpg,T2025_02222.jpg
0.1261,0,T2025_01444.jpg,T2025_00476.jpg
0.5789,0,T2025_02019.jpg,T2025_03081.jpg
0.4338,1,T2025_00214.jpg,T2025_01527.jpg
0.8166,0,T2025_02635.jpg,T2025_02936.jpg
0.0233,0,T2025_00540.jpg,T2025_02008.jpg
-0.2169,1,T2025_02343.jpg,T2025_00631.jpg
0.1213,0,T2025_01881.jpg,T2025_02072.jpg
0.2863,0,T2025_02452.jpg,T2025_02652.jpg
0.4341,0,T2025_00291.jpg,T2025_02405.jpg
0.2177,1,T2025_01372.jpg,T2025_02067.jpg
0.2417,1,T2025_01182.jpg,T2025_00351.jpg
0.3882,0,T2025_02082.jpg,T2025_03014.jpg
0.6797,1,T2025_02697.jpg,T2025_00496.jpg
0.6748,1,T2025_02367.jpg,T2025_02965.jpg
0.3868,0,T2025_02468.jpg,T2025_01327.jpg
0.1987,0,T2025_01501.jpg,T2025_01985.jpg
0.3844,1,T2025_01327.jpg,T2025_01628.jpg
0.1838,1,T2025_00366.jpg,T2025_00631.jpg
0.1140,1,T2025_00594.jpg,T2025_01872.jpg
0.3991,1,T2025_00397.jpg,T2025_01554.jpg
0.2485,0,T2025_00363.jpg,T2025_00794.jpg
0.1635,0,T2025_00581.jpg,T2025_01849.jpg
0.1502,0,T2025_03027.jpg,T2025_01012.jpg
0.0569,0,T2025_02290.jpg,T2025_01666.jpg
0.8369,0,T2025_00927.jpg,T2025_01060.jpg
-0.0283,1,T2025_01113.jpg,T2025_01648.jpg
0.3265,1,T2025_01625.jpg,T2025_00414.jpg
0.3980,1,T2025_00289.jpg,T2025_00196.jpg
0.1747,1,T2025_01998.jpg,T2025_02628.jpg
0.4818,1,T2025_02798.jpg,T2025_01980.jpg
-0.0307,1,T2025_00931.jpg,T2025_01005.jpg
0.4786,1,T2025_01228.jpg,T2025_02461.jpg
0.2070,1,T2025_00714.jpg,T2025_00733.jpg
0.1447,1,T2025_01214.jpg,T2025_01910.jpg
0.7771,0,T2025_01064.jpg,T2025_03049.jpg
0.7092,1,T2025_02338.jpg,T2025_00454.jpg
0.0226,0,T2025_01093.jpg,T2025_01623.jpg
0.1308,1,T2025_00764.jpg,T2025_02605.jpg
0.5279,1,T2025_01415.jpg,T2025_00219.jpg
0.0402,1,T2025_02605.jpg,T2025_00010.jpg
0.2610,1,T2025_01884.jpg,T2025_02924.jpg
0.3543,1,T2025_02151.jpg,T2025_00425.jpg
0.0150,0,T2025_02786.jpg,T2025_02551.jpg
0.2264,0,T2025_01130.jpg,T2025_00212.jpg
0.1667,1,T2025_02342.jpg,T2025_00393.jpg
0.0765,0,T2025_01164.jpg,T2025_02284.jpg
0.2486,1,T2025_02773.jpg,T2025_00453.jpg
0.0777,0,T2025_01862.jpg,T2025_01892.jpg
0.4716,0,T2025_02550.jpg,T2025_00164.jpg
0.1546,1,T2025_01111.jpg,T2025_02907.jpg
0.4267,1,T2025_00815.jpg,T2025_02848.jpg
0.0839,0,T2025_01708.jpg,T2025_03009.jpg
0.5899,1,T2025_02040.jpg,T2025_01740.jpg
0.3804,0,T2025_01744.jpg,T2025_02059.jpg
0.0932,1,T2025_02312.jpg,T2025_00671.jpg
0.2635,1,T2025_01310.jpg,T2025_02285.jpg
-0.1816,0,T2025_01161.jpg,T2025_01135.jpg
-0.0668,0,T2025_01970.jpg,T2025_01902.jpg
0.6794,0,T2025_00326.jpg,T2025_02600.jpg
0.3961,1,T2025_01815.jpg,T2025_01916.jpg
0.5959,1,T2025_02303.jpg,T2025_01269.jpg
0.3896,0,T2025_01376.jpg,T2025_02723.jpg
0.1400,0,T2025_00639.jpg,T2025_01968.jpg
0.8530,0,T2025_01411.jpg,T2025_01732.jpg
0.1693,0,T2025_02408.jpg,T2025_00753.jpg
0.5426,0,T2025_02545.jpg,T2025_01064.jpg
0.5957,0,T2025_00876.jpg,T2025_00678.jpg
0.1020,1,T2025_01974.jpg,T2025_00435.jpg
0.5640,0,T2025_00490.jpg,T2025_02219.jpg
0.4721,0,T2025_00740.jpg,T2025_03003.jpg
0.5960,1,T2025_01100.jpg,T2025_00463.jpg
0.7292,1,T2025_00899.jpg,T2025_01979.jpg
0.5876,0,T2025_02523.jpg,T2025_01528.jpg
0.3084,1,T2025_01102.jpg,T2025_02971.jpg
0.4238,0,T2025_01775.jpg,T2025_01900.jpg
0.3570,1,T2025_01238.jpg,T2025_01860.jpg
0.1447,1,T2025_03017.jpg,T2025_00030.jpg
0.1757,0,T2025_02488.jpg,T2025_02165.jpg
-0.0511,1,T2025_02728.jpg,T2025_01129.jpg
0.1434,1,T2025_01520.jpg,T2025_01439.jpg
0.6766,1,T2025_01900.jpg,T2025_01225.jpg
0.2088,1,T2025_00624.jpg,T2025_02231.jpg
0.3054,0,T2025_00105.jpg,T2025_00770.jpg
-0.0137,0,T2025_00180.jpg,T2025_01347.jpg
0.7751,0,T2025_01243.jpg,T2025_00391.jpg
0.1728,1,T2025_01506.jpg,T2025_00315.jpg
0.3502,1,T2025_00864.jpg,T2025_01504.jpg
0.2990,1,T2025_02975.jpg,T2025_03091.jpg
0.3246,0,T2025_00609.jpg,T2025_02503.jpg
0.0401,1,T2025_00914.jpg,T2025_00958.jpg
0.4875,0,T2025_02906.jpg,T2025_00023.jpg
0.1994,0,T2025_01824.jpg,T2025_00566.jpg
0.5225,1,T2025_02131.jpg,T2025_00601.jpg
0.0552,1,T2025_00321.jpg,T2025_00359.jpg
0.2599,0,T2025_00749.jpg,T2025_02512.jpg
-0.0258,0,T2025_01784.jpg,T2025_00017.jpg
0.0516,0,T2025_01456.jpg,T2025_02467.jpg
0.1921,0,T2025_01307.jpg,T2025_00333.jpg
0.2308,1,T2025_02895.jpg,T2025_01719.jpg
0.1817,1,T2025_02413.jpg,T2025_01697.jpg
0.2615,1,T2025_00379.jpg,T2025_02981.jpg
0.1601,0,T2025_01191.jpg,T2025_01192.jpg
-0.0004,0,T2025_01059.jpg,T2025_01976.jpg
0.3227,0,T2025_02441.jpg,T2025_01986.jpg
0.7446,1,T2025_02254.jpg,T2025_00240.jpg
0.0409,1,T2025_03042.jpg,T2025_01566.jpg
0.8081,1,T2025_01279.jpg,T2025_02490.jpg
0.0222,0,T2025_00703.jpg,T2025_01692.jpg
0.3350,1,T2025_01631.jpg,T2025_02111.jpg
0.2620,0,T2025_00415.jpg,T2025_00325.jpg
0.6898,1,T2025_01077.jpg,T2025_02649.jpg
0.1254,1,T2025_00757.jpg,T2025_00043.jpg
0.1556,1,T2025_01723.jpg,T2025_00231.jpg
0.1813,0,T2025_00530.jpg,T2025_02243.jpg
-0.0097,0,T2025_00295.jpg,T2025_01014.jpg
0.3715,1,T2025_00625.jpg,T2025_00908.jpg
0.1926,1,T2025_01861.jpg,T2025_02969.jpg
0.7543,1,T2025_01146.jpg,T2025_01005.jpg
-0.0007,0,T2025_00650.jpg,T2025_00279.jpg
0.8481,0,T2025_02968.jpg,T2025_00980.jpg
0.5543,0,T2025_00183.jpg,T2025_01761.jpg
0.5507,0,T2025_01059.jpg,T2025_00473.jpg
1.0000,0,T2025_01827.jpg,T2025_01827.jpg
0.2212,1,T2025_00073.jpg,T2025_01588.jpg
-0.0957,0,T2025_00744.jpg,T2025_01592.jpg
0.4886,1,T2025_01286.jpg,T2025_02174.jpg
0.2849,1,T2025_03033.jpg,T2025_00812.jpg
0.0923,0,T2025_01887.jpg,T2025_01770.jpg
0.2757,1,T2025_00018.jpg,T2025_02497.jpg
0.2302,1,T2025_02857.jpg,T2025_01849.jpg
-0.0197,1,T2025_01388.jpg,T2025_02423.jpg
0.5603,1,T2025_00701.jpg,T2025_01592.jpg
0.6713,0,T2025_01738.jpg,T2025_02967.jpg
0.3210,0,T2025_00517.jpg,T2025_01386.jpg
0.0894,1,T2025_00398.jpg,T2025_00852.jpg
0.7309,0,T2025_00069.jpg,T2025_02521.jpg
-0.0073,0,T2025_01373.jpg,T2025_02185.jpg
0.4279,0,T2025_02564.jpg,T2025_01789.jpg
0.1224,1,T2025_00052.jpg,T2025_00159.jpg
0.7941,1,T2025_02480.jpg,T2025_00766.jpg
0.0854,1,T2025_01638.jpg,T2025_03067.jpg
-0.0051,1,T2025_02925.jpg,T2025_02974.jpg
0.0240,1,T2025_01587.jpg,T2025_02258.jpg
0.0012,1,T2025_01941.jpg,T2025_02714.jpg
0.3397,0,T2025_02676.jpg,T2025_02185.jpg
0.6933,0,T2025_00639.jpg,T2025_01060.jpg
-0.0402,1,T2025_02459.jpg,T2025_01116.jpg
0.1743,0,T2025_00864.jpg,T2025_01609.jpg
0.3128,1,T2025_00388.jpg,T2025_02688.jpg
0.3943,1,T2025_02079.jpg,T2025_02698.jpg
0.2293,0,T2025_01163.jpg,T2025_03022.jpg
0.3204,0,T2025_00673.jpg,T2025_00797.jpg
0.0262,1,T2025_00638.jpg,T2025_00204.jpg
0.0354,1,T2025_00878.jpg,T2025_00459.jpg
-0.0054,1,T2025_00479.jpg,T2025_00209.jpg
0.1411,0,T2025_00314.jpg,T2025_00791.jpg
1.0000,1,T2025_00604.jpg,T2025_00604.jpg
0.5406,0,T2025_02797.jpg,T2025_01238.jpg
0.1974,0,T2025_02097.jpg,T2025_01798.jpg
0.1052,1,T2025_01158.jpg,T2025_02151.jpg
0.0976,1,T2025_00454.jpg,T2025_00846.jpg
0.0973,0,T2025_01182.jpg,T2025_01938.jpg
0.2137,1,T2025_02700.jpg,T2025_02485.jpg
0.0794,1,T2025_00215.jpg,T2025_00306.jpg
0.1943,1,T2025_00433.jpg,T2025_01635.jpg
0.5364,1,T2025_00145.jpg,T2025_01667.jpg
0.0572,1,T2025_01654.jpg,T2025_00789.jpg
0.6688,0,T2025_01680.jpg,T2025_01948.jpg
0.2847,0,T2025_02111.jpg,T2025_00504.jpg
0.2002,0,T2025_00568.jpg,T2025_01823.jpg
0.4688,0,T2025_02388.jpg,T2025_02267.jpg
0.2226,1,T2025_02952.jpg,T2025_02148.jpg
0.4009,0,T2025_02433.jpg,T2025_02077.jpg
0.7757,0,T2025_01352.jpg,T2025_03003.jpg
0.0068,1,T2025_02827.jpg,T2025_02381.jpg
0.1367,0,T2025_02669.jpg,T2025_01678.jpg
0.7769,1,T2025_02656.jpg,T2025_01098.jpg
0.2239,0,T2025_02673.jpg,T2025_01245.jpg
-0.0222,1,T2025_01918.jpg,T2025_02851.jpg
0.0158,0,T2025_00109.jpg,T2025_00120.jpg
0.1104,0,T2025_00727.jpg,T2025_01677.jpg
-0.0522,0,T2025_02251.jpg,T2025_00261.jpg
0.8261,1,T2025_02880.jpg,T2025_01992.jpg
-0.0313,1,T2025_01034.jpg,T2025_01057.jpg
0.3348,1,T2025_00347.jpg,T2025_00203.jpg
0.2154,0,T2025_00731.jpg,T2025_01086.jpg
0.3141,0,T2025_02118.jpg,T2025_00873.jpg
0.0804,1,T2025_01143.jpg,T2025_01288.jpg
0.0332,1,T2025_02736.jpg,T2025_02890.jpg
0.0042,1,T2025_02289.jpg,T2025_01003.jpg
0.4807,1,T2025_00405.jpg,T2025_00719.jpg
0.1403,1,T2025_02602.jpg,T2025_02941.jpg
0.0230,1,T2025_01408.jpg,T2025_00014.jpg
0.0548,1,T2025_00103.jpg,T2025_01926.jpg
1.0000,1,T2025_00957.jpg,T2025_00957.jpg
0.1828,0,T2025_02623.jpg,T2025_00092.jpg
0.2528,0,T2025_00483.jpg,T2025_02234.jpg
0.7365,0,T2025_00757.jpg,T2025_02641.jpg
0.3554,1,T2025_00537.jpg,T2025_00915.jpg
0.1437,1,T2025_02277.jpg,T2025_03102.jpg
0.1790,1,T2025_00057.jpg,T2025_00673.jpg
0.1158,1,T2025_00828.jpg,T2025_02295.jpg
0.0130,1,T2025_01422.jpg,T2025_00522.jpg
0.3415,1,T2025_01136.jpg,T2025_01326.jpg
0.5305,0,T2025_00854.jpg,T2025_02959.jpg
0.2094,1,T2025_02201.jpg,T2025_01049.jpg
0.1355,1,T2025_00514.jpg,T2025_01216.jpg
0.4503,0,T2025_02941.jpg,T2025_00017.jpg
0.5215,1,T2025_02906.jpg,T2025_01737.jpg
0.0841,0,T2025_02174.jpg,T2025_00617.jpg
0.2199,1,T2025_01357.jpg,T2025_01906.jpg
0.0342,0,T2025_03014.jpg,T2025_00207.jpg
0.7605,1,T2025_03097.jpg,T2025_00701.jpg
0.7503,1,T2025_01219.jpg,T2025_00443.jpg
0.2562,1,T2025_02102.jpg,T2025_00226.jpg
0.5479,0,T2025_01733.jpg,T2025_00881.jpg
0.4466,0,T2025_00773.jpg,T2025_00142.jpg
0.1180,1,T2025_02367.jpg,T2025_03070.jpg
0.1338,0,T2025_02881.jpg,T2025_01801.jpg
0.4489,1,T2025_02662.jpg,T2025_00665.jpg
0.2066,0,T2025_01712.jpg,T2025_02872.jpg
0.0915,0,T2025_01038.jpg,T2025_02341.jpg
0.3686,1,T2025_01876.jpg,T2025_01671.jpg
0.3019,1,T2025_01476.jpg,T2025_02539.jpg
0.1171,1,T2025_02189.jpg,T2025_01934.jpg
0.4120,1,T2025_01967.jpg,T2025_01670.jpg
-0.0494,0,T2025_00370.jpg,T2025_02538.jpg
0.7200,0,T2025_01803.jpg,T2025_01337.jpg
0.7015,0,T2025_01432.jpg,T2025_02319.jpg
0.8194,1,T2025_02507.jpg,T2025_01723.jpg
0.3212,0,T2025_02770.jpg,T2025_00785.jpg
0.1079,1,T2025_02408.jpg,T2025_00534.jpg
0.3928,0,T2025_00868.jpg,T2025_01854.jpg
0.5677,0,T2025_00997.jpg,T2025_01223.jpg
0.2059,0,T2025_02751.jpg,T2025_02993.jpg
0.0823,1,T2025_01283.jpg,T2025_00597.jpg
0.3667,1,T2025_00201.jpg,T2025_00360.jpg
0.1230,1,T2025_01213.jpg,T2025_02775.jpg
0.1226,0,T2025_01837.jpg,T2025_02826.jpg
0.6461,0,T2025_00435.jpg,T2025_01219.jpg
0.5510,0,T2025_00546.jpg,T2025_02130.jpg
0.6526,1,T2025_03027.jpg,T2025_03074.jpg
-0.0575,1,T2025_02005.jpg,T2025_00748.jpg
0.2315,0,T2025_01149.jpg,T2025_01978.jpg
0.2650,0,T2025_02371.jpg,T2025_01908.jpg
0.1147,0,T2025_02557.jpg,T2025_00809.jpg
0.4897,1,T2025_02234.jpg,T2025_03076.jpg
0.6122,1,T2025_02773.jpg,T2025_01679.jpg
0.5670,1,T2025_02205.jpg,T2025_02316.jpg
0.5894,0,T2025_00381.jpg,T2025_03099.jpg
0.1643,0,T2025_01883.jpg,T2025_01654.jpg
0.1632,0,T2025_02860.jpg,T2025_00032.jpg
0.5263,1,T2025_02768.jpg,T2025_00048.jpg
0.1903,0,T2025_01408.jpg,T2025_00506.jpg
0.6009,1,T2025_02110.jpg,T2025_00241.jpg
0.4550,1,T2025_02120.jpg,T2025_00452.jpg
0.3732,1,T2025_02109.jpg,T2025_01119.jpg
0.1299,0,T2025_02152.jpg,T2025_01380.jpg
0.0054,1,T2025_01017.jpg,T2025_01440.jpg
0.1480,1,T2025_02395.jpg,T2025_02160.jpg
0.6205,0,T2025_00770.jpg,T2025_00159.jpg
0.2616,1,T2025_02210.jpg,T2025_01338.jpg
0.4695,0,T2025_00407.jpg,T2025_00562.jpg
0.2877,1,T2025_00253.jpg,T2025_00821.jpg
0.3185,0,T2025_01761.jpg,T2025_01059.jpg
0.2897,0,T2025_02631.jpg,T2025_02904.jpg
0.1632,0,T2025_02700.jpg,T2025_02564.jpg
0.0195,0,T2025_00616.jpg,T2025_02934.jpg
0.2365,0,T2025_00738.jpg,T2025_01965.jpg
0.0657,0,T2025_02929.jpg,T2025_02041.jpg
-0.0063,0,T2025_01577.jpg,T2025_01838.jpg
0.2438,0,T2025_02234.jpg,T2025_00993.jpg
0.3908,1,T2025_02641.jpg,T2025_02374.jpg
0.1883,0,T2025_00362.jpg,T2025_02018.jpg
-0.0733,0,T2025_01939.jpg,T2025_02703.jpg
0.2895,0,T2025_02059.jpg,T2025_01799.jpg
0.2537,1,T2025_02999.jpg,T2025_01929.jpg
0.3110,0,T2025_01771.jpg,T2025_01395.jpg
0.2155,1,T2025_02462.jpg,T2025_00005.jpg
0.0062,0,T2025_00685.jpg,T2025_00570.jpg
0.3004,1,T2025_01588.jpg,T2025_01315.jpg
-0.0505,1,T2025_02577.jpg,T2025_00637.jpg
0.1427,1,T2025_01589.jpg,T2025_00334.jpg
0.0446,1,T2025_01540.jpg,T2025_01081.jpg
0.1690,0,T2025_01259.jpg,T2025_00181.jpg
0.8923,0,T2025_00359.jpg,T2025_02292.jpg
0.3023,0,T2025_02304.jpg,T2025_02443.jpg
0.1552,1,T2025_03077.jpg,T2025_00012.jpg
0.3101,0,T2025_02022.jpg,T2025_02559.jpg
0.8185,1,T2025_01137.jpg,T2025_02756.jpg
0.4467,0,T2025_00203.jpg,T2025_01695.jpg
0.6884,0,T2025_02703.jpg,T2025_01255.jpg
0.0606,0,T2025_00681.jpg,T2025_00146.jpg
0.0269,0,T2025_01039.jpg,T2025_01515.jpg
0.7209,1,T2025_00873.jpg,T2025_00098.jpg
0.5979,0,T2025_00501.jpg,T2025_01814.jpg
0.7508,1,T2025_00344.jpg,T2025_01998.jpg
0.7874,1,T2025_02098.jpg,T2025_00699.jpg
0.2802,0,T2025_00300.jpg,T2025_00238.jpg
0.3180,0,T2025_02260.jpg,T2025_00698.jpg
-0.0044,0,T2025_02424.jpg,T2025_00785.jpg
0.5138,0,T2025_00473.jpg,T2025_02381.jpg
0.4630,0,T2025_01900.jpg,T2025_00546.jpg
0.3534,1,T2025_02150.jpg,T2025_01412.jpg
0.3535,0,T2025_02317.jpg,T2025_01700.jpg
0.6061,1,T2025_00417.jpg,T2025_01510.jpg
0.0024,0,T2025_00157.jpg,T2025_00232.jpg
0.4682,1,T2025_03041.jpg,T2025_01746.jpg
0.3215,0,T2025_02082.jpg,T2025_02891.jpg
-0.1509,0,T2025_00566.jpg,T2025_00109.jpg
0.5466,0,T2025_02934.jpg,T2025_02368.jpg
0.3611,1,T2025_01032.jpg,T2025_01968.jpg
0.2709,1,T2025_00528.jpg,T2025_01781.jpg
0.6109,0,T2025_00558.jpg,T2025_00915.jpg
0.7746,0,T2025_00332.jpg,T2025_01364.jpg
-0.0316,1,T2025_01343.jpg,T2025_00677.jpg
0.2631,0,T2025_02848.jpg,T2025_01270.jpg
0.5303,1,T2025_00228.jpg,T2025_00790.jpg
0.1383,1,T2025_01162.jpg,T2025_01779.jpg
0.1610,0,T2025_01260.jpg,T2025_02610.jpg
-0.0085,0,T2025_02521.jpg,T2025_00051.jpg
0.0784,0,T2025_00437.jpg,T2025_00961.jpg
0.6245,0,T2025_02934.jpg,T2025_03005.jpg
0.1117,1,T2025_01062.jpg,T2025_02186.jpg
0.4274,0,T2025_01338.jpg,T2025_02595.jpg
0.2335,1,T2025_01581.jpg,T2025_01182.jpg
-0.0533,1,T2025_00613.jpg,T2025_01769.jpg
0.3870,1,T2025_02269.jpg,T2025_01366.jpg
0.0786,0,T2025_01287.jpg,T2025_00173.jpg
0.4724,0,T2025_01938.jpg,T2025_01542.jpg
0.8411,0,T2025_02204.jpg,T2025_02677.jpg
0.5412,1,T2025_00061.jpg,T2025_01459.jpg
0.1908,1,T2025_03044.jpg,T2025_00659.jpg
0.8546,1,T2025_00820.jpg,T2025_01952.jpg
0.4543,0,T2025_01421.jpg,T2025_01178.jpg
0.1250,0,T2025_01583.jpg,T2025_02814.jpg
0.1636,0,T2025_01538.jpg,T2025_00494.jpg
0.7799,0,T2025_03053.jpg,T2025_02421.jpg
0.3013,1,T2025_01655.jpg,T2025_02244.jpg
0.0370,1,T2025_01037.jpg,T2025_00228.jpg
-0.0559,1,T2025_01897.jpg,T2025_02242.jpg
0.0833,0,T2025_02547.jpg,T2025_02176.jpg
0.0869,1,T2025_02396.jpg,T2025_00532.jpg
0.1202,0,T2025_00756.jpg,T2025_02799.jpg
0.0368,0,T2025_02111.jpg,T2025_01307.jpg
0.4360,0,T2025_01881.jpg,T2025_02235.jpg
0.2494,1,T2025_00630.jpg,T2025_03055.jpg
0.4799,0,T2025_00328.jpg,T2025_03036.jpg
0.2093,1,T2025_01990.jpg,T2025_01306.jpg
0.2149,0,T2025_02053.jpg,T2025_00700.jpg
0.5152,1,T2025_01243.jpg,T2025_00231.jpg
0.5153,0,T2025_02844.jpg,T2025_00681.jpg
-0.1099,1,T2025_00876.jpg,T2025_02578.jpg
0.1999,0,T2025_00658.jpg,T2025_01078.jpg
0.0900,0,T2025_00622.jpg,T2025_01839.jpg
0.4253,1,T2025_01751.jpg,T2025_00494.jpg
0.2203,0,T2025_02732.jpg,T2025_00875.jpg
0.9070,1,T2025_01529.jpg,T2025_02346.jpg
0.1762,0,T2025_01682.jpg,T2025_01139.jpg
0.2193,1,T2025_00413.jpg,T2025_00590.jpg
0.2368,1,T2025_02858.jpg,T2025_01109.jpg
0.0378,1,T2025_01325.jpg,T2025_01839.jpg
0.5164,1,T2025_02813.jpg,T2025_01736.jpg
0.2372,1,T2025_02092.jpg,T2025_02967.jpg
0.0916,1,T2025_00853.jpg,T2025_02008.jpg
0.0770,0,T2025_01617.jpg,T2025_00470.jpg
0.2959,1,T2025_00281.jpg,T2025_02114.jpg
0.5796,1,T2025_00363.jpg,T2025_03015.jpg
0.6153,0,T2025_01144.jpg,T2025_00605.jpg
0.7521,1,T2025_02548.jpg,T2025_01975.jpg
0.2972,1,T2025_01430.jpg,T2025_01283.jpg
-0.1179,1,T2025_00139.jpg,T2025_01509.jpg
0.4409,1,T2025_02655.jpg,T2025_01022.jpg
0.6586,0,T2025_02065.jpg,T2025_00001.jpg
0.7775,1,T2025_02292.jpg,T2025_02017.jpg
0.5639,0,T2025_02782.jpg,T2025_00663.jpg
0.7754,0,T2025_00468.jpg,T2025_02127.jpg
0.3862,0,T2025_00418.jpg,T2025_00887.jpg
0.7878,1,T2025_02054.jpg,T2025_01879.jpg
0.4330,0,T2025_02709.jpg,T2025_00110.jpg
0.1835,0,T2025_01846.jpg,T2025_01082.jpg
0.1625,0,T2025_02514.jpg,T2025_00126.jpg
0.1891,0,T2025_00606.jpg,T2025_00863.jpg
0.5402,0,T2025_02602.jpg,T2025_00083.jpg
0.6799,0,T2025_02052.jpg,T2025_02038.jpg
0.6339,1,T2025_01169.jpg,T2025_01355.jpg
0.1957,1,T2025_02167.jpg,T2025_01294.jpg
0.0586,1,T2025_01965.jpg,T2025_02660.jpg
0.4778,0,T2025_02162.jpg,T2025_01524.jpg
-0.0432,1,T2025_01960.jpg,T2025_02041.jpg
0.4237,0,T2025_02213.jpg,T2025_00002.jpg
0.0419,1,T2025_00523.jpg,T2025_01113.jpg
0.0693,1,T2025_02865.jpg,T2025_01423.jpg
0.1469,0,T2025_01621.jpg,T2025_02420.jpg
0.3735,1,T2025_00532.jpg,T2025_01356.jpg
0.4109,1,T2025_02231.jpg,T2025_00719.jpg
0.1285,1,T2025_00810.jpg,T2025_01679.jpg
0.7195,0,T2025_00740.jpg,T2025_01342.jpg
0.3624,0,T2025_00430.jpg,T2025_00903.jpg
0.1131,0,T2025_01431.jpg,T2025_00072.jpg
0.7137,1,T2025_00313.jpg,T2025_01429.jpg
0.1169,1,T2025_00971.jpg,T2025_01731.jpg
0.4478,1,T2025_00007.jpg,T2025_00439.jpg
0.8298,0,T2025_02486.jpg,T2025_00094.jpg
-0.0974,0,T2025_00699.jpg,T2025_01402.jpg
0.3313,1,T2025_00923.jpg,T2025_02873.jpg
0.4639,0,T2025_02057.jpg,T2025_01232.jpg
0.6349,1,T2025_00423.jpg,T2025_00109.jpg
0.1343,0,T2025_00545.jpg,T2025_01685.jpg
0.3190,0,T2025_02103.jpg,T2025_01354.jpg
0.2317,0,T2025_02475.jpg,T2025_01069.jpg
0.1606,1,T2025_01943.jpg,T2025_00746.jpg
0.0795,1,T2025_00952.jpg,T2025_01950.jpg
0.7187,0,T2025_02813.jpg,T2025_01359.jpg
0.0130,1,T2025_01276.jpg,T2025_02664.jpg
-0.0146,0,T2025_03056.jpg,T2025_00929.jpg
0.1568,1,T2025_02584.jpg,T2025_00571.jpg
0.0771,1,T2025_02081.jpg,T2025_01399.jpg
0.2926,0,T2025_03051.jpg,T2025_02964.jpg
0.7574,0,T2025_01250.jpg,T2025_01491.jpg
0.1551,1,T2025_01904.jpg,T2025_02947.jpg
0.4666,1,T2025_01919.jpg,T2025_00930.jpg
0.0202,0,T2025_01355.jpg,T2025_02287.jpg
0.4588,1,T2025_02575.jpg,T2025_02557.jpg
0.4876,0,T2025_00586.jpg,T2025_02527.jpg
0.0815,1,T2025_02726.jpg,T2025_02445.jpg
-0.0586,0,T2025_00742.jpg,T2025_02154.jpg
0.5904,0,T2025_00325.jpg,T2025_00967.jpg
0.5554,0,T2025_01145.jpg,T2025_01666.jpg
0.2675,0,T2025_02462.jpg,T2025_00725.jpg
0.1589,0,T2025_00956.jpg,T2025_03077.jpg
0.0283,0,T2025_02599.jpg,T2025_02534.jpg
0.4863,0,T2025_01151.jpg,T2025_01660.jpg
0.5225,1,T2025_00867.jpg,T2025_02205.jpg
0.0418,1,T2025_01959.jpg,T2025_01613.jpg
0.1014,0,T2025_00810.jpg,T2025_00102.jpg
0.1881,0,T2025_01809.jpg,T2025_00710.jpg
0.3285,1,T2025_01040.jpg,T2025_01366.jpg
0.5486,0,T2025_02724.jpg,T2025_00971.jpg
0.1899,0,T2025_01273.jpg,T2025_00433.jpg
0.1373,0,T2025_01388.jpg,T2025_01299.jpg
0.5228,0,T2025_01598.jpg,T2025_01907.jpg
0.7923,1,T2025_00488.jpg,T2025_02238.jpg
0.6216,1,T2025_02949.jpg,T2025_00397.jpg
0.5809,0,T2025_00869.jpg,T2025_00764.jpg
0.0450,0,T2025_01209.jpg,T2025_00070.jpg
0.3354,0,T2025_00248.jpg,T2025_01324.jpg
0.5378,1,T2025_02665.jpg,T2025_02637.jpg
0.3346,0,T2025_01276.jpg,T2025_03021.jpg
0.1229,0,T2025_01050.jpg,T2025_02762.jpg
0.3264,0,T2025_01584.jpg,T2025_01253.jpg
0.1132,0,T2025_00259.jpg,T2025_00524.jpg
0.4705,1,T2025_01319.jpg,T2025_00017.jpg
0.5395,0,T2025_01121.jpg,T2025_01508.jpg
0.7291,1,T2025_02337.jpg,T2025_01413.jpg
0.6823,0,T2025_01244.jpg,T2025_00505.jpg
0.2175,1,T2025_01597.jpg,T2025_01471.jpg
0.5646,1,T2025_01807.jpg,T2025_00350.jpg
0.6882,1,T2025_02253.jpg,T2025_02951.jpg
0.7216,1,T2025_02656.jpg,T2025_02086.jpg
0.4760,1,T2025_01574.jpg,T2025_02257.jpg
0.4349,0,T2025_00762.jpg,T2025_02836.jpg
0.3950,1,T2025_02911.jpg,T2025_02435.jpg
0.5750,1,T2025_01275.jpg,T2025_02800.jpg
0.8087,1,T2025_02121.jpg,T2025_00654.jpg
0.1754,0,T2025_00683.jpg,T2025_00772.jpg
0.4146,1,T2025_02043.jpg,T2025_02997.jpg
0.2719,1,T2025_01873.jpg,T2025_00411.jpg
0.7000,0,T2025_02283.jpg,T2025_01182.jpg
0.7970,1,T2025_01283.jpg,T2025_02512.jpg
0.0389,1,T2025_01076.jpg,T2025_00233.jpg
0.2103,0,T2025_01441.jpg,T2025_02901.jpg
0.1691,0,T2025_01126.jpg,T2025_00714.jpg
0.2997,1,T2025_02197.jpg,T2025_01899.jpg
0.7438,1,T2025_03038.jpg,T2025_00556.jpg
-0.1832,0,T2025_01292.jpg,T2025_00939.jpg
0.4724,1,T2025_01443.jpg,T2025_01442.jpg
0.6031,0,T2025_01467.jpg,T2025_02111.jpg
0.6857,0,T2025_01839.jpg,T2025_01918.jpg
0.4282,1,T2025_00272.jpg,T2025_01324.jpg
0.3019,1,T2025_02544.jpg,T2025_00512.jpg
0.5573,0,T2025_01114.jpg,T2025_00341.jpg
0.3062,1,T2025_03093.jpg,T2025_00167.jpg
0.5580,1,T2025_01928.jpg,T2025_01993.jpg
0.2763,1,T2025_00146.jpg,T2025_03000.jpg
0.0003,0,T2025_03018.jpg,T2025_00044.jpg
0.2173,0,T2025_02640.jpg,T2025_01726.jpg
0.5474,0,T2025_03056.jpg,T2025_02847.jpg
0.6476,1,T2025_01891.jpg,T2025_00165.jpg
0.1731,1,T2025_00812.jpg,T2025_00487.jpg
0.1530,0,T2025_00998.jpg,T2025_00346.jpg
0.1075,1,T2025_01794.jpg,T2025_01353.jpg
0.4812,0,T2025_00619.jpg,T2025_01321.jpg
0.1124,0,T2025_01231.jpg,T2025_02159.jpg
0.0414,0,T2025_02972.jpg,T2025_00446.jpg
0.5372,1,T2025_00651.jpg,T2025_00439.jpg
-0.0639,0,T2025_02997.jpg,T2025_00167.jpg
0.4589,1,T2025_01349.jpg,T2025_00041.jpg
0.1784,0,T2025_02205.jpg,T2025_01943.jpg
0.1978,1,T2025_02181.jpg,T2025_02175.jpg
0.1658,1,T2025_00663.jpg,T2025_02589.jpg
0.4361,0,T2025_02251.jpg,T2025_02465.jpg
0.2875,0,T2025_02673.jpg,T2025_00328.jpg
-0.0319,1,T2025_00940.jpg,T2025_00285.jpg
0.4696,1,T2025_02353.jpg,T2025_00322.jpg
0.1797,1,T2025_01415.jpg,T2025_02801.jpg
0.1789,0,T2025_01799.jpg,T2025_00351.jpg
0.3821,0,T2025_00932.jpg,T2025_01430.jpg
0.0657,1,T2025_02035.jpg,T2025_00889.jpg
0.4847,1,T2025_00165.jpg,T2025_00592.jpg
0.1874,0,T2025_00180.jpg,T2025_00181.jpg
0.2134,0,T2025_02112.jpg,T2025_02906.jpg
0.1784,0,T2025_02672.jpg,T2025_01544.jpg
0.1929,0,T2025_00933.jpg,T2025_00532.jpg
0.1198,0,T2025_02858.jpg,T2025_00640.jpg
0.2514,1,T2025_02818.jpg,T2025_00493.jpg
0.7342,1,T2025_00515.jpg,T2025_02854.jpg
0.4548,0,T2025_01597.jpg,T2025_01528.jpg
0.7082,1,T2025_01342.jpg,T2025_01855.jpg
0.3383,1,T2025_01285.jpg,T2025_01353.jpg
0.1169,1,T2025_01545.jpg,T2025_01987.jpg
-0.2192,0,T2025_01740.jpg,T2025_00323.jpg
0.3312,0,T2025_02425.jpg,T2025_01074.jpg
0.6145,1,T2025_02889.jpg,T2025_02681.jpg
0.6931,0,T2025_02250.jpg,T2025_03069.jpg
0.7473,0,T2025_01161.jpg,T2025_00108.jpg
0.6360,0,T2025_03083.jpg,T2025_00738.jpg
0.4138,1,T2025_02913.jpg,T2025_00782.jpg
0.4545,0,T2025_01215.jpg,T2025_01106.jpg
0.5818,0,T2025_00425.jpg,T2025_00212.jpg
0.0480,0,T2025_02903.jpg,T2025_02430.jpg
0.2528,0,T2025_01483.jpg,T2025_02921.jpg
0.3566,0,T2025_00217.jpg,T2025_03093.jpg
0.0175,1,T2025_01291.jpg,T2025_03103.jpg
0.0093,0,T2025_01982.jpg,T2025_00656.jpg
0.5985,0,T2025_01996.jpg,T2025_02204.jpg
-0.0147,0,T2025_01198.jpg,T2025_01720.jpg
0.4902,1,T2025_00972.jpg,T2025_00051.jpg
0.6579,0,T2025_00005.jpg,T2025_03044.jpg
0.1090,0,T2025_00690.jpg,T2025_00281.jpg
0.3056,1,T2025_01635.jpg,T2025_00380.jpg
0.0693,1,T2025_02612.jpg,T2025_01016.jpg
-0.0519,0,T2025_00597.jpg,T2025_01267.jpg
0.1886,0,T2025_02257.jpg,T2025_00487.jpg
0.1342,1,T2025_00414.jpg,T2025_00627.jpg
0.2634,0,T2025_02289.jpg,T2025_03047.jpg
0.2329,0,T2025_02783.jpg,T2025_02816.jpg
0.1257,0,T2025_01567.jpg,T2025_01703.jpg
0.0563,1,T2025_02377.jpg,T2025_02309.jpg
1.0000,0,T2025_00428.jpg,T2025_00428.jpg
0.3802,1,T2025_00804.jpg,T2025_02960.jpg
-0.0335,0,T2025_02633.jpg,T2025_01873.jpg
0.0565,0,T2025_01722.jpg,T2025_00322.jpg
0.4045,1,T2025_00830.jpg,T2025_02388.jpg
0.9690,1,T2025_02291.jpg,T2025_00428.jpg
0.3905,1,T2025_00035.jpg,T2025_02197.jpg
0.1261,1,T2025_01214.jpg,T2025_01352.jpg
0.5762,0,T2025_02970.jpg,T2025_00899.jpg
-0.0404,0,T2025_00903.jpg,T2025_01428.jpg
0.1956,0,T2025_02089.jpg,T2025_01737.jpg
-0.0063,0,T2025_03003.jpg,T2025_02020.jpg
0.2105,1,T2025_01772.jpg,T2025_00364.jpg
0.3348,0,T2025_00419.jpg,T2025_02457.jpg
0.7641,1,T2025_02464.jpg,T2025_00000.jpg
0.1187,0,T2025_01863.jpg,T2025_01378.jpg
-0.1312,0,T2025_01935.jpg,T2025_00823.jpg
1.0000,1,T2025_03024.jpg,T2025_03024.jpg
0.4726,0,T2025_00742.jpg,T2025_01294.jpg
0.2553,0,T2025_01297.jpg,T2025_01999.jpg
0.4749,0,T2025_01452.jpg,T2025_02465.jpg
0.3949,1,T2025_00701.jpg,T2025_00722.jpg
0.4260,1,T2025_00819.jpg,T2025_00541.jpg
0.1704,1,T2025_02116.jpg,T2025_02265.jpg
0.3132,0,T2025_01480.jpg,T2025_01873.jpg
0.6491,0,T2025_00815.jpg,T2025_01435.jpg
0.0900,0,T2025_00451.jpg,T2025_02886.jpg
0.6822,1,T2025_00075.jpg,T2025_02008.jpg
0.5261,0,T2025_00494.jpg,T2025_01261.jpg
0.5951,0,T2025_00161.jpg,T2025_01600.jpg
0.3261,1,T2025_01697.jpg,T2025_02654.jpg
0.3728,1,T2025_00807.jpg,T2025_00553.jpg
0.5998,1,T2025_02950.jpg,T2025_02419.jpg
0.3915,0,T2025_01656.jpg,T2025_00480.jpg
0.1064,1,T2025_02811.jpg,T2025_02861.jpg
0.6182,1,T2025_02865.jpg,T2025_00793.jpg
0.0244,0,T2025_01962.jpg,T2025_01089.jpg
0.2429,1,T2025_02991.jpg,T2025_00885.jpg
0.0890,1,T2025_01779.jpg,T2025_02285.jpg
0.4061,0,T2025_03021.jpg,T2025_02742.jpg
1.0000,1,T2025_02960.jpg,T2025_02960.jpg
0.7376,1,T2025_00079.jpg,T2025_02965.jpg
0.6854,0,T2025_01070.jpg,T2025_00549.jpg
0.3092,0,T2025_00131.jpg,T2025_01757.jpg
0.4685,1,T2025_01911.jpg,T2025_00379.jpg
-0.0292,0,T2025_00492.jpg,T2025_02898.jpg
0.3271,1,T2025_01714.jpg,T2025_00565.jpg
0.1998,1,T2025_02310.jpg,T2025_00474.jpg
0.1444,1,T2025_01134.jpg,T2025_01464.jpg
-0.0288,0,T2025_02991.jpg,T2025_01791.jpg
0.2149,0,T2025_02458.jpg,T2025_02414.jpg
0.5512,1,T2025_02004.jpg,T2025_03034.jpg
0.4272,1,T2025_00788.jpg,T2025_01817.jpg
0.0524,1,T2025_00504.jpg,T2025_02145.jpg
0.0877,0,T2025_00973.jpg,T2025_03004.jpg
0.0624,0,T2025_01942.jpg,T2025_00002.jpg
-0.0324,0,T2025_02578.jpg,T2025_02914.jpg
0.0255,1,T2025_02813.jpg,T2025_01947.jpg
0.2360,1,T2025_01815.jpg,T2025_01625.jpg
0.1502,0,T2025_02750.jpg,T2025_01702.jpg
0.2050,1,T2025_02432.jpg,T2025_00667.jpg
0.2269,0,T2025_00133.jpg,T2025_01096.jpg
0.1120,0,T2025_02172.jpg,T2025_02921.jpg
0.1920,1,T2025_01876.jpg,T2025_01361.jpg
0.5731,1,T2025_00365.jpg,T2025_02684.jpg
0.0083,1,T2025_02425.jpg,T2025_01996.jpg
0.4430,0,T2025_00749.jpg,T2025_01084.jpg
0.4412,1,T2025_00239.jpg,T2025_00204.jpg
0.2038,0,T2025_00688.jpg,T2025_00574.jpg
0.4247,0,T2025_02832.jpg,T2025_00937.jpg
0.3982,1,T2025_00646.jpg,T2025_00362.jpg
0.6283,1,T2025_00224.jpg,T2025_01344.jpg
0.3775,0,T2025_00367.jpg,T2025_01936.jpg
0.1729,1,T2025_00458.jpg,T2025_01020.jpg
0.5466,1,T2025_00875.jpg,T2025_01510.jpg
0.6452,1,T2025_00708.jpg,T2025_01292.jpg
0.3092,0,T2025_01881.jpg,T2025_01734.jpg
0.2673,1,T2025_02924.jpg,T2025_00365.jpg
0.3197,0,T2025_02553.jpg,T2025_00965.jpg
0.0996,1,T2025_01223.jpg,T2025_00261.jpg
0.5067,1,T2025_01562.jpg,T2025_00924.jpg
0.5917,0,T2025_02387.jpg,T2025_01269.jpg
0.5121,1,T2025_00082.jpg,T2025_02953.jpg
0.7056,1,T2025_01283.jpg,T2025_00480.jpg
0.7090,1,T2025_02908.jpg,T2025_02245.jpg
0.4125,0,T2025_01094.jpg,T2025_00133.jpg
0.6016,0,T2025_01192.jpg,T2025_00475.jpg
0.0997,1,T2025_02716.jpg,T2025_00846.jpg
0.3723,0,T2025_02760.jpg,T2025_02497.jpg
0.6834,0,T2025_00733.jpg,T2025_00024.jpg
0.2951,1,T2025_01055.jpg,T2025_02539.jpg
0.6339,0,T2025_00307.jpg,T2025_02742.jpg
-0.0502,1,T2025_00144.jpg,T2025_01538.jpg
0.2481,1,T2025_00755.jpg,T2025_01609.jpg
0.7699,0,T2025_00555.jpg,T2025_00994.jpg
0.5663,0,T2025_00219.jpg,T2025_00456.jpg
0.3636,1,T2025_00549.jpg,T2025_00785.jpg
0.2917,0,T2025_00579.jpg,T2025_00671.jpg
0.5561,1,T2025_01445.jpg,T2025_00507.jpg
0.3922,1,T2025_01899.jpg,T2025_02168.jpg
-0.0516,1,T2025_01548.jpg,T2025_02925.jpg
0.5011,1,T2025_02787.jpg,T2025_02085.jpg
0.5937,1,T2025_02774.jpg,T2025_01636.jpg
0.5099,1,T2025_01888.jpg,T2025_00761.jpg
0.2035,0,T2025_00374.jpg,T2025_01629.jpg
0.6036,0,T2025_02760.jpg,T2025_00263.jpg
0.1271,0,T2025_01230.jpg,T2025_00694.jpg
0.2396,1,T2025_01634.jpg,T2025_00060.jpg
0.7748,0,T2025_01732.jpg,T2025_02936.jpg
0.1173,0,T2025_02794.jpg,T2025_02213.jpg
0.2134,0,T2025_02848.jpg,T2025_01611.jpg
0.1567,0,T2025_01684.jpg,T2025_00539.jpg
0.6177,0,T2025_01942.jpg,T2025_01275.jpg
0.1901,1,T2025_00176.jpg,T2025_01238.jpg
0.5657,0,T2025_01265.jpg,T2025_01064.jpg
0.4328,0,T2025_02146.jpg,T2025_00207.jpg
0.5170,1,T2025_01293.jpg,T2025_00336.jpg
0.2086,1,T2025_02108.jpg,T2025_01595.jpg
0.6602,0,T2025_00480.jpg,T2025_02042.jpg
0.1805,0,T2025_00133.jpg,T2025_01880.jpg
0.0877,0,T2025_00733.jpg,T2025_00527.jpg
0.0686,1,T2025_00370.jpg,T2025_01430.jpg
0.6204,0,T2025_02748.jpg,T2025_01668.jpg
-0.0237,0,T2025_01280.jpg,T2025_02543.jpg
0.1717,1,T2025_00476.jpg,T2025_02844.jpg
0.7701,1,T2025_01523.jpg,T2025_02565.jpg
0.3263,0,T2025_00779.jpg,T2025_01656.jpg
-0.0038,0,T2025_00927.jpg,T2025_00772.jpg
0.2980,1,T2025_02767.jpg,T2025_00669.jpg
0.1120,1,T2025_03057.jpg,T2025_00362.jpg
0.4320,1,T2025_00918.jpg,T2025_01709.jpg
0.6449,1,T2025_02452.jpg,T2025_01258.jpg
-0.0582,1,T2025_00634.jpg,T2025_03018.jpg
0.7283,1,T2025_02619.jpg,T2025_02552.jpg
0.0287,1,T2025_00988.jpg,T2025_02136.jpg
0.0103,1,T2025_02957.jpg,T2025_02707.jpg
0.5101,0,T2025_01061.jpg,T2025_01264.jpg
0.1302,0,T2025_00793.jpg,T2025_02772.jpg
0.2817,0,T2025_01436.jpg,T2025_02058.jpg
-0.0578,0,T2025_02419.jpg,T2025_01063.jpg
0.7067,0,T2025_02400.jpg,T2025_03023.jpg
0.1016,0,T2025_01946.jpg,T2025_02721.jpg
0.2058,1,T2025_01903.jpg,T2025_01586.jpg
0.3045,0,T2025_00008.jpg,T2025_01756.jpg
0.6980,0,T2025_00195.jpg,T2025_00076.jpg
0.4686,1,T2025_01180.jpg,T2025_01500.jpg
0.0960,1,T2025_01083.jpg,T2025_00123.jpg
-0.0522,0,T2025_01719.jpg,T2025_00828.jpg
0.0885,1,T2025_02310.jpg,T2025_00199.jpg
0.1811,0,T2025_02397.jpg,T2025_01359.jpg
0.0229,0,T2025_01699.jpg,T2025_02988.jpg
0.0578,0,T2025_01956.jpg,T2025_01795.jpg
0.3616,0,T2025_01311.jpg,T2025_00409.jpg
0.1012,1,T2025_00884.jpg,T2025_00735.jpg
0.7191,1,T2025_01952.jpg,T2025_01396.jpg
0.2728,0,T2025_00002.jpg,T2025_02488.jpg
0.2224,0,T2025_03074.jpg,T2025_02346.jpg
0.1448,1,T2025_01861.jpg,T2025_00330.jpg
-0.1965,1,T2025_02332.jpg,T2025_01034.jpg
0.2598,1,T2025_02891.jpg,T2025_02836.jpg
0.5189,1,T2025_02138.jpg,T2025_00362.jpg
0.0895,1,T2025_01424.jpg,T2025_01976.jpg
0.6244,0,T2025_00707.jpg,T2025_02436.jpg
0.5546,1,T2025_00548.jpg,T2025_01147.jpg
0.3069,0,T2025_01945.jpg,T2025_01877.jpg
0.2186,0,T2025_02743.jpg,T2025_02950.jpg
0.5871,1,T2025_02091.jpg,T2025_02465.jpg
0.0338,1,T2025_02607.jpg,T2025_00198.jpg
0.2811,1,T2025_01105.jpg,T2025_01165.jpg
0.2375,0,T2025_02663.jpg,T2025_02608.jpg
0.4176,1,T2025_00788.jpg,T2025_00286.jpg
0.4012,0,T2025_02162.jpg,T2025_02107.jpg
-0.1877,1,T2025_02843.jpg,T2025_03093.jpg
0.6104,1,T2025_01741.jpg,T2025_00654.jpg
0.1073,0,T2025_02422.jpg,T2025_00143.jpg
0.3880,1,T2025_01446.jpg,T2025_00660.jpg
0.4718,1,T2025_01815.jpg,T2025_01564.jpg
-0.1046,0,T2025_01026.jpg,T2025_00371.jpg
0.2034,1,T2025_01367.jpg,T2025_01961.jpg
0.4937,0,T2025_00042.jpg,T2025_02953.jpg
0.0571,0,T2025_00885.jpg,T2025_02483.jpg
0.7950,0,T2025_00934.jpg,T2025_02580.jpg
0.2495,0,T2025_01680.jpg,T2025_00453.jpg
0.1338,1,T2025_00652.jpg,T2025_02561.jpg
0.3873,1,T2025_02344.jpg,T2025_00067.jpg
0.5911,1,T2025_01916.jpg,T2025_02603.jpg
0.2891,1,T2025_00519.jpg,T2025_00289.jpg
0.3671,1,T2025_01090.jpg,T2025_02971.jpg
0.8180,0,T2025_01279.jpg,T2025_02493.jpg
1.0000,1,T2025_02818.jpg,T2025_02818.jpg
-0.0070,0,T2025_02900.jpg,T2025_00843.jpg
0.6644,1,T2025_02322.jpg,T2025_01694.jpg
0.3751,0,T2025_00524.jpg,T2025_02991.jpg
0.1279,1,T2025_00617.jpg,T2025_02608.jpg
0.0368,1,T2025_00929.jpg,T2025_03070.jpg
0.6634,0,T2025_01219.jpg,T2025_01061.jpg
0.8425,0,T2025_01840.jpg,T2025_01316.jpg
0.0987,1,T2025_02671.jpg,T2025_00989.jpg
0.2753,1,T2025_02032.jpg,T2025_00052.jpg
-0.2073,1,T2025_01003.jpg,T2025_00254.jpg
0.2985,0,T2025_01981.jpg,T2025_02549.jpg
0.5409,0,T2025_00940.jpg,T2025_00463.jpg
-0.0181,1,T2025_01939.jpg,T2025_02358.jpg
0.1442,0,T2025_00336.jpg,T2025_00427.jpg
0.1345,0,T2025_03010.jpg,T2025_02674.jpg
0.5219,1,T2025_02320.jpg,T2025_01772.jpg
0.2261,0,T2025_01501.jpg,T2025_00073.jpg
0.6973,1,T2025_01852.jpg,T2025_00384.jpg
0.0031,0,T2025_01785.jpg,T2025_01919.jpg
-0.0387,1,T2025_01090.jpg,T2025_01281.jpg
0.1288,1,T2025_01189.jpg,T2025_02947.jpg
0.0708,0,T2025_02686.jpg,T2025_02237.jpg
0.3901,0,T2025_02911.jpg,T2025_00558.jpg
0.5995,0,T2025_02878.jpg,T2025_01349.jpg
0.6901,1,T2025_02636.jpg,T2025_01461.jpg
0.0350,0,T2025_00802.jpg,T2025_00271.jpg
0.0113,1,T2025_01876.jpg,T2025_01670.jpg
0.2336,0,T2025_01373.jpg,T2025_01103.jpg
0.3418,0,T2025_01884.jpg,T2025_00202.jpg
0.7973,1,T2025_02084.jpg,T2025_00954.jpg
0.0290,0,T2025_01391.jpg,T2025_02952.jpg
0.6242,1,T2025_01491.jpg,T2025_00022.jpg
0.6750,1,T2025_00758.jpg,T2025_02637.jpg
0.2270,0,T2025_01637.jpg,T2025_02517.jpg
0.1736,0,T2025_00240.jpg,T2025_01343.jpg
0.2866,0,T2025_00067.jpg,T2025_01147.jpg
0.0727,0,T2025_01665.jpg,T2025_00495.jpg
0.1150,0,T2025_01432.jpg,T2025_02358.jpg
0.1086,0,T2025_01355.jpg,T2025_00354.jpg
0.4999,1,T2025_01289.jpg,T2025_02115.jpg
0.0309,1,T2025_00407.jpg,T2025_02341.jpg
0.1845,1,T2025_01181.jpg,T2025_02479.jpg
0.3407,0,T2025_02715.jpg,T2025_00794.jpg
0.0851,0,T2025_02148.jpg,T2025_01087.jpg
0.2063,0,T2025_03073.jpg,T2025_01526.jpg
0.1028,1,T2025_02670.jpg,T2025_00289.jpg
0.0455,1,T2025_00890.jpg,T2025_02363.jpg
0.6732,1,T2025_02472.jpg,T2025_02823.jpg
0.4404,1,T2025_02156.jpg,T2025_00105.jpg
0.3475,1,T2025_00912.jpg,T2025_01171.jpg
0.4854,0,T2025_00342.jpg,T2025_02498.jpg
-0.0059,1,T2025_00972.jpg,T2025_01997.jpg
-0.0461,1,T2025_02632.jpg,T2025_00036.jpg
0.2351,0,T2025_01436.jpg,T2025_00224.jpg
0.1154,1,T2025_00289.jpg,T2025_02881.jpg
0.3080,1,T2025_01128.jpg,T2025_00056.jpg
0.3361,0,T2025_00264.jpg,T2025_00802.jpg
0.6786,1,T2025_02824.jpg,T2025_01264.jpg
0.2027,1,T2025_00268.jpg,T2025_00573.jpg
0.0574,0,T2025_01893.jpg,T2025_01765.jpg
0.2672,1,T2025_02934.jpg,T2025_01578.jpg
0.2944,0,T2025_00724.jpg,T2025_00066.jpg
0.4044,0,T2025_00038.jpg,T2025_02566.jpg
0.1151,1,T2025_02837.jpg,T2025_02074.jpg
0.4503,0,T2025_00293.jpg,T2025_00577.jpg
0.2261,1,T2025_01422.jpg,T2025_00938.jpg
0.0078,0,T2025_00611.jpg,T2025_02463.jpg
0.4888,1,T2025_00402.jpg,T2025_01960.jpg
0.2215,1,T2025_00102.jpg,T2025_02693.jpg
0.2804,1,T2025_00600.jpg,T2025_01355.jpg
0.0341,1,T2025_01622.jpg,T2025_00604.jpg
0.3589,1,T2025_00418.jpg,T2025_02044.jpg
0.0903,0,T2025_02305.jpg,T2025_00438.jpg
0.6311,0,T2025_02503.jpg,T2025_02934.jpg
1.0000,0,T2025_02568.jpg,T2025_02568.jpg
0.1519,0,T2025_02123.jpg,T2025_00192.jpg
0.8306,1,T2025_02338.jpg,T2025_02448.jpg
0.5384,1,T2025_02653.jpg,T2025_00103.jpg
0.0493,0,T2025_02520.jpg,T2025_00479.jpg
0.0044,1,T2025_01906.jpg,T2025_00351.jpg
0.7585,1,T2025_01390.jpg,T2025_01546.jpg
0.1237,1,T2025_01437.jpg,T2025_01037.jpg
0.4306,1,T2025_00028.jpg,T2025_02779.jpg
0.8051,1,T2025_02967.jpg,T2025_03012.jpg
0.3540,1,T2025_00208.jpg,T2025_01436.jpg
0.1505,1,T2025_02644.jpg,T2025_01506.jpg
0.1100,0,T2025_02302.jpg,T2025_00754.jpg
0.6251,1,T2025_01819.jpg,T2025_01337.jpg
0.2651,1,T2025_01828.jpg,T2025_01547.jpg
0.2442,1,T2025_00661.jpg,T2025_01138.jpg
0.1405,0,T2025_01237.jpg,T2025_01067.jpg
0.3425,1,T2025_00808.jpg,T2025_01671.jpg
0.0700,0,T2025_00227.jpg,T2025_00829.jpg
0.1653,0,T2025_00396.jpg,T2025_00219.jpg
0.0970,1,T2025_01611.jpg,T2025_01420.jpg
0.2698,1,T2025_01783.jpg,T2025_00308.jpg
0.5018,0,T2025_00578.jpg,T2025_02922.jpg
0.6342,1,T2025_03072.jpg,T2025_01213.jpg
0.0478,0,T2025_02014.jpg,T2025_01179.jpg
0.1558,1,T2025_01819.jpg,T2025_00852.jpg
0.5841,1,T2025_02954.jpg,T2025_02069.jpg
0.4780,0,T2025_02279.jpg,T2025_00952.jpg
0.2046,1,T2025_00223.jpg,T2025_00620.jpg
0.1301,1,T2025_02434.jpg,T2025_02971.jpg
0.3195,1,T2025_01686.jpg,T2025_03027.jpg
0.8187,1,T2025_02559.jpg,T2025_00780.jpg
0.7208,0,T2025_00457.jpg,T2025_02730.jpg
0.0448,0,T2025_01381.jpg,T2025_00034.jpg
0.2373,0,T2025_02253.jpg,T2025_02370.jpg
0.1394,1,T2025_00483.jpg,T2025_02563.jpg
1.0000,1,T2025_01270.jpg,T2025_01270.jpg
0.5697,1,T2025_01076.jpg,T2025_01474.jpg
0.1524,1,T2025_01712.jpg,T2025_02344.jpg
0.1487,1,T2025_00958.jpg,T2025_01933.jpg
0.1397,0,T2025_00280.jpg,T2025_02665.jpg
0.6718,0,T2025_00319.jpg,T2025_03068.jpg
0.0030,0,T2025_02879.jpg,T2025_02134.jpg
0.6119,1,T2025_02098.jpg,T2025_01952.jpg
-0.1047,1,T2025_00781.jpg,T2025_00310.jpg
0.4965,1,T2025_03091.jpg,T2025_01068.jpg
0.0692,0,T2025_00343.jpg,T2025_01064.jpg
0.2368,0,T2025_02560.jpg,T2025_01772.jpg
0.1162,1,T2025_01190.jpg,T2025_01314.jpg
0.4133,1,T2025_03035.jpg,T2025_01242.jpg
0.1375,1,T2025_00797.jpg,T2025_00037.jpg
-0.1055,1,T2025_02429.jpg,T2025_00237.jpg
0.3787,1,T2025_02921.jpg,T2025_00656.jpg
0.2155,1,T2025_00100.jpg,T2025_01983.jpg
0.5868,1,T2025_03050.jpg,T2025_01885.jpg
0.5611,1,T2025_01262.jpg,T2025_02856.jpg
0.2864,1,T2025_00361.jpg,T2025_02100.jpg
0.3033,1,T2025_02907.jpg,T2025_00831.jpg
0.1619,0,T2025_01869.jpg,T2025_02108.jpg
0.0171,1,T2025_01849.jpg,T2025_01916.jpg
0.4981,0,T2025_00519.jpg,T2025_01531.jpg
0.5578,0,T2025_01908.jpg,T2025_01964.jpg
0.0424,0,T2025_00851.jpg,T2025_02612.jpg
-0.0372,0,T2025_01902.jpg,T2025_01577.jpg
0.3268,0,T2025_02554.jpg,T2025_01897.jpg
0.4159,0,T2025_01618.jpg,T2025_02492.jpg
0.3681,1,T2025_00055.jpg,T2025_02044.jpg
0.6595,0,T2025_01667.jpg,T2025_03026.jpg
0.6315,0,T2025_00698.jpg,T2025_00550.jpg
0.3227,0,T2025_02244.jpg,T2025_00229.jpg
0.4581,1,T2025_01155.jpg,T2025_02913.jpg
0.2398,0,T2025_00508.jpg,T2025_02946.jpg
0.1897,1,T2025_02447.jpg,T2025_03100.jpg
0.1518,1,T2025_00388.jpg,T2025_00291.jpg
-0.0085,0,T2025_01339.jpg,T2025_02304.jpg
0.2233,1,T2025_00859.jpg,T2025_02208.jpg
0.5831,1,T2025_00891.jpg,T2025_02547.jpg
0.5889,0,T2025_02889.jpg,T2025_02165.jpg
0.3947,1,T2025_02708.jpg,T2025_01634.jpg
0.0729,1,T2025_01284.jpg,T2025_02175.jpg
0.1118,1,T2025_00281.jpg,T2025_02622.jpg
0.0072,1,T2025_01593.jpg,T2025_01564.jpg
0.4521,0,T2025_01318.jpg,T2025_01722.jpg
0.1299,0,T2025_01054.jpg,T2025_02862.jpg
0.6507,0,T2025_01078.jpg,T2025_00936.jpg
0.1649,1,T2025_02505.jpg,T2025_00610.jpg
0.1397,0,T2025_01881.jpg,T2025_01323.jpg
0.1416,0,T2025_02392.jpg,T2025_02122.jpg
-0.0441,0,T2025_00213.jpg,T2025_02380.jpg
0.5049,1,T2025_02569.jpg,T2025_00788.jpg
0.7982,1,T2025_01616.jpg,T2025_02581.jpg
0.8116,0,T2025_01464.jpg,T2025_02250.jpg
0.0192,0,T2025_00680.jpg,T2025_03093.jpg
0.2837,1,T2025_02822.jpg,T2025_00021.jpg
0.4086,0,T2025_01573.jpg,T2025_00340.jpg
0.1387,0,T2025_00125.jpg,T2025_02596.jpg
0.5566,0,T2025_00600.jpg,T2025_00217.jpg
0.4932,0,T2025_00850.jpg,T2025_01912.jpg
0.3403,1,T2025_00009.jpg,T2025_01387.jpg
0.9312,1,T2025_00936.jpg,T2025_00483.jpg
0.4584,0,T2025_03094.jpg,T2025_00071.jpg
0.3151,1,T2025_00152.jpg,T2025_02795.jpg
0.2858,0,T2025_02040.jpg,T2025_00402.jpg
0.3085,0,T2025_02168.jpg,T2025_02437.jpg
0.2241,1,T2025_01025.jpg,T2025_02408.jpg
0.3231,0,T2025_00278.jpg,T2025_01557.jpg
0.2633,1,T2025_00723.jpg,T2025_01194.jpg
0.2711,1,T2025_01557.jpg,T2025_00502.jpg
0.8448,0,T2025_02121.jpg,T2025_02511.jpg
-0.0261,1,T2025_02386.jpg,T2025_00461.jpg
0.6527,1,T2025_01258.jpg,T2025_01188.jpg
-0.0306,1,T2025_01433.jpg,T2025_00208.jpg
0.2700,1,T2025_01397.jpg,T2025_01670.jpg
0.2593,0,T2025_02551.jpg,T2025_02240.jpg
0.5094,0,T2025_02693.jpg,T2025_00793.jpg
0.2971,1,T2025_02878.jpg,T2025_01153.jpg
0.4091,1,T2025_01931.jpg,T2025_00096.jpg
0.4967,1,T2025_00286.jpg,T2025_01066.jpg
0.3566,1,T2025_00614.jpg,T2025_00541.jpg
0.7089,0,T2025_01206.jpg,T2025_01583.jpg
0.2698,0,T2025_02284.jpg,T2025_00797.jpg
0.2218,1,T2025_00714.jpg,T2025_02030.jpg
-0.0477,1,T2025_03003.jpg,T2025_02821.jpg
0.2776,1,T2025_02964.jpg,T2025_00887.jpg
0.2481,0,T2025_01410.jpg,T2025_02891.jpg
0.2743,1,T2025_01519.jpg,T2025_01988.jpg
0.0222,1,T2025_01665.jpg,T2025_00966.jpg
0.6168,0,T2025_02203.jpg,T2025_03033.jpg
0.5632,1,T2025_02090.jpg,T2025_02862.jpg
0.0933,1,T2025_01295.jpg,T2025_02912.jpg
-0.0354,0,T2025_02971.jpg,T2025_01749.jpg
0.2861,0,T2025_00194.jpg,T2025_02760.jpg
0.2915,0,T2025_01005.jpg,T2025_00451.jpg
0.2895,0,T2025_02714.jpg,T2025_02633.jpg
0.1407,1,T2025_01672.jpg,T2025_02565.jpg
0.5790,0,T2025_02329.jpg,T2025_00583.jpg
0.1148,1,T2025_00499.jpg,T2025_00582.jpg
0.5384,0,T2025_00810.jpg,T2025_02616.jpg
1.0000,0,T2025_01624.jpg,T2025_01624.jpg
-0.0496,1,T2025_01681.jpg,T2025_00727.jpg
0.2214,0,T2025_01887.jpg,T2025_01731.jpg
0.5756,0,T2025_01524.jpg,T2025_02469.jpg
0.0397,0,T2025_02584.jpg,T2025_03023.jpg
0.3438,1,T2025_02935.jpg,T2025_02794.jpg
0.6785,0,T2025_01786.jpg,T2025_02586.jpg
0.2635,0,T2025_01306.jpg,T2025_00478.jpg
0.2886,0,T2025_00743.jpg,T2025_01587.jpg
0.4073,1,T2025_00915.jpg,T2025_00062.jpg
0.0260,1,T2025_01474.jpg,T2025_01991.jpg
0.3131,1,T2025_01354.jpg,T2025_02758.jpg
0.2688,0,T2025_01627.jpg,T2025_00306.jpg
-0.0285,0,T2025_00056.jpg,T2025_00646.jpg
0.4061,1,T2025_01047.jpg,T2025_02755.jpg
0.4533,1,T2025_00296.jpg,T2025_02160.jpg
0.2394,1,T2025_00537.jpg,T2025_01313.jpg
0.5413,0,T2025_02029.jpg,T2025_02961.jpg
0.6772,0,T2025_02167.jpg,T2025_02139.jpg
0.4192,1,T2025_02233.jpg,T2025_01057.jpg
0.0991,1,T2025_02347.jpg,T2025_02820.jpg
0.1234,1,T2025_02871.jpg,T2025_00175.jpg
-0.1020,0,T2025_01731.jpg,T2025_02087.jpg
0.2490,0,T2025_02504.jpg,T2025_02964.jpg
0.0654,0,T2025_02243.jpg,T2025_00100.jpg
0.2611,1,T2025_00310.jpg,T2025_01848.jpg
-0.0034,1,T2025_00265.jpg,T2025_00219.jpg
0.5077,1,T2025_00847.jpg,T2025_00421.jpg
0.5353,1,T2025_00424.jpg,T2025_00263.jpg
0.0607,0,T2025_02256.jpg,T2025_00938.jpg
0.3246,1,T2025_01343.jpg,T2025_00500.jpg
-0.0939,0,T2025_00693.jpg,T2025_00868.jpg
0.6596,0,T2025_01092.jpg,T2025_02470.jpg
0.8230,0,T2025_02380.jpg,T2025_01426.jpg
0.5251,1,T2025_00376.jpg,T2025_00144.jpg
0.0496,0,T2025_00788.jpg,T2025_00907.jpg
0.0554,1,T2025_00508.jpg,T2025_02755.jpg
0.4674,0,T2025_02940.jpg,T2025_02677.jpg
0.3444,1,T2025_01706.jpg,T2025_01345.jpg
0.3972,1,T2025_03014.jpg,T2025_00570.jpg
0.4481,1,T2025_02214.jpg,T2025_00091.jpg
-0.0721,0,T2025_01847.jpg,T2025_00323.jpg
0.5760,0,T2025_00904.jpg,T2025_02709.jpg
0.2654,0,T2025_01121.jpg,T2025_02156.jpg
0.1579,1,T2025_02823.jpg,T2025_03001.jpg
0.6139,1,T2025_01235.jpg,T2025_01322.jpg
0.2919,0,T2025_00112.jpg,T2025_02978.jpg
0.0989,1,T2025_03080.jpg,T2025_02746.jpg
0.3124,0,T2025_02236.jpg,T2025_03002.jpg
0.3773,1,T2025_01740.jpg,T2025_01951.jpg
0.5813,1,T2025_01897.jpg,T2025_01093.jpg
0.0917,0,T2025_01757.jpg,T2025_01468.jpg
0.1556,1,T2025_01385.jpg,T2025_02713.jpg
0.2935,0,T2025_00585.jpg,T2025_01103.jpg
0.3456,1,T2025_01982.jpg,T2025_03025.jpg
0.7589,1,T2025_01409.jpg,T2025_00980.jpg
-0.0259,1,T2025_00784.jpg,T2025_02411.jpg
0.8508,0,T2025_02026.jpg,T2025_02670.jpg
0.7372,0,T2025_03084.jpg,T2025_02057.jpg
0.5261,0,T2025_02937.jpg,T2025_00707.jpg
0.7424,1,T2025_01632.jpg,T2025_00902.jpg
-0.0566,0,T2025_02506.jpg,T2025_00359.jpg
0.0140,0,T2025_01775.jpg,T2025_00386.jpg
-0.0191,1,T2025_00432.jpg,T2025_02602.jpg
0.0431,1,T2025_02533.jpg,T2025_03094.jpg
0.4346,0,T2025_01275.jpg,T2025_02778.jpg
0.0664,1,T2025_01061.jpg,T2025_02388.jpg
0.1932,0,T2025_00821.jpg,T2025_02256.jpg
-0.0127,1,T2025_02960.jpg,T2025_00519.jpg
0.0887,0,T2025_00024.jpg,T2025_01148.jpg
0.2128,0,T2025_02934.jpg,T2025_00867.jpg
0.2681,0,T2025_02647.jpg,T2025_02449.jpg
0.1599,0,T2025_02524.jpg,T2025_01350.jpg
0.7791,1,T2025_01466.jpg,T2025_01827.jpg
0.1099,1,T2025_00493.jpg,T2025_00841.jpg
0.0699,1,T2025_02089.jpg,T2025_00806.jpg
0.4826,0,T2025_00448.jpg,T2025_00762.jpg
0.5287,1,T2025_03034.jpg,T2025_02788.jpg
0.4260,0,T2025_00760.jpg,T2025_00014.jpg
0.7632,0,T2025_02362.jpg,T2025_02209.jpg
0.0530,0,T2025_02912.jpg,T2025_02918.jpg
0.4067,1,T2025_00399.jpg,T2025_01959.jpg
0.1939,1,T2025_02775.jpg,T2025_01663.jpg
0.4800,1,T2025_01540.jpg,T2025_02422.jpg
0.4297,1,T2025_02891.jpg,T2025_02833.jpg
0.1071,1,T2025_00236.jpg,T2025_02867.jpg
0.0438,0,T2025_02058.jpg,T2025_01654.jpg
0.2069,1,T2025_00046.jpg,T2025_00810.jpg
0.5879,0,T2025_00042.jpg,T2025_01552.jpg
0.8951,1,T2025_02745.jpg,T2025_01255.jpg
0.4238,1,T2025_02126.jpg,T2025_01597.jpg
0.1826,1,T2025_03096.jpg,T2025_02709.jpg
0.5399,0,T2025_00608.jpg,T2025_00522.jpg
0.7237,0,T2025_01268.jpg,T2025_00987.jpg
0.8902,0,T2025_00839.jpg,T2025_01209.jpg
0.6092,0,T2025_01181.jpg,T2025_00616.jpg
1.0000,1,T2025_01284.jpg,T2025_01284.jpg
0.2906,1,T2025_01393.jpg,T2025_01565.jpg
0.5716,1,T2025_02265.jpg,T2025_02834.jpg
0.2520,1,T2025_02706.jpg,T2025_00741.jpg
0.0262,0,T2025_00505.jpg,T2025_02275.jpg
0.3041,0,T2025_02823.jpg,T2025_01282.jpg
0.4530,1,T2025_00762.jpg,T2025_02316.jpg
0.2090,0,T2025_01863.jpg,T2025_00073.jpg
0.5059,1,T2025_00373.jpg,T2025_02776.jpg
0.3233,1,T2025_00253.jpg,T2025_02728.jpg
0.1726,0,T2025_01097.jpg,T2025_01904.jpg
0.3880,1,T2025_02444.jpg,T2025_00740.jpg
0.1425,1,T2025_00549.jpg,T2025_02064.jpg
0.6196,0,T2025_02591.jpg,T2025_01855.jpg
0.2579,0,T2025_02661.jpg,T2025_01009.jpg
0.3410,0,T2025_00324.jpg,T2025_02421.jpg
0.2762,0,T2025_01485.jpg,T2025_01721.jpg
0.7146,1,T2025_02070.jpg,T2025_01005.jpg
-0.0653,1,T2025_02527.jpg,T2025_01767.jpg
0.0957,1,T2025_00345.jpg,T2025_01477.jpg
0.6442,0,T2025_01054.jpg,T2025_02174.jpg
0.7652,1,T2025_01142.jpg,T2025_01992.jpg
-0.0261,1,T2025_01151.jpg,T2025_00954.jpg
-0.1051,1,T2025_02066.jpg,T2025_01643.jpg
0.4471,1,T2025_00785.jpg,T2025_02244.jpg
0.0736,0,T2025_02276.jpg,T2025_02791.jpg
-0.0296,0,T2025_00098.jpg,T2025_01601.jpg
-0.1442,0,T2025_02548.jpg,T2025_01161.jpg
0.1823,1,T2025_02905.jpg,T2025_00034.jpg
0.6444,1,T2025_03028.jpg,T2025_02227.jpg
0.1891,0,T2025_02748.jpg,T2025_00317.jpg
-0.0779,0,T2025_02467.jpg,T2025_01881.jpg
0.4608,0,T2025_00263.jpg,T2025_02012.jpg
0.2096,1,T2025_02059.jpg,T2025_01182.jpg
0.4065,1,T2025_00880.jpg,T2025_01750.jpg
0.4093,0,T2025_01193.jpg,T2025_02922.jpg
0.7287,0,T2025_01167.jpg,T2025_01615.jpg
0.2489,0,T2025_01682.jpg,T2025_00878.jpg
0.2058,0,T2025_02937.jpg,T2025_02192.jpg
-0.1056,1,T2025_03008.jpg,T2025_01553.jpg
0.6649,1,T2025_01203.jpg,T2025_01146.jpg
0.1611,0,T2025_01946.jpg,T2025_00003.jpg
-0.0761,1,T2025_00335.jpg,T2025_00752.jpg
0.0759,0,T2025_00563.jpg,T2025_02940.jpg
0.1775,1,T2025_01012.jpg,T2025_02231.jpg
0.6266,0,T2025_02462.jpg,T2025_00004.jpg
0.1047,0,T2025_00925.jpg,T2025_02404.jpg
0.2644,0,T2025_00661.jpg,T2025_00904.jpg
0.4092,0,T2025_01311.jpg,T2025_00581.jpg
-0.0991,0,T2025_03100.jpg,T2025_01061.jpg
0.1469,1,T2025_00173.jpg,T2025_01126.jpg
0.5200,1,T2025_02898.jpg,T2025_01888.jpg
0.2174,1,T2025_00547.jpg,T2025_02428.jpg
0.6374,0,T2025_00135.jpg,T2025_00994.jpg
0.3822,1,T2025_01144.jpg,T2025_01710.jpg
0.2588,1,T2025_00203.jpg,T2025_00983.jpg
0.6248,0,T2025_00083.jpg,T2025_01571.jpg
0.0764,1,T2025_00862.jpg,T2025_01715.jpg
0.0553,1,T2025_00865.jpg,T2025_02576.jpg
0.1087,0,T2025_02554.jpg,T2025_01406.jpg
0.6751,1,T2025_01602.jpg,T2025_01439.jpg
0.2748,1,T2025_01528.jpg,T2025_02539.jpg
0.0846,0,T2025_02777.jpg,T2025_02960.jpg
0.0855,0,T2025_02927.jpg,T2025_01268.jpg
0.7621,1,T2025_00659.jpg,T2025_02349.jpg
0.4053,1,T2025_02341.jpg,T2025_02412.jpg
0.4048,1,T2025_00620.jpg,T2025_00477.jpg
0.2036,1,T2025_02451.jpg,T2025_00522.jpg
0.1818,0,T2025_00492.jpg,T2025_02078.jpg
0.1883,0,T2025_02464.jpg,T2025_02154.jpg
0.2544,0,T2025_03066.jpg,T2025_00944.jpg
-0.1287,1,T2025_01085.jpg,T2025_01202.jpg
-0.0406,0,T2025_01107.jpg,T2025_02892.jpg
0.2128,1,T2025_00508.jpg,T2025_00967.jpg
0.2674,0,T2025_01263.jpg,T2025_02806.jpg
0.0516,0,T2025_00557.jpg,T2025_00117.jpg
0.3061,0,T2025_00778.jpg,T2025_00587.jpg
0.6245,0,T2025_01464.jpg,T2025_02640.jpg
0.4656,0,T2025_00814.jpg,T2025_00848.jpg
0.5697,1,T2025_02665.jpg,T2025_02936.jpg
0.6057,0,T2025_00531.jpg,T2025_01365.jpg
0.0133,0,T2025_02513.jpg,T2025_00023.jpg
0.0289,1,T2025_01399.jpg,T2025_00474.jpg
0.0958,0,T2025_02639.jpg,T2025_01944.jpg
-0.0197,0,T2025_02586.jpg,T2025_01616.jpg
0.2362,0,T2025_00544.jpg,T2025_00259.jpg
0.6478,1,T2025_01913.jpg,T2025_01676.jpg
0.0616,1,T2025_01869.jpg,T2025_02079.jpg
0.2410,0,T2025_01593.jpg,T2025_00399.jpg
0.1339,0,T2025_02378.jpg,T2025_01604.jpg
0.0803,0,T2025_00019.jpg,T2025_02469.jpg
0.4543,0,T2025_00581.jpg,T2025_02521.jpg
-0.0669,0,T2025_02861.jpg,T2025_01888.jpg
0.3593,1,T2025_02709.jpg,T2025_01158.jpg
0.2038,0,T2025_01331.jpg,T2025_02778.jpg
0.3877,0,T2025_02094.jpg,T2025_00381.jpg
0.5650,1,T2025_01524.jpg,T2025_02399.jpg
0.2084,0,T2025_00539.jpg,T2025_00042.jpg
0.0469,0,T2025_01333.jpg,T2025_02867.jpg
0.2019,0,T2025_01021.jpg,T2025_01361.jpg
0.2766,0,T2025_00014.jpg,T2025_01361.jpg
0.4174,0,T2025_00789.jpg,T2025_00260.jpg
-0.0388,0,T2025_03021.jpg,T2025_01193.jpg
0.1762,0,T2025_02023.jpg,T2025_01731.jpg
0.7983,1,T2025_01176.jpg,T2025_00559.jpg
0.5093,0,T2025_01941.jpg,T2025_00666.jpg
-0.0887,1,T2025_03060.jpg,T2025_01508.jpg
0.4044,0,T2025_01238.jpg,T2025_02696.jpg
0.0796,1,T2025_01736.jpg,T2025_02746.jpg
0.5003,0,T2025_01282.jpg,T2025_01884.jpg
0.4630,1,T2025_01261.jpg,T2025_00016.jpg
0.8188,0,T2025_02000.jpg,T2025_02953.jpg
0.2145,0,T2025_02204.jpg,T2025_01892.jpg
0.4642,0,T2025_01406.jpg,T2025_01230.jpg
0.6745,1,T2025_01422.jpg,T2025_01709.jpg
0.5330,1,T2025_00596.jpg,T2025_02198.jpg
0.5732,0,T2025_02283.jpg,T2025_02439.jpg
0.0730,0,T2025_02538.jpg,T2025_02778.jpg
0.4566,1,T2025_02405.jpg,T2025_01612.jpg
0.6788,0,T2025_01198.jpg,T2025_03026.jpg
0.3248,0,T2025_01662.jpg,T2025_00662.jpg
0.3307,0,T2025_02811.jpg,T2025_00507.jpg
0.2418,0,T2025_01503.jpg,T2025_01808.jpg
-0.0699,0,T2025_02137.jpg,T2025_02302.jpg
-0.0108,0,T2025_01056.jpg,T2025_00219.jpg
0.2593,1,T2025_00324.jpg,T2025_01333.jpg
0.7873,0,T2025_00902.jpg,T2025_00561.jpg
0.1575,0,T2025_01232.jpg,T2025_01995.jpg
0.6245,0,T2025_02683.jpg,T2025_02789.jpg
0.5375,0,T2025_00808.jpg,T2025_00186.jpg
0.1666,1,T2025_00578.jpg,T2025_03094.jpg
0.3895,0,T2025_00929.jpg,T2025_02482.jpg
0.4636,0,T2025_01120.jpg,T2025_00478.jpg
0.0290,1,T2025_01662.jpg,T2025_00588.jpg
0.1617,0,T2025_02170.jpg,T2025_01942.jpg
0.0606,1,T2025_00529.jpg,T2025_02736.jpg
-0.0777,1,T2025_02535.jpg,T2025_02495.jpg
0.2408,0,T2025_02653.jpg,T2025_00569.jpg
0.6968,0,T2025_01836.jpg,T2025_02938.jpg
-0.0218,0,T2025_00055.jpg,T2025_00080.jpg
-0.0808,0,T2025_00929.jpg,T2025_01871.jpg
-0.0083,1,T2025_01960.jpg,T2025_00010.jpg
0.7540,1,T2025_00943.jpg,T2025_01879.jpg
0.2950,1,T2025_02858.jpg,T2025_02184.jpg
0.6111,0,T2025_03075.jpg,T2025_01083.jpg
0.0728,0,T2025_01420.jpg,T2025_02323.jpg
0.1054,1,T2025_00087.jpg,T2025_02492.jpg
0.0720,0,T2025_01955.jpg,T2025_00678.jpg
0.4489,0,T2025_00944.jpg,T2025_01436.jpg
0.1765,0,T2025_01287.jpg,T2025_01668.jpg
0.6666,1,T2025_00627.jpg,T2025_00094.jpg
0.0354,1,T2025_01201.jpg,T2025_00349.jpg
0.2013,0,T2025_00794.jpg,T2025_00698.jpg
0.7913,1,T2025_02341.jpg,T2025_00813.jpg
0.2752,0,T2025_02491.jpg,T2025_02997.jpg
0.1296,0,T2025_01136.jpg,T2025_01964.jpg
0.0724,1,T2025_02450.jpg,T2025_01132.jpg
0.6825,0,T2025_03058.jpg,T2025_01604.jpg
0.2327,1,T2025_01227.jpg,T2025_00004.jpg
0.1173,0,T2025_00418.jpg,T2025_01913.jpg
0.4937,0,T2025_02955.jpg,T2025_00892.jpg
0.2439,1,T2025_01719.jpg,T2025_00965.jpg
0.4570,0,T2025_02118.jpg,T2025_02193.jpg
0.2833,1,T2025_02173.jpg,T2025_02279.jpg
0.6536,0,T2025_01381.jpg,T2025_00812.jpg
0.3717,0,T2025_02688.jpg,T2025_02375.jpg
0.5568,1,T2025_01699.jpg,T2025_02570.jpg
0.1485,1,T2025_03057.jpg,T2025_02963.jpg
0.4993,0,T2025_00510.jpg,T2025_00861.jpg
0.1075,1,T2025_01851.jpg,T2025_01256.jpg
0.4084,1,T2025_02063.jpg,T2025_02413.jpg
0.2463,0,T2025_01654.jpg,T2025_02985.jpg
0.1548,1,T2025_02552.jpg,T2025_02348.jpg
0.2734,1,T2025_02649.jpg,T2025_00422.jpg
0.2088,0,T2025_00474.jpg,T2025_02701.jpg
0.2592,0,T2025_02718.jpg,T2025_00607.jpg
0.8153,0,T2025_01239.jpg,T2025_01666.jpg
0.4261,0,T2025_02948.jpg,T2025_01410.jpg
0.7484,1,T2025_00391.jpg,T2025_02026.jpg
0.5446,0,T2025_03028.jpg,T2025_01308.jpg
0.3068,0,T2025_02895.jpg,T2025_01212.jpg
0.1794,0,T2025_00163.jpg,T2025_03036.jpg
0.0464,0,T2025_02924.jpg,T2025_00650.jpg
0.2086,0,T2025_01018.jpg,T2025_01037.jpg
0.2933,1,T2025_02379.jpg,T2025_02176.jpg
0.5671,0,T2025_00899.jpg,T2025_03044.jpg
0.6478,1,T2025_01569.jpg,T2025_00987.jpg
0.5194,0,T2025_00755.jpg,T2025_00154.jpg
0.7231,1,T2025_01419.jpg,T2025_02021.jpg
0.6257,1,T2025_02678.jpg,T2025_00462.jpg
0.1466,0,T2025_02517.jpg,T2025_01789.jpg
0.2891,0,T2025_00180.jpg,T2025_02169.jpg
0.8736,0,T2025_02776.jpg,T2025_00717.jpg
0.0536,1,T2025_01844.jpg,T2025_00061.jpg
0.1619,1,T2025_00422.jpg,T2025_02441.jpg
0.4253,0,T2025_00511.jpg,T2025_03002.jpg
0.1904,0,T2025_00120.jpg,T2025_01251.jpg
0.1426,1,T2025_02738.jpg,T2025_02880.jpg
0.0350,0,T2025_01458.jpg,T2025_02309.jpg
0.3600,0,T2025_01826.jpg,T2025_00302.jpg
0.2846,0,T2025_00327.jpg,T2025_00713.jpg
0.1623,0,T2025_02087.jpg,T2025_01921.jpg
0.1986,1,T2025_01678.jpg,T2025_00002.jpg
0.0370,0,T2025_01534.jpg,T2025_01204.jpg
0.7850,1,T2025_02435.jpg,T2025_01491.jpg
0.8156,1,T2025_01813.jpg,T2025_01505.jpg
0.3634,0,T2025_00673.jpg,T2025_00522.jpg
0.1558,1,T2025_00721.jpg,T2025_01315.jpg
0.2876,1,T2025_02563.jpg,T2025_02092.jpg
0.1474,0,T2025_02987.jpg,T2025_01185.jpg
0.5372,0,T2025_02958.jpg,T2025_02800.jpg
0.0818,1,T2025_00001.jpg,T2025_00969.jpg
0.0297,0,T2025_01981.jpg,T2025_02733.jpg
0.4648,1,T2025_02133.jpg,T2025_01898.jpg
0.4468,0,T2025_01451.jpg,T2025_02207.jpg
0.3847,1,T2025_00224.jpg,T2025_02134.jpg
0.2855,0,T2025_01843.jpg,T2025_01981.jpg
-0.0379,1,T2025_01400.jpg,T2025_02793.jpg
0.4217,0,T2025_00946.jpg,T2025_02318.jpg
0.1630,0,T2025_02645.jpg,T2025_00831.jpg
-0.0789,0,T2025_03058.jpg,T2025_01870.jpg
0.6433,0,T2025_01906.jpg,T2025_00915.jpg
0.6168,0,T2025_01953.jpg,T2025_02651.jpg
0.5604,1,T2025_02576.jpg,T2025_01671.jpg
0.1962,1,T2025_00401.jpg,T2025_01615.jpg
0.0435,1,T2025_03103.jpg,T2025_00691.jpg
-0.0613,0,T2025_02188.jpg,T2025_00860.jpg
0.8143,1,T2025_01487.jpg,T2025_00574.jpg
0.0612,0,T2025_03091.jpg,T2025_00944.jpg
0.1914,1,T2025_03079.jpg,T2025_02523.jpg
0.0622,1,T2025_02837.jpg,T2025_00307.jpg
0.0496,0,T2025_01233.jpg,T2025_00147.jpg
0.0925,0,T2025_02805.jpg,T2025_00353.jpg
0.7536,1,T2025_00370.jpg,T2025_01158.jpg
0.1917,0,T2025_02390.jpg,T2025_01534.jpg
0.1075,1,T2025_00249.jpg,T2025_01776.jpg
0.6650,0,T2025_02990.jpg,T2025_00907.jpg
0.3774,1,T2025_02127.jpg,T2025_02272.jpg
0.1299,1,T2025_02209.jpg,T2025_00806.jpg
0.3932,0,T2025_02996.jpg,T2025_00591.jpg
0.2635,1,T2025_03015.jpg,T2025_02553.jpg
0.0393,1,T2025_01214.jpg,T2025_00961.jpg
0.5755,1,T2025_02549.jpg,T2025_01007.jpg
0.0962,0,T2025_00833.jpg,T2025_01577.jpg
-0.0156,0,T2025_01250.jpg,T2025_02604.jpg
0.1928,1,T2025_00737.jpg,T2025_00687.jpg
0.8208,0,T2025_02238.jpg,T2025_00860.jpg
0.7262,1,T2025_01853.jpg,T2025_00023.jpg
0.0775,0,T2025_00222.jpg,T2025_02118.jpg
0.6754,1,T2025_01766.jpg,T2025_02035.jpg
0.4336,1,T2025_01598.jpg,T2025_01434.jpg
0.2112,1,T2025_03012.jpg,T2025_01573.jpg
0.2108,1,T2025_02975.jpg,T2025_01100.jpg
-0.0150,0,T2025_02165.jpg,T2025_02177.jpg
0.0998,1,T2025_02177.jpg,T2025_01625.jpg
0.7929,0,T2025_01623.jpg,T2025_00253.jpg
0.1860,1,T2025_00910.jpg,T2025_02998.jpg
0.2978,1,T2025_00825.jpg,T2025_00884.jpg
0.6177,0,T2025_01657.jpg,T2025_02276.jpg
0.3397,0,T2025_00021.jpg,T2025_00620.jpg
0.4559,0,T2025_00111.jpg,T2025_02877.jpg
0.7399,0,T2025_00911.jpg,T2025_02038.jpg
0.7328,1,T2025_02762.jpg,T2025_02809.jpg
0.7003,1,T2025_02551.jpg,T2025_01414.jpg
0.1042,0,T2025_00533.jpg,T2025_02880.jpg
0.4424,1,T2025_01573.jpg,T2025_01083.jpg
0.3891,1,T2025_01552.jpg,T2025_02219.jpg
0.1423,1,T2025_02868.jpg,T2025_01077.jpg
0.1529,1,T2025_01645.jpg,T2025_00180.jpg
0.3101,0,T2025_02870.jpg,T2025_01112.jpg
0.1308,1,T2025_00164.jpg,T2025_00455.jpg
0.3599,1,T2025_02218.jpg,T2025_01971.jpg
-0.0883,1,T2025_00028.jpg,T2025_02784.jpg
0.3673,0,T2025_01649.jpg,T2025_02325.jpg
0.5570,0,T2025_00396.jpg,T2025_02145.jpg
0.2686,1,T2025_00711.jpg,T2025_02422.jpg
-0.0877,1,T2025_02861.jpg,T2025_01200.jpg
0.2685,1,T2025_02498.jpg,T2025_01125.jpg
0.4979,0,T2025_00041.jpg,T2025_02926.jpg
0.3353,0,T2025_01796.jpg,T2025_02382.jpg
0.1026,1,T2025_01453.jpg,T2025_01976.jpg
0.4018,1,T2025_00551.jpg,T2025_02268.jpg
0.1585,0,T2025_00532.jpg,T2025_01980.jpg
0.5760,1,T2025_01684.jpg,T2025_01491.jpg
0.4415,0,T2025_00478.jpg,T2025_01062.jpg
0.0645,1,T2025_02955.jpg,T2025_00418.jpg
0.3419,0,T2025_01064.jpg,T2025_01782.jpg
0.5637,1,T2025_00106.jpg,T2025_02448.jpg
0.0537,1,T2025_02461.jpg,T2025_02464.jpg
0.8129,1,T2025_02349.jpg,T2025_01006.jpg
0.3905,1,T2025_02013.jpg,T2025_01375.jpg
0.7915,1,T2025_02728.jpg,T2025_00602.jpg
0.3828,1,T2025_00869.jpg,T2025_00846.jpg
0.4841,0,T2025_01962.jpg,T2025_02832.jpg
0.0846,1,T2025_02907.jpg,T2025_03041.jpg
0.7217,0,T2025_02747.jpg,T2025_01738.jpg
0.7320,1,T2025_00729.jpg,T2025_02207.jpg
-0.0119,1,T2025_02458.jpg,T2025_01290.jpg
0.1485,0,T2025_01000.jpg,T2025_00469.jpg
0.3517,0,T2025_02368.jpg,T2025_01391.jpg
0.1912,1,T2025_03078.jpg,T2025_01051.jpg
0.2329,1,T2025_01842.jpg,T2025_03028.jpg
0.0622,1,T2025_00081.jpg,T2025_00113.jpg
0.2490,1,T2025_00588.jpg,T2025_01127.jpg
0.5394,1,T2025_01751.jpg,T2025_01608.jpg
-0.0217,0,T2025_02074.jpg,T2025_02760.jpg
0.1181,0,T2025_01951.jpg,T2025_02408.jpg
-0.0429,1,T2025_00706.jpg,T2025_01597.jpg
0.0975,0,T2025_00807.jpg,T2025_01114.jpg
0.0237,0,T2025_02372.jpg,T2025_01796.jpg
0.2593,1,T2025_02254.jpg,T2025_00984.jpg
0.1744,0,T2025_01376.jpg,T2025_02094.jpg
0.0529,0,T2025_01537.jpg,T2025_01700.jpg
0.5141,0,T2025_02639.jpg,T2025_03095.jpg
0.0720,1,T2025_02498.jpg,T2025_00704.jpg
0.3822,1,T2025_01373.jpg,T2025_02684.jpg
0.1722,0,T2025_03052.jpg,T2025_01499.jpg
0.2232,0,T2025_01872.jpg,T2025_02870.jpg
0.3662,1,T2025_00012.jpg,T2025_00536.jpg
0.6941,0,T2025_00411.jpg,T2025_02683.jpg
0.3212,1,T2025_01592.jpg,T2025_02305.jpg
0.6225,1,T2025_02486.jpg,T2025_01448.jpg
0.0191,0,T2025_02403.jpg,T2025_01247.jpg
0.6187,1,T2025_02858.jpg,T2025_01328.jpg
0.0096,1,T2025_01636.jpg,T2025_00099.jpg
0.3569,0,T2025_02727.jpg,T2025_01815.jpg
0.1875,1,T2025_02339.jpg,T2025_00064.jpg
0.4194,0,T2025_01339.jpg,T2025_00555.jpg
0.4688,1,T2025_00600.jpg,T2025_00993.jpg
0.2282,0,T2025_02502.jpg,T2025_02796.jpg
-0.0854,1,T2025_00896.jpg,T2025_02273.jpg
0.4436,0,T2025_01929.jpg,T2025_00208.jpg
0.0767,1,T2025_00011.jpg,T2025_00463.jpg
0.1379,0,T2025_00257.jpg,T2025_01166.jpg
0.3344,0,T2025_02939.jpg,T2025_00083.jpg
0.3150,0,T2025_02386.jpg,T2025_00217.jpg
0.5048,1,T2025_00937.jpg,T2025_01338.jpg
0.5587,1,T2025_01720.jpg,T2025_01680.jpg
0.4149,1,T2025_01343.jpg,T2025_02458.jpg
0.6831,1,T2025_00902.jpg,T2025_00064.jpg
0.2580,1,T2025_01230.jpg,T2025_02984.jpg
0.3638,1,T2025_02681.jpg,T2025_01454.jpg
0.3223,1,T2025_01327.jpg,T2025_02905.jpg
0.1768,0,T2025_00761.jpg,T2025_00424.jpg
0.1016,1,T2025_01594.jpg,T2025_01617.jpg
0.0350,0,T2025_01972.jpg,T2025_03084.jpg
-0.0133,0,T2025_01351.jpg,T2025_02334.jpg
0.2283,1,T2025_02978.jpg,T2025_02458.jpg
0.6702,0,T2025_01047.jpg,T2025_01530.jpg
0.6533,1,T2025_00423.jpg,T2025_03095.jpg
0.1153,1,T2025_01896.jpg,T2025_00916.jpg
0.5442,1,T2025_00811.jpg,T2025_02199.jpg
0.6134,0,T2025_02981.jpg,T2025_01437.jpg
0.4491,0,T2025_00569.jpg,T2025_00819.jpg
0.4616,1,T2025_00929.jpg,T2025_02060.jpg
0.0440,0,T2025_00658.jpg,T2025_01799.jpg
0.1622,0,T2025_01463.jpg,T2025_00100.jpg
0.3760,0,T2025_02322.jpg,T2025_00138.jpg
0.2932,1,T2025_02386.jpg,T2025_02591.jpg
0.2551,0,T2025_02344.jpg,T2025_01755.jpg
0.6286,0,T2025_00101.jpg,T2025_00234.jpg
0.4978,0,T2025_01671.jpg,T2025_01592.jpg
0.3763,0,T2025_01858.jpg,T2025_01123.jpg
0.0318,0,T2025_00957.jpg,T2025_00730.jpg
0.3207,0,T2025_03085.jpg,T2025_02891.jpg
0.3183,1,T2025_01934.jpg,T2025_00274.jpg
0.1952,0,T2025_02932.jpg,T2025_00426.jpg
0.5011,0,T2025_01990.jpg,T2025_02563.jpg
0.8537,1,T2025_00122.jpg,T2025_00526.jpg
0.3670,0,T2025_01646.jpg,T2025_03090.jpg
0.4179,1,T2025_00081.jpg,T2025_00228.jpg
0.4584,0,T2025_02639.jpg,T2025_00042.jpg
0.1964,1,T2025_01788.jpg,T2025_01999.jpg
-0.1245,0,T2025_02901.jpg,T2025_02581.jpg
0.6582,0,T2025_00751.jpg,T2025_00769.jpg
0.4195,0,T2025_01052.jpg,T2025_01595.jpg
0.1494,0,T2025_02312.jpg,T2025_00095.jpg
1.0000,1,T2025_01132.jpg,T2025_01132.jpg
0.1134,1,T2025_01996.jpg,T2025_00660.jpg
0.6390,1,T2025_01952.jpg,T2025_01478.jpg
0.2411,0,T2025_01988.jpg,T2025_02508.jpg
0.7693,0,T2025_00535.jpg,T2025_02086.jpg
-0.0217,0,T2025_01538.jpg,T2025_02147.jpg
0.6367,1,T2025_03097.jpg,T2025_02078.jpg
0.3946,0,T2025_02894.jpg,T2025_01811.jpg
0.0647,1,T2025_02397.jpg,T2025_02561.jpg
0.1141,1,T2025_00628.jpg,T2025_01269.jpg
0.4157,1,T2025_01241.jpg,T2025_02231.jpg
0.2626,1,T2025_01971.jpg,T2025_01488.jpg
0.6443,1,T2025_02478.jpg,T2025_01324.jpg
0.1580,0,T2025_01378.jpg,T2025_00325.jpg
0.1370,0,T2025_00993.jpg,T2025_01140.jpg
-0.0114,0,T2025_01715.jpg,T2025_01096.jpg
0.4698,1,T2025_00854.jpg,T2025_01476.jpg
0.8401,0,T2025_01424.jpg,T2025_02164.jpg
0.2758,0,T2025_01695.jpg,T2025_01772.jpg
0.3404,0,T2025_01392.jpg,T2025_02958.jpg
1.0000,0,T2025_02060.jpg,T2025_02060.jpg
0.2337,1,T2025_00861.jpg,T2025_02220.jpg
0.2571,0,T2025_02419.jpg,T2025_01039.jpg
0.3385,1,T2025_02578.jpg,T2025_00495.jpg
0.7533,0,T2025_00040.jpg,T2025_02101.jpg
0.3846,1,T2025_00608.jpg,T2025_02376.jpg
-0.0776,0,T2025_01155.jpg,T2025_02024.jpg
0.6211,1,T2025_02777.jpg,T2025_00173.jpg
0.0800,1,T2025_00796.jpg,T2025_01678.jpg
0.2060,0,T2025_02606.jpg,T2025_01684.jpg
0.1274,0,T2025_01341.jpg,T2025_01113.jpg
0.3736,0,T2025_02298.jpg,T2025_02226.jpg
-0.0335,0,T2025_00389.jpg,T2025_02317.jpg
0.3375,0,T2025_01823.jpg,T2025_02109.jpg
0.2356,1,T2025_00060.jpg,T2025_03023.jpg
0.1981,0,T2025_00458.jpg,T2025_01105.jpg
0.1928,1,T2025_00049.jpg,T2025_02032.jpg
0.1916,0,T2025_02151.jpg,T2025_02153.jpg
0.2757,0,T2025_00899.jpg,T2025_02542.jpg
0.3091,1,T2025_01670.jpg,T2025_01135.jpg
1.0000,1,T2025_00535.jpg,T2025_00535.jpg
0.4018,1,T2025_00928.jpg,T2025_02734.jpg
0.1488,1,T2025_02588.jpg,T2025_00851.jpg
0.3450,1,T2025_00486.jpg,T2025_03039.jpg
-0.1008,0,T2025_01503.jpg,T2025_00002.jpg
0.7062,0,T2025_02900.jpg,T2025_01995.jpg
0.0687,0,T2025_02069.jpg,T2025_02875.jpg
0.0470,1,T2025_01428.jpg,T2025_01142.jpg
0.3497,0,T2025_02920.jpg,T2025_01751.jpg
0.7816,1,T2025_00946.jpg,T2025_01097.jpg
0.7737,0,T2025_02897.jpg,T2025_02404.jpg
0.3948,1,T2025_02920.jpg,T2025_02958.jpg
0.1696,1,T2025_00715.jpg,T2025_01689.jpg
0.3939,1,T2025_01003.jpg,T2025_00536.jpg
0.0233,1,T2025_02957.jpg,T2025_02667.jpg
0.4995,0,T2025_01902.jpg,T2025_01116.jpg
-0.0069,1,T2025_02756.jpg,T2025_00256.jpg
0.2426,1,T2025_00476.jpg,T2025_02149.jpg
0.0761,1,T2025_02646.jpg,T2025_00011.jpg
0.5319,1,T2025_00742.jpg,T2025_00490.jpg
0.0759,0,T2025_01423.jpg,T2025_02217.jpg
0.6204,1,T2025_02352.jpg,T2025_00786.jpg
0.0626,1,T2025_00852.jpg,T2025_01197.jpg
-0.0529,0,T2025_00686.jpg,T2025_00918.jpg
0.2953,0,T2025_01359.jpg,T2025_00847.jpg
0.7480,1,T2025_00152.jpg,T2025_00075.jpg
0.2132,0,T2025_00899.jpg,T2025_00869.jpg
0.1760,0,T2025_01717.jpg,T2025_01709.jpg
0.2135,1,T2025_02571.jpg,T2025_01315.jpg
0.6180,1,T2025_01780.jpg,T2025_01500.jpg
0.5585,1,T2025_00207.jpg,T2025_00331.jpg
0.4797,0,T2025_01909.jpg,T2025_02978.jpg
0.2839,1,T2025_00355.jpg,T2025_00894.jpg
0.1453,1,T2025_01301.jpg,T2025_01678.jpg
0.5100,0,T2025_02859.jpg,T2025_00572.jpg
-0.0106,1,T2025_02159.jpg,T2025_02185.jpg
0.3895,0,T2025_02564.jpg,T2025_01712.jpg
0.1831,0,T2025_01435.jpg,T2025_01770.jpg
0.1512,0,T2025_01028.jpg,T2025_02920.jpg
0.3645,1,T2025_01540.jpg,T2025_00034.jpg
0.1025,1,T2025_01060.jpg,T2025_01254.jpg
0.1911,0,T2025_02474.jpg,T2025_02883.jpg
0.1370,1,T2025_00792.jpg,T2025_00797.jpg
0.0647,1,T2025_01251.jpg,T2025_00739.jpg
0.4694,0,T2025_01941.jpg,T2025_00708.jpg
0.5667,0,T2025_00777.jpg,T2025_00195.jpg
0.5340,0,T2025_03011.jpg,T2025_02547.jpg
0.2227,1,T2025_01515.jpg,T2025_01122.jpg
0.2170,0,T2025_02030.jpg,T2025_01016.jpg
0.7855,1,T2025_00128.jpg,T2025_01544.jpg
-0.0905,0,T2025_01643.jpg,T2025_01600.jpg
0.3256,0,T2025_02266.jpg,T2025_01805.jpg
0.1386,0,T2025_03062.jpg,T2025_02490.jpg
0.5881,0,T2025_01936.jpg,T2025_01754.jpg
0.0672,0,T2025_02466.jpg,T2025_00169.jpg
0.7612,0,T2025_02364.jpg,T2025_02457.jpg
-0.1596,0,T2025_00242.jpg,T2025_00708.jpg
0.1011,1,T2025_01691.jpg,T2025_00259.jpg
0.5673,0,T2025_00143.jpg,T2025_01394.jpg
0.7222,1,T2025_00614.jpg,T2025_01265.jpg
0.4383,1,T2025_00371.jpg,T2025_00698.jpg
0.5578,1,T2025_02103.jpg,T2025_01369.jpg
-0.0586,1,T2025_02705.jpg,T2025_01769.jpg
0.3918,0,T2025_02239.jpg,T2025_02407.jpg
0.0278,1,T2025_01410.jpg,T2025_00223.jpg
0.5138,1,T2025_02206.jpg,T2025_02475.jpg
0.0200,1,T2025_00806.jpg,T2025_02462.jpg
0.8240,1,T2025_02362.jpg,T2025_02041.jpg
0.5908,1,T2025_02617.jpg,T2025_00330.jpg
-0.0038,0,T2025_00943.jpg,T2025_02261.jpg
0.1741,0,T2025_01768.jpg,T2025_02884.jpg
0.3063,0,T2025_01548.jpg,T2025_00021.jpg
0.6171,0,T2025_01956.jpg,T2025_02917.jpg
0.7667,0,T2025_02022.jpg,T2025_01878.jpg
0.3325,0,T2025_00129.jpg,T2025_02776.jpg
0.2247,1,T2025_02022.jpg,T2025_00347.jpg
0.2417,0,T2025_02399.jpg,T2025_01278.jpg
0.5167,0,T2025_00613.jpg,T2025_00575.jpg
0.0043,1,T2025_00208.jpg,T2025_00141.jpg
0.3771,0,T2025_00482.jpg,T2025_01883.jpg
0.5147,0,T2025_02480.jpg,T2025_00666.jpg
0.0057,1,T2025_02519.jpg,T2025_01373.jpg
0.0919,0,T2025_01626.jpg,T2025_02261.jpg
0.5400,0,T2025_02148.jpg,T2025_02485.jpg
0.6972,1,T2025_02640.jpg,T2025_02511.jpg
0.0827,0,T2025_02266.jpg,T2025_01093.jpg
0.7507,0,T2025_02522.jpg,T2025_02526.jpg
0.0556,0,T2025_00017.jpg,T2025_01840.jpg
0.2435,0,T2025_02285.jpg,T2025_02577.jpg
0.4624,1,T2025_00058.jpg,T2025_02649.jpg
0.6043,0,T2025_02863.jpg,T2025_01320.jpg
0.0733,1,T2025_00286.jpg,T2025_02315.jpg
-0.0419,1,T2025_02953.jpg,T2025_00144.jpg
0.4694,0,T2025_00121.jpg,T2025_01582.jpg
0.2644,1,T2025_01154.jpg,T2025_00710.jpg
0.5564,0,T2025_00867.jpg,T2025_01113.jpg
0.4830,1,T2025_02241.jpg,T2025_01932.jpg
0.5952,0,T2025_01427.jpg,T2025_01966.jpg
0.0821,1,T2025_00925.jpg,T2025_03095.jpg
0.7853,1,T2025_00687.jpg,T2025_02490.jpg
0.0267,0,T2025_02172.jpg,T2025_01094.jpg
0.6387,0,T2025_01419.jpg,T2025_02354.jpg
0.0475,1,T2025_03066.jpg,T2025_00736.jpg
0.3139,0,T2025_01101.jpg,T2025_02796.jpg
0.2017,0,T2025_00786.jpg,T2025_00308.jpg
0.3629,0,T2025_01424.jpg,T2025_01266.jpg
0.0665,0,T2025_01258.jpg,T2025_01426.jpg
0.1656,0,T2025_00596.jpg,T2025_01561.jpg
0.6358,0,T2025_01272.jpg,T2025_00178.jpg
0.3010,1,T2025_03037.jpg,T2025_02883.jpg
0.0726,0,T2025_01114.jpg,T2025_00517.jpg
0.0076,1,T2025_02454.jpg,T2025_02530.jpg
0.5929,0,T2025_00441.jpg,T2025_02428.jpg
0.3847,1,T2025_00417.jpg,T2025_00789.jpg
0.5938,1,T2025_01722.jpg,T2025_01108.jpg
0.5528,0,T2025_00997.jpg,T2025_02293.jpg
0.3804,0,T2025_02945.jpg,T2025_02126.jpg
0.8968,1,T2025_02711.jpg,T2025_00576.jpg
0.2652,1,T2025_00285.jpg,T2025_02771.jpg
0.0270,0,T2025_01561.jpg,T2025_02495.jpg
0.0292,0,T2025_00388.jpg,T2025_02218.jpg
0.3596,1,T2025_02635.jpg,T2025_00964.jpg
-0.0313,0,T2025_00270.jpg,T2025_01846.jpg
0.1911,0,T2025_00721.jpg,T2025_01763.jpg
0.4567,1,T2025_03037.jpg,T2025_00924.jpg
0.7433,0,T2025_01683.jpg,T2025_01202.jpg
0.2036,1,T2025_00361.jpg,T2025_00789.jpg
0.0790,0,T2025_00559.jpg,T2025_02432.jpg
0.3938,0,T2025_00015.jpg,T2025_00151.jpg
0.2720,0,T2025_00387.jpg,T2025_01980.jpg
0.1539,0,T2025_02095.jpg,T2025_02294.jpg
0.9212,0,T2025_00677.jpg,T2025_00687.jpg
0.0449,1,T2025_02143.jpg,T2025_01058.jpg
0.3792,0,T2025_01961.jpg,T2025_01477.jpg
0.0417,0,T2025_02638.jpg,T2025_02994.jpg
0.5132,1,T2025_02323.jpg,T2025_02263.jpg
0.7188,1,T2025_00704.jpg,T2025_01371.jpg
0.7512,0,T2025_00934.jpg,T2025_02304.jpg
0.2786,1,T2025_02805.jpg,T2025_01399.jpg
1.0000,1,T2025_00452.jpg,T2025_00452.jpg
0.1243,1,T2025_01271.jpg,T2025_02165.jpg
0.3530,0,T2025_03000.jpg,T2025_02156.jpg
0.0775,1,T2025_02932.jpg,T2025_00352.jpg
0.1401,0,T2025_02229.jpg,T2025_02672.jpg
0.1494,0,T2025_02835.jpg,T2025_02052.jpg
-0.0396,0,T2025_02127.jpg,T2025_01074.jpg
0.6122,1,T2025_01536.jpg,T2025_02324.jpg
0.3208,0,T2025_02940.jpg,T2025_00017.jpg
0.2378,1,T2025_01014.jpg,T2025_00687.jpg
0.0428,0,T2025_01856.jpg,T2025_00336.jpg
0.7069,0,T2025_03072.jpg,T2025_02515.jpg
0.0813,0,T2025_00221.jpg,T2025_00890.jpg
0.5066,0,T2025_00543.jpg,T2025_01095.jpg
0.7113,1,T2025_02853.jpg,T2025_01750.jpg
0.3189,1,T2025_01646.jpg,T2025_01253.jpg
0.3861,1,T2025_01630.jpg,T2025_00360.jpg
-0.0369,0,T2025_01572.jpg,T2025_01684.jpg
0.5455,0,T2025_00039.jpg,T2025_02757.jpg
0.1944,0,T2025_02415.jpg,T2025_02892.jpg
0.6619,1,T2025_00189.jpg,T2025_01947.jpg
0.3358,0,T2025_00315.jpg,T2025_02381.jpg
0.3867,0,T2025_00686.jpg,T2025_01830.jpg
0.2359,1,T2025_01628.jpg,T2025_01531.jpg
0.5347,1,T2025_02949.jpg,T2025_00981.jpg
0.5495,1,T2025_01582.jpg,T2025_00009.jpg
0.5698,1,T2025_00426.jpg,T2025_03059.jpg
0.3286,0,T2025_00071.jpg,T2025_00881.jpg
0.0539,0,T2025_02645.jpg,T2025_01605.jpg
0.3175,0,T2025_03059.jpg,T2025_00460.jpg
0.6221,0,T2025_01972.jpg,T2025_00316.jpg
0.3496,1,T2025_00999.jpg,T2025_00511.jpg
0.1284,1,T2025_02268.jpg,T2025_01511.jpg
0.4598,1,T2025_00543.jpg,T2025_01388.jpg
0.1657,0,T2025_00405.jpg,T2025_02077.jpg
0.6990,1,T2025_02518.jpg,T2025_03063.jpg
0.5093,1,T2025_02315.jpg,T2025_03001.jpg
0.2604,1,T2025_00242.jpg,T2025_01515.jpg
0.2852,0,T2025_02318.jpg,T2025_00329.jpg
-0.0950,0,T2025_02404.jpg,T2025_00270.jpg
0.1316,0,T2025_00446.jpg,T2025_00191.jpg
0.4518,1,T2025_01310.jpg,T2025_02184.jpg
0.5893,1,T2025_02980.jpg,T2025_01694.jpg
0.1207,1,T2025_00575.jpg,T2025_00985.jpg
0.6944,1,T2025_02359.jpg,T2025_00216.jpg
0.1669,0,T2025_02838.jpg,T2025_02819.jpg
0.0748,0,T2025_00469.jpg,T2025_02630.jpg
0.5481,0,T2025_02667.jpg,T2025_03022.jpg
0.1261,1,T2025_03092.jpg,T2025_00697.jpg
0.4069,1,T2025_00532.jpg,T2025_01549.jpg
0.7401,1,T2025_01494.jpg,T2025_01599.jpg
0.0684,1,T2025_01493.jpg,T2025_02608.jpg
-0.0185,0,T2025_02892.jpg,T2025_01524.jpg
0.0295,1,T2025_01840.jpg,T2025_00167.jpg
0.4749,1,T2025_00937.jpg,T2025_00810.jpg
0.0899,0,T2025_01543.jpg,T2025_00260.jpg
0.0562,1,T2025_02120.jpg,T2025_01006.jpg
0.3019,0,T2025_02291.jpg,T2025_01955.jpg
0.5130,1,T2025_02213.jpg,T2025_00718.jpg
0.0698,1,T2025_02609.jpg,T2025_00391.jpg
0.6222,1,T2025_01069.jpg,T2025_00930.jpg
0.5466,0,T2025_00920.jpg,T2025_01348.jpg
0.1958,0,T2025_00440.jpg,T2025_00696.jpg
0.0498,0,T2025_02296.jpg,T2025_01999.jpg
0.0302,0,T2025_02333.jpg,T2025_00159.jpg
0.1677,1,T2025_02933.jpg,T2025_02152.jpg
0.0499,0,T2025_02886.jpg,T2025_02962.jpg
-0.0997,1,T2025_01361.jpg,T2025_02678.jpg
0.2664,1,T2025_02507.jpg,T2025_00114.jpg
0.1493,0,T2025_01648.jpg,T2025_02225.jpg
0.5640,0,T2025_01043.jpg,T2025_01599.jpg
0.3651,1,T2025_02805.jpg,T2025_01984.jpg
0.5012,0,T2025_00083.jpg,T2025_02479.jpg
0.2683,0,T2025_01143.jpg,T2025_02828.jpg
0.3112,0,T2025_01689.jpg,T2025_00505.jpg
0.8159,1,T2025_02880.jpg,T2025_01650.jpg
0.0199,0,T2025_01797.jpg,T2025_01076.jpg
0.0606,0,T2025_00113.jpg,T2025_01691.jpg
0.3123,0,T2025_01626.jpg,T2025_00899.jpg
0.5133,1,T2025_01734.jpg,T2025_00455.jpg
0.0972,0,T2025_02520.jpg,T2025_01315.jpg
0.2239,0,T2025_00793.jpg,T2025_02071.jpg
0.7476,0,T2025_00601.jpg,T2025_01336.jpg
0.5415,0,T2025_02371.jpg,T2025_01169.jpg
0.5483,0,T2025_02762.jpg,T2025_00324.jpg
0.7223,0,T2025_00635.jpg,T2025_02160.jpg
0.3287,1,T2025_00360.jpg,T2025_00956.jpg
0.1278,1,T2025_02038.jpg,T2025_00092.jpg
0.5020,0,T2025_02701.jpg,T2025_02422.jpg
0.3998,1,T2025_00034.jpg,T2025_02988.jpg
0.4227,0,T2025_02044.jpg,T2025_02608.jpg
0.2423,1,T2025_01148.jpg,T2025_01993.jpg
0.1953,0,T2025_02627.jpg,T2025_03014.jpg
0.5112,0,T2025_01132.jpg,T2025_00210.jpg
0.2646,1,T2025_03082.jpg,T2025_02517.jpg
0.5207,0,T2025_02794.jpg,T2025_02626.jpg
0.3421,0,T2025_02782.jpg,T2025_02689.jpg
0.5584,1,T2025_00683.jpg,T2025_01801.jpg
0.5424,1,T2025_02153.jpg,T2025_00854.jpg
0.0411,0,T2025_01288.jpg,T2025_01312.jpg
0.5575,0,T2025_02184.jpg,T2025_00327.jpg
-0.0366,0,T2025_00893.jpg,T2025_02866.jpg
0.7441,1,T2025_01518.jpg,T2025_01605.jpg
0.2482,0,T2025_00729.jpg,T2025_01610.jpg
0.8660,1,T2025_00759.jpg,T2025_00275.jpg
0.2752,0,T2025_00011.jpg,T2025_01282.jpg
0.3656,0,T2025_02767.jpg,T2025_00925.jpg
0.4425,0,T2025_02196.jpg,T2025_00004.jpg
0.3715,0,T2025_01245.jpg,T2025_02905.jpg
0.0324,1,T2025_00907.jpg,T2025_01339.jpg
0.5616,0,T2025_00429.jpg,T2025_02971.jpg
0.5745,0,T2025_02398.jpg,T2025_01927.jpg
0.2368,0,T2025_02992.jpg,T2025_01585.jpg
0.4318,0,T2025_02923.jpg,T2025_00751.jpg
0.0791,1,T2025_00950.jpg,T2025_01306.jpg
-0.0755,1,T2025_01035.jpg,T2025_02404.jpg
0.0749,1,T2025_00926.jpg,T2025_00227.jpg
0.7982,1,T2025_02227.jpg,T2025_00136.jpg
0.3721,0,T2025_02847.jpg,T2025_02979.jpg
0.7474,0,T2025_00896.jpg,T2025_02982.jpg
0.4770,1,T2025_00091.jpg,T2025_01393.jpg
-0.0806,0,T2025_02977.jpg,T2025_00199.jpg
0.6816,0,T2025_00602.jpg,T2025_01409.jpg
0.3543,1,T2025_02950.jpg,T2025_00271.jpg
0.1413,0,T2025_02705.jpg,T2025_01619.jpg
0.4994,1,T2025_01357.jpg,T2025_02546.jpg
0.6196,0,T2025_01012.jpg,T2025_00834.jpg
0.6837,1,T2025_02563.jpg,T2025_01026.jpg
0.2054,1,T2025_02490.jpg,T2025_01257.jpg
0.7672,1,T2025_00749.jpg,T2025_01894.jpg
0.5340,1,T2025_01672.jpg,T2025_00248.jpg
0.0932,1,T2025_00757.jpg,T2025_01836.jpg
0.1483,0,T2025_02626.jpg,T2025_02549.jpg
0.3972,1,T2025_00512.jpg,T2025_01210.jpg
0.4463,1,T2025_01346.jpg,T2025_02008.jpg
0.3338,1,T2025_00750.jpg,T2025_02684.jpg
-0.1512,0,T2025_01656.jpg,T2025_01212.jpg
0.5772,0,T2025_01454.jpg,T2025_00152.jpg
0.0200,0,T2025_02166.jpg,T2025_02032.jpg
0.7018,1,T2025_02094.jpg,T2025_00196.jpg
0.6575,1,T2025_01911.jpg,T2025_03026.jpg
0.3210,1,T2025_00216.jpg,T2025_01170.jpg
0.6399,1,T2025_00712.jpg,T2025_02665.jpg
0.3646,1,T2025_02483.jpg,T2025_00308.jpg
0.7552,0,T2025_00488.jpg,T2025_01583.jpg
0.0657,0,T2025_01525.jpg,T2025_00041.jpg
0.4980,0,T2025_02296.jpg,T2025_02405.jpg
0.1790,0,T2025_01816.jpg,T2025_02280.jpg
0.7711,1,T2025_02607.jpg,T2025_02212.jpg
0.5170,0,T2025_00634.jpg,T2025_00739.jpg
0.2421,0,T2025_01780.jpg,T2025_00397.jpg
0.3207,1,T2025_02547.jpg,T2025_00749.jpg
0.4433,1,T2025_00941.jpg,T2025_00531.jpg
0.2216,0,T2025_02542.jpg,T2025_00565.jpg
0.0765,1,T2025_00492.jpg,T2025_02327.jpg
0.6662,1,T2025_02116.jpg,T2025_02953.jpg
0.4027,1,T2025_00467.jpg,T2025_01329.jpg
0.2572,0,T2025_02153.jpg,T2025_02715.jpg
0.1402,1,T2025_02345.jpg,T2025_02386.jpg
0.6297,1,T2025_00041.jpg,T2025_00542.jpg
0.1704,0,T2025_02215.jpg,T2025_01611.jpg
0.1005,1,T2025_01079.jpg,T2025_01937.jpg
0.4243,1,T2025_01080.jpg,T2025_03032.jpg
0.0525,1,T2025_02337.jpg,T2025_01309.jpg
0.1127,0,T2025_01058.jpg,T2025_00070.jpg
-0.0093,1,T2025_02300.jpg,T2025_00966.jpg
0.0287,1,T2025_02104.jpg,T2025_00946.jpg
0.3333,1,T2025_00247.jpg,T2025_02419.jpg
0.0664,0,T2025_01055.jpg,T2025_00817.jpg
0.6514,0,T2025_02549.jpg,T2025_02671.jpg
0.1863,1,T2025_02983.jpg,T2025_00959.jpg
0.1121,1,T2025_00974.jpg,T2025_01195.jpg
0.2223,1,T2025_01391.jpg,T2025_02537.jpg
0.5434,1,T2025_01219.jpg,T2025_00272.jpg
0.0967,0,T2025_02110.jpg,T2025_00446.jpg
0.5085,0,T2025_02545.jpg,T2025_00944.jpg
0.4468,1,T2025_02943.jpg,T2025_00354.jpg
0.0550,0,T2025_02303.jpg,T2025_00852.jpg
0.4307,1,T2025_02867.jpg,T2025_01478.jpg
0.4627,0,T2025_01993.jpg,T2025_00276.jpg
0.3528,1,T2025_02510.jpg,T2025_00964.jpg
0.4349,0,T2025_02978.jpg,T2025_00414.jpg
0.2007,0,T2025_00730.jpg,T2025_00628.jpg
0.2089,1,T2025_01980.jpg,T2025_00928.jpg
0.3223,1,T2025_00718.jpg,T2025_02786.jpg
0.5399,1,T2025_00319.jpg,T2025_01024.jpg
0.4205,1,T2025_01868.jpg,T2025_02159.jpg
0.7333,1,T2025_01699.jpg,T2025_01581.jpg
0.4819,1,T2025_02027.jpg,T2025_01382.jpg
0.0499,1,T2025_02697.jpg,T2025_01843.jpg
0.2743,1,T2025_00669.jpg,T2025_02468.jpg
0.1877,0,T2025_01223.jpg,T2025_02749.jpg
0.2134,1,T2025_03012.jpg,T2025_02984.jpg
0.5860,0,T2025_02820.jpg,T2025_01084.jpg
0.4572,1,T2025_02737.jpg,T2025_01191.jpg
0.8006,1,T2025_01944.jpg,T2025_02046.jpg
0.0974,0,T2025_02676.jpg,T2025_02929.jpg
0.7417,0,T2025_00732.jpg,T2025_03061.jpg
0.6658,1,T2025_00732.jpg,T2025_01911.jpg
0.3430,0,T2025_01700.jpg,T2025_02888.jpg
0.2483,0,T2025_00910.jpg,T2025_01625.jpg
0.7161,0,T2025_02017.jpg,T2025_02581.jpg
0.2041,1,T2025_00880.jpg,T2025_00567.jpg
-0.2319,1,T2025_01950.jpg,T2025_01980.jpg
0.3163,1,T2025_00713.jpg,T2025_01175.jpg
0.6599,1,T2025_00369.jpg,T2025_02748.jpg
0.0597,1,T2025_02235.jpg,T2025_01840.jpg
0.4165,1,T2025_00472.jpg,T2025_01167.jpg
0.1722,1,T2025_02638.jpg,T2025_01987.jpg
0.4144,0,T2025_02431.jpg,T2025_01919.jpg
0.1558,0,T2025_01275.jpg,T2025_02167.jpg
0.5015,0,T2025_01732.jpg,T2025_01662.jpg
0.0259,1,T2025_01878.jpg,T2025_01012.jpg
0.0586,0,T2025_00978.jpg,T2025_00540.jpg
0.2018,1,T2025_00286.jpg,T2025_02114.jpg
0.3546,0,T2025_00229.jpg,T2025_02735.jpg
0.1794,0,T2025_01382.jpg,T2025_02270.jpg
0.0400,0,T2025_00275.jpg,T2025_00918.jpg
0.5908,1,T2025_02910.jpg,T2025_00327.jpg
0.8190,0,T2025_00454.jpg,T2025_01529.jpg
0.2957,1,T2025_01887.jpg,T2025_00872.jpg
0.7374,1,T2025_02660.jpg,T2025_01508.jpg
0.1114,1,T2025_00267.jpg,T2025_01740.jpg
0.4395,0,T2025_00814.jpg,T2025_01413.jpg
0.5003,1,T2025_00085.jpg,T2025_02516.jpg
0.4978,1,T2025_02363.jpg,T2025_00262.jpg
0.5059,0,T2025_01023.jpg,T2025_02288.jpg
0.1232,0,T2025_02721.jpg,T2025_02926.jpg
0.1350,0,T2025_02704.jpg,T2025_00901.jpg
0.2797,0,T2025_00021.jpg,T2025_01398.jpg
0.0860,1,T2025_01921.jpg,T2025_02999.jpg
0.0762,0,T2025_01897.jpg,T2025_02931.jpg
0.5765,0,T2025_02997.jpg,T2025_00194.jpg
0.1543,0,T2025_01558.jpg,T2025_00130.jpg
0.2801,1,T2025_02575.jpg,T2025_01481.jpg
0.3315,0,T2025_01443.jpg,T2025_01408.jpg
0.5151,0,T2025_01698.jpg,T2025_02507.jpg
0.6579,0,T2025_00377.jpg,T2025_01383.jpg
0.3609,1,T2025_02340.jpg,T2025_02471.jpg
0.0412,0,T2025_01256.jpg,T2025_02413.jpg
0.4576,1,T2025_02199.jpg,T2025_00804.jpg
0.3745,1,T2025_00831.jpg,T2025_02400.jpg
0.0768,1,T2025_01298.jpg,T2025_01592.jpg
0.1894,1,T2025_00395.jpg,T2025_02229.jpg
0.8235,1,T2025_02860.jpg,T2025_01455.jpg
-0.1533,1,T2025_00698.jpg,T2025_02914.jpg
0.0511,0,T2025_00027.jpg,T2025_03073.jpg
0.6019,1,T2025_02869.jpg,T2025_00859.jpg
0.7047,0,T2025_02232.jpg,T2025_01115.jpg
-0.0028,1,T2025_01993.jpg,T2025_00616.jpg
0.0970,0,T2025_00005.jpg,T2025_02678.jpg
0.0342,0,T2025_02746.jpg,T2025_00080.jpg
0.2943,0,T2025_02730.jpg,T2025_00826.jpg
0.6604,1,T2025_02461.jpg,T2025_00323.jpg
0.1593,0,T2025_01485.jpg,T2025_02103.jpg
0.2231,0,T2025_00170.jpg,T2025_00306.jpg
0.0048,0,T2025_03073.jpg,T2025_00583.jpg
0.0724,1,T2025_00874.jpg,T2025_02475.jpg
0.2364,0,T2025_00591.jpg,T2025_01802.jpg
0.4778,1,T2025_01414.jpg,T2025_01895.jpg
-0.0460,1,T2025_01212.jpg,T2025_00858.jpg
0.3804,1,T2025_01489.jpg,T2025_01808.jpg
0.1575,1,T2025_00738.jpg,T2025_01661.jpg
0.1626,1,T2025_00699.jpg,T2025_00799.jpg
0.4715,1,T2025_00171.jpg,T2025_02311.jpg
0.5977,1,T2025_01338.jpg,T2025_00810.jpg
0.1371,1,T2025_02757.jpg,T2025_02326.jpg
0.1461,1,T2025_02590.jpg,T2025_00562.jpg
0.1991,0,T2025_01476.jpg,T2025_00991.jpg
0.2940,0,T2025_00294.jpg,T2025_01642.jpg
0.4782,1,T2025_02134.jpg,T2025_00716.jpg
0.7134,0,T2025_01719.jpg,T2025_00315.jpg
0.6371,0,T2025_00349.jpg,T2025_02772.jpg
0.3839,1,T2025_00455.jpg,T2025_01725.jpg
0.1687,1,T2025_01755.jpg,T2025_01879.jpg
0.0464,1,T2025_02093.jpg,T2025_03020.jpg
0.6167,1,T2025_00341.jpg,T2025_01357.jpg
0.1274,0,T2025_01175.jpg,T2025_00702.jpg
0.0931,0,T2025_00442.jpg,T2025_00014.jpg
0.4110,0,T2025_01543.jpg,T2025_01159.jpg
0.2481,0,T2025_00735.jpg,T2025_01477.jpg
0.1000,1,T2025_01666.jpg,T2025_02929.jpg
0.1931,1,T2025_00669.jpg,T2025_02618.jpg
0.7260,0,T2025_02385.jpg,T2025_00055.jpg
0.1366,0,T2025_01216.jpg,T2025_01329.jpg
0.4803,0,T2025_00582.jpg,T2025_02028.jpg
0.1243,1,T2025_01063.jpg,T2025_00328.jpg
0.2264,1,T2025_00077.jpg,T2025_01324.jpg
0.3309,0,T2025_01508.jpg,T2025_00235.jpg
0.3605,0,T2025_02423.jpg,T2025_02208.jpg
0.2258,0,T2025_02317.jpg,T2025_02045.jpg
0.4166,0,T2025_01151.jpg,T2025_01706.jpg
0.2536,0,T2025_02103.jpg,T2025_02348.jpg
0.2091,0,T2025_00769.jpg,T2025_00739.jpg
0.8088,1,T2025_00977.jpg,T2025_02679.jpg
0.4653,1,T2025_00008.jpg,T2025_01770.jpg
0.1668,1,T2025_01226.jpg,T2025_02330.jpg
0.1116,1,T2025_00508.jpg,T2025_00083.jpg
-0.0673,1,T2025_01006.jpg,T2025_00761.jpg
0.1676,1,T2025_00898.jpg,T2025_02153.jpg
0.6993,1,T2025_02262.jpg,T2025_02990.jpg
0.5793,0,T2025_01335.jpg,T2025_00443.jpg
0.0876,0,T2025_01700.jpg,T2025_01442.jpg
0.2457,0,T2025_02216.jpg,T2025_00120.jpg
-0.0215,0,T2025_02648.jpg,T2025_01825.jpg
0.2319,0,T2025_00746.jpg,T2025_02021.jpg
0.1728,1,T2025_02618.jpg,T2025_01123.jpg
0.2589,0,T2025_01747.jpg,T2025_01441.jpg
0.4757,0,T2025_00753.jpg,T2025_00986.jpg
0.1226,0,T2025_02715.jpg,T2025_01083.jpg
0.5726,1,T2025_02471.jpg,T2025_01557.jpg
0.8230,0,T2025_01852.jpg,T2025_01930.jpg
0.3467,0,T2025_01654.jpg,T2025_01370.jpg
0.4953,1,T2025_00481.jpg,T2025_00299.jpg
-0.0945,1,T2025_02782.jpg,T2025_01151.jpg
-0.1429,0,T2025_02275.jpg,T2025_00838.jpg
-0.0118,1,T2025_00048.jpg,T2025_02737.jpg
0.2538,0,T2025_02688.jpg,T2025_01164.jpg
0.2589,1,T2025_00377.jpg,T2025_01150.jpg
0.8761,1,T2025_01243.jpg,T2025_01316.jpg
0.3574,0,T2025_01621.jpg,T2025_01154.jpg
0.0268,1,T2025_02247.jpg,T2025_01612.jpg
0.3961,0,T2025_00833.jpg,T2025_01388.jpg
0.4840,1,T2025_01490.jpg,T2025_02822.jpg
0.2062,1,T2025_00197.jpg,T2025_02459.jpg
0.6521,1,T2025_02671.jpg,T2025_00263.jpg
0.6212,1,T2025_00212.jpg,T2025_02474.jpg
0.2040,0,T2025_00694.jpg,T2025_00334.jpg
0.6705,0,T2025_00006.jpg,T2025_00776.jpg
0.5225,1,T2025_01403.jpg,T2025_02153.jpg
0.4010,0,T2025_02773.jpg,T2025_03021.jpg
0.0606,0,T2025_03096.jpg,T2025_02482.jpg
0.2143,0,T2025_02259.jpg,T2025_00314.jpg
0.0807,1,T2025_01851.jpg,T2025_00565.jpg
0.6527,0,T2025_02231.jpg,T2025_02916.jpg
0.3876,1,T2025_01037.jpg,T2025_00415.jpg
0.4936,0,T2025_00688.jpg,T2025_00753.jpg
0.2940,0,T2025_01958.jpg,T2025_00683.jpg
0.0544,1,T2025_01481.jpg,T2025_00375.jpg
0.1130,0,T2025_00655.jpg,T2025_00416.jpg
0.0796,0,T2025_02825.jpg,T2025_02242.jpg
0.2415,0,T2025_01347.jpg,T2025_01136.jpg
0.4599,1,T2025_00577.jpg,T2025_00801.jpg
0.7823,0,T2025_00496.jpg,T2025_01537.jpg
0.6461,0,T2025_00024.jpg,T2025_02173.jpg
0.3062,1,T2025_02538.jpg,T2025_01261.jpg
0.4640,1,T2025_00351.jpg,T2025_00249.jpg
0.2067,1,T2025_02563.jpg,T2025_02242.jpg
0.5419,0,T2025_01264.jpg,T2025_01618.jpg
0.1815,1,T2025_03009.jpg,T2025_02954.jpg
0.0875,1,T2025_00772.jpg,T2025_00747.jpg
0.4157,1,T2025_02886.jpg,T2025_03041.jpg
0.6834,0,T2025_00048.jpg,T2025_02571.jpg
0.3249,0,T2025_00367.jpg,T2025_02270.jpg
0.3782,1,T2025_02624.jpg,T2025_01532.jpg
0.4267,1,T2025_03009.jpg,T2025_03021.jpg
0.2771,0,T2025_02185.jpg,T2025_00929.jpg
0.4789,0,T2025_01541.jpg,T2025_01149.jpg
0.4681,1,T2025_01221.jpg,T2025_02646.jpg
0.0148,0,T2025_01964.jpg,T2025_01142.jpg
0.0287,0,T2025_01804.jpg,T2025_00081.jpg
-0.0047,1,T2025_02815.jpg,T2025_00873.jpg
0.0696,1,T2025_00266.jpg,T2025_00478.jpg
0.5045,0,T2025_02849.jpg,T2025_00264.jpg
0.4595,0,T2025_02210.jpg,T2025_02270.jpg
0.2193,1,T2025_02799.jpg,T2025_00689.jpg
-0.0531,1,T2025_01067.jpg,T2025_01171.jpg
0.6802,1,T2025_02774.jpg,T2025_02970.jpg
0.3111,0,T2025_02920.jpg,T2025_00845.jpg
0.1469,1,T2025_02232.jpg,T2025_00975.jpg
0.1689,1,T2025_02539.jpg,T2025_02219.jpg
0.5670,1,T2025_00825.jpg,T2025_00426.jpg
0.2499,1,T2025_01507.jpg,T2025_01506.jpg
0.6953,0,T2025_00695.jpg,T2025_02245.jpg
-0.1079,0,T2025_02519.jpg,T2025_02120.jpg
0.0773,1,T2025_02917.jpg,T2025_02120.jpg
0.7366,0,T2025_01591.jpg,T2025_02587.jpg
0.6882,1,T2025_00726.jpg,T2025_02953.jpg
0.7495,0,T2025_02089.jpg,T2025_01033.jpg
0.9261,1,T2025_02139.jpg,T2025_02680.jpg
0.3913,1,T2025_00056.jpg,T2025_00214.jpg
0.5405,1,T2025_00880.jpg,T2025_00286.jpg
0.7220,0,T2025_02578.jpg,T2025_01684.jpg
0.7472,1,T2025_01979.jpg,T2025_02304.jpg
0.7147,0,T2025_00018.jpg,T2025_01191.jpg
1.0000,1,T2025_03022.jpg,T2025_03022.jpg
0.7315,1,T2025_01255.jpg,T2025_02809.jpg
0.2211,1,T2025_00521.jpg,T2025_02803.jpg
0.4149,0,T2025_02232.jpg,T2025_00162.jpg
0.1869,0,T2025_00739.jpg,T2025_00139.jpg
0.7388,1,T2025_00097.jpg,T2025_00212.jpg
0.0010,1,T2025_02045.jpg,T2025_00918.jpg
-0.0077,0,T2025_00199.jpg,T2025_01137.jpg
-0.0477,1,T2025_02482.jpg,T2025_02320.jpg
0.3419,1,T2025_02611.jpg,T2025_02311.jpg
0.4766,1,T2025_01108.jpg,T2025_02808.jpg
0.4611,0,T2025_00798.jpg,T2025_02978.jpg
0.4963,0,T2025_01346.jpg,T2025_02196.jpg
0.4671,0,T2025_00716.jpg,T2025_02865.jpg
0.8398,1,T2025_00896.jpg,T2025_01916.jpg
0.1761,1,T2025_00417.jpg,T2025_01295.jpg
0.3577,1,T2025_02717.jpg,T2025_02282.jpg
0.3073,0,T2025_00289.jpg,T2025_02585.jpg
0.4240,1,T2025_02692.jpg,T2025_01089.jpg
0.3745,0,T2025_01865.jpg,T2025_02228.jpg
0.4416,0,T2025_03088.jpg,T2025_00354.jpg
0.0505,0,T2025_02883.jpg,T2025_03047.jpg
0.2921,1,T2025_02997.jpg,T2025_01744.jpg
0.1589,1,T2025_01620.jpg,T2025_00797.jpg
-0.0647,1,T2025_01749.jpg,T2025_00228.jpg
0.3787,0,T2025_02873.jpg,T2025_01635.jpg
0.0832,0,T2025_02875.jpg,T2025_01538.jpg
0.2168,1,T2025_00451.jpg,T2025_03082.jpg
0.6382,0,T2025_01197.jpg,T2025_00482.jpg
0.2790,1,T2025_02002.jpg,T2025_00009.jpg
0.3349,0,T2025_02298.jpg,T2025_00203.jpg
0.2545,0,T2025_00360.jpg,T2025_01452.jpg
0.5517,0,T2025_02570.jpg,T2025_02328.jpg
0.3098,0,T2025_01489.jpg,T2025_00098.jpg
0.1920,0,T2025_02633.jpg,T2025_02594.jpg
0.0984,1,T2025_01175.jpg,T2025_01206.jpg
0.6044,0,T2025_00033.jpg,T2025_02838.jpg
0.3667,1,T2025_01602.jpg,T2025_01001.jpg
0.1689,1,T2025_00691.jpg,T2025_01696.jpg
0.1755,1,T2025_00503.jpg,T2025_02626.jpg
0.0466,1,T2025_02494.jpg,T2025_01708.jpg
0.1797,0,T2025_01117.jpg,T2025_02237.jpg
0.1063,1,T2025_02161.jpg,T2025_00265.jpg
0.2718,1,T2025_01048.jpg,T2025_02562.jpg
0.0996,1,T2025_01400.jpg,T2025_00425.jpg
0.2406,0,T2025_00890.jpg,T2025_01147.jpg
0.2382,1,T2025_01900.jpg,T2025_01083.jpg
0.1826,1,T2025_00753.jpg,T2025_02702.jpg
0.1403,0,T2025_00238.jpg,T2025_02699.jpg
0.9449,0,T2025_00210.jpg,T2025_01743.jpg
0.5933,0,T2025_00769.jpg,T2025_01934.jpg
0.3740,1,T2025_00564.jpg,T2025_01816.jpg
0.0153,0,T2025_00494.jpg,T2025_00155.jpg
0.9041,0,T2025_02897.jpg,T2025_01650.jpg
0.4140,0,T2025_00302.jpg,T2025_01865.jpg
0.0065,1,T2025_00599.jpg,T2025_02386.jpg
0.0633,1,T2025_02107.jpg,T2025_02163.jpg
0.0562,0,T2025_01047.jpg,T2025_02847.jpg
0.3815,1,T2025_00482.jpg,T2025_01664.jpg
0.1559,1,T2025_01448.jpg,T2025_01107.jpg
0.5339,1,T2025_00331.jpg,T2025_01301.jpg
0.0426,0,T2025_00498.jpg,T2025_02996.jpg
0.1694,0,T2025_00269.jpg,T2025_02300.jpg
0.1505,1,T2025_01094.jpg,T2025_00067.jpg
0.3195,0,T2025_00336.jpg,T2025_02542.jpg
-0.0196,1,T2025_00401.jpg,T2025_02737.jpg
0.6094,1,T2025_01012.jpg,T2025_02323.jpg
-0.0249,0,T2025_00742.jpg,T2025_02231.jpg
0.2246,0,T2025_01074.jpg,T2025_00514.jpg
0.0437,0,T2025_01695.jpg,T2025_01128.jpg
0.1519,0,T2025_00062.jpg,T2025_01232.jpg
0.2172,0,T2025_01353.jpg,T2025_00377.jpg
0.2496,0,T2025_01093.jpg,T2025_01830.jpg
0.7403,0,T2025_00385.jpg,T2025_01618.jpg
0.3429,0,T2025_00916.jpg,T2025_01456.jpg
0.2993,1,T2025_00721.jpg,T2025_02679.jpg
0.2518,1,T2025_01986.jpg,T2025_02370.jpg
0.3816,0,T2025_02179.jpg,T2025_00736.jpg
0.2272,1,T2025_01375.jpg,T2025_01404.jpg
0.8072,0,T2025_00999.jpg,T2025_01250.jpg
0.0865,0,T2025_02790.jpg,T2025_00129.jpg
0.3245,1,T2025_00102.jpg,T2025_00429.jpg
0.2590,1,T2025_01363.jpg,T2025_01167.jpg
0.4490,1,T2025_00598.jpg,T2025_02673.jpg
0.7393,1,T2025_00640.jpg,T2025_01258.jpg
0.4028,0,T2025_00507.jpg,T2025_02552.jpg
0.5542,1,T2025_01165.jpg,T2025_01053.jpg
0.0619,1,T2025_01702.jpg,T2025_02234.jpg
0.1644,1,T2025_00941.jpg,T2025_00681.jpg
0.1022,0,T2025_01454.jpg,T2025_01038.jpg
0.2438,1,T2025_00595.jpg,T2025_00507.jpg
0.3168,1,T2025_01140.jpg,T2025_02483.jpg
0.2426,0,T2025_01461.jpg,T2025_00587.jpg
0.2285,0,T2025_02643.jpg,T2025_02738.jpg
0.0913,1,T2025_02740.jpg,T2025_02129.jpg
0.1252,1,T2025_01859.jpg,T2025_00704.jpg
0.7334,0,T2025_00155.jpg,T2025_01522.jpg
0.2319,0,T2025_01580.jpg,T2025_01772.jpg
0.2913,0,T2025_02856.jpg,T2025_00390.jpg
0.1448,1,T2025_00697.jpg,T2025_01580.jpg
0.6809,1,T2025_01842.jpg,T2025_03095.jpg
0.0216,1,T2025_02819.jpg,T2025_01067.jpg
-0.0015,0,T2025_02438.jpg,T2025_03002.jpg
0.5141,1,T2025_03100.jpg,T2025_01387.jpg
0.1852,1,T2025_01736.jpg,T2025_01689.jpg
0.7339,1,T2025_00884.jpg,T2025_02902.jpg
0.6727,0,T2025_02004.jpg,T2025_02142.jpg
0.8233,1,T2025_01936.jpg,T2025_01555.jpg
0.4940,0,T2025_00491.jpg,T2025_01441.jpg
0.1307,0,T2025_01703.jpg,T2025_00826.jpg
0.2531,0,T2025_02471.jpg,T2025_01748.jpg
-0.0800,0,T2025_02664.jpg,T2025_02574.jpg
0.3417,0,T2025_00239.jpg,T2025_02913.jpg
0.4586,1,T2025_01984.jpg,T2025_00385.jpg
0.6307,1,T2025_02603.jpg,T2025_00659.jpg
0.3892,0,T2025_01287.jpg,T2025_02797.jpg
0.4659,0,T2025_01071.jpg,T2025_01475.jpg
0.2276,1,T2025_00492.jpg,T2025_02330.jpg
0.0781,1,T2025_01826.jpg,T2025_02561.jpg
0.4220,1,T2025_00233.jpg,T2025_00685.jpg
-0.0124,0,T2025_02559.jpg,T2025_01042.jpg
0.4437,1,T2025_01581.jpg,T2025_01690.jpg
0.1165,0,T2025_02206.jpg,T2025_00013.jpg
0.2845,1,T2025_01082.jpg,T2025_02550.jpg
0.5170,0,T2025_02783.jpg,T2025_00892.jpg
0.1956,1,T2025_00077.jpg,T2025_02423.jpg
0.3309,0,T2025_02408.jpg,T2025_01471.jpg
0.1671,0,T2025_01868.jpg,T2025_01407.jpg
0.1224,0,T2025_01559.jpg,T2025_00077.jpg
0.4284,0,T2025_01806.jpg,T2025_01545.jpg
0.3428,1,T2025_01482.jpg,T2025_01607.jpg
0.1811,1,T2025_02685.jpg,T2025_01883.jpg
0.7151,0,T2025_00386.jpg,T2025_01843.jpg
0.1432,0,T2025_00655.jpg,T2025_01804.jpg
0.4355,0,T2025_00215.jpg,T2025_00431.jpg
0.6523,1,T2025_01983.jpg,T2025_01663.jpg
-0.0419,0,T2025_01781.jpg,T2025_01665.jpg
0.8346,1,T2025_01274.jpg,T2025_01825.jpg
-0.0029,0,T2025_02788.jpg,T2025_03081.jpg
0.3006,0,T2025_01309.jpg,T2025_01828.jpg
0.2173,1,T2025_02828.jpg,T2025_00845.jpg
0.1276,0,T2025_02985.jpg,T2025_01899.jpg
0.5717,1,T2025_01872.jpg,T2025_00044.jpg
0.0436,0,T2025_02218.jpg,T2025_02125.jpg
0.0427,1,T2025_01483.jpg,T2025_01873.jpg
0.0940,0,T2025_01333.jpg,T2025_01953.jpg
0.5805,1,T2025_00569.jpg,T2025_00980.jpg
0.3470,0,T2025_00431.jpg,T2025_01515.jpg
0.7359,1,T2025_00905.jpg,T2025_01381.jpg
0.2335,0,T2025_02264.jpg,T2025_02198.jpg
0.1801,1,T2025_00666.jpg,T2025_01911.jpg
0.4483,0,T2025_01764.jpg,T2025_02570.jpg
0.3950,1,T2025_02474.jpg,T2025_03031.jpg
0.3769,0,T2025_02674.jpg,T2025_02266.jpg
0.2397,0,T2025_00370.jpg,T2025_01941.jpg
0.7370,1,T2025_02903.jpg,T2025_00728.jpg
-0.0239,1,T2025_01429.jpg,T2025_01744.jpg
0.8887,0,T2025_02345.jpg,T2025_02936.jpg
0.1949,0,T2025_01292.jpg,T2025_01723.jpg
0.2992,0,T2025_02156.jpg,T2025_00828.jpg
0.0169,1,T2025_00175.jpg,T2025_02408.jpg
0.1842,1,T2025_01568.jpg,T2025_02889.jpg
0.5536,0,T2025_01017.jpg,T2025_01101.jpg
0.5016,1,T2025_01029.jpg,T2025_02173.jpg
0.3774,0,T2025_00881.jpg,T2025_02024.jpg
0.3268,0,T2025_00182.jpg,T2025_02369.jpg
0.7680,1,T2025_01643.jpg,T2025_01630.jpg
0.1169,1,T2025_00034.jpg,T2025_00953.jpg
0.5775,0,T2025_00026.jpg,T2025_01061.jpg
0.5144,0,T2025_01173.jpg,T2025_02173.jpg
0.3623,1,T2025_00596.jpg,T2025_02264.jpg
0.4789,1,T2025_00621.jpg,T2025_00345.jpg
0.1088,1,T2025_01782.jpg,T2025_00476.jpg
0.4190,1,T2025_01584.jpg,T2025_00778.jpg
-0.0520,1,T2025_01268.jpg,T2025_01416.jpg
0.0976,0,T2025_01932.jpg,T2025_00254.jpg
0.3327,1,T2025_01541.jpg,T2025_00970.jpg
0.3061,0,T2025_02597.jpg,T2025_00375.jpg
0.5337,1,T2025_01842.jpg,T2025_00081.jpg
0.2195,0,T2025_02027.jpg,T2025_01462.jpg
0.5787,1,T2025_00656.jpg,T2025_02963.jpg
-0.0963,1,T2025_02363.jpg,T2025_02900.jpg
0.1152,1,T2025_02884.jpg,T2025_01620.jpg
0.0455,1,T2025_01850.jpg,T2025_01426.jpg
0.3349,0,T2025_01237.jpg,T2025_00684.jpg
0.1170,1,T2025_00940.jpg,T2025_00270.jpg
1.0000,0,T2025_01053.jpg,T2025_01053.jpg
0.2360,1,T2025_02281.jpg,T2025_02828.jpg
0.1902,0,T2025_00663.jpg,T2025_02843.jpg
0.0971,1,T2025_02107.jpg,T2025_01578.jpg
0.2275,1,T2025_03050.jpg,T2025_01906.jpg
0.1678,0,T2025_00254.jpg,T2025_02609.jpg
0.6209,0,T2025_02620.jpg,T2025_01559.jpg
0.0024,0,T2025_02858.jpg,T2025_02279.jpg
0.7116,0,T2025_02506.jpg,T2025_00377.jpg
-0.0034,1,T2025_02769.jpg,T2025_00477.jpg
0.4937,0,T2025_01971.jpg,T2025_02848.jpg
0.3185,0,T2025_03020.jpg,T2025_00422.jpg
0.2637,1,T2025_01032.jpg,T2025_01405.jpg
0.1304,1,T2025_00464.jpg,T2025_02175.jpg
0.2127,1,T2025_03062.jpg,T2025_00172.jpg
0.1892,0,T2025_01789.jpg,T2025_01335.jpg
0.2604,0,T2025_02242.jpg,T2025_02284.jpg
0.7348,0,T2025_02567.jpg,T2025_02758.jpg
0.3706,1,T2025_01888.jpg,T2025_00170.jpg
0.0982,0,T2025_02783.jpg,T2025_01526.jpg
0.6382,0,T2025_02038.jpg,T2025_00270.jpg
0.2075,0,T2025_01179.jpg,T2025_00372.jpg
0.3712,0,T2025_01153.jpg,T2025_00012.jpg
0.2299,1,T2025_02159.jpg,T2025_02353.jpg
0.8014,0,T2025_02938.jpg,T2025_01616.jpg
-0.0498,0,T2025_02477.jpg,T2025_02642.jpg
0.0709,1,T2025_00405.jpg,T2025_02296.jpg
-0.0231,1,T2025_01796.jpg,T2025_01522.jpg
0.3537,1,T2025_00120.jpg,T2025_02597.jpg
0.0776,1,T2025_02985.jpg,T2025_02986.jpg
0.1310,0,T2025_00020.jpg,T2025_01626.jpg
0.2112,1,T2025_01628.jpg,T2025_01182.jpg
0.3982,0,T2025_00485.jpg,T2025_00955.jpg
0.6264,0,T2025_00211.jpg,T2025_02281.jpg
0.2371,1,T2025_00581.jpg,T2025_00530.jpg
0.4291,1,T2025_01175.jpg,T2025_02158.jpg
0.6427,1,T2025_02100.jpg,T2025_02415.jpg
0.5455,0,T2025_02010.jpg,T2025_02636.jpg
-0.0201,1,T2025_01150.jpg,T2025_00486.jpg
0.0934,0,T2025_00030.jpg,T2025_02600.jpg
0.7363,1,T2025_02965.jpg,T2025_02992.jpg
0.1075,0,T2025_02464.jpg,T2025_02583.jpg
0.4737,1,T2025_00547.jpg,T2025_01931.jpg
0.0677,0,T2025_01124.jpg,T2025_01506.jpg
0.5052,0,T2025_02759.jpg,T2025_01318.jpg
0.5540,0,T2025_02764.jpg,T2025_00856.jpg
-0.0138,1,T2025_00835.jpg,T2025_02304.jpg
0.1603,0,T2025_02111.jpg,T2025_02397.jpg
0.3204,1,T2025_01477.jpg,T2025_01953.jpg
0.3630,1,T2025_02958.jpg,T2025_02462.jpg
0.4187,1,T2025_00873.jpg,T2025_01720.jpg
-0.0318,1,T2025_03038.jpg,T2025_00801.jpg
0.1683,1,T2025_02083.jpg,T2025_01635.jpg
0.6410,0,T2025_02661.jpg,T2025_01260.jpg
-0.0153,0,T2025_00375.jpg,T2025_01394.jpg
0.1478,0,T2025_00480.jpg,T2025_00076.jpg
0.7848,0,T2025_00849.jpg,T2025_01457.jpg
0.4726,1,T2025_01344.jpg,T2025_02812.jpg
-0.0687,1,T2025_01532.jpg,T2025_02059.jpg
0.6108,0,T2025_01075.jpg,T2025_01225.jpg
0.5217,0,T2025_01231.jpg,T2025_01287.jpg
0.5915,0,T2025_01576.jpg,T2025_02492.jpg
0.6001,1,T2025_02158.jpg,T2025_02962.jpg
0.5804,0,T2025_02620.jpg,T2025_01870.jpg
0.4723,0,T2025_01234.jpg,T2025_02833.jpg
0.2717,1,T2025_01096.jpg,T2025_00477.jpg
0.2385,0,T2025_00227.jpg,T2025_02298.jpg
0.2259,0,T2025_01554.jpg,T2025_00069.jpg
0.0571,0,T2025_02613.jpg,T2025_02188.jpg
0.2363,0,T2025_03023.jpg,T2025_00331.jpg
0.3693,1,T2025_02780.jpg,T2025_00058.jpg
-0.0100,1,T2025_00998.jpg,T2025_00387.jpg
0.2008,1,T2025_01788.jpg,T2025_02392.jpg
0.1724,0,T2025_01002.jpg,T2025_02242.jpg
-0.1616,0,T2025_01764.jpg,T2025_00994.jpg
0.2268,0,T2025_02928.jpg,T2025_01242.jpg
-0.0389,1,T2025_00908.jpg,T2025_01371.jpg
0.4646,0,T2025_02922.jpg,T2025_00280.jpg
0.1212,1,T2025_02336.jpg,T2025_00197.jpg
0.2824,1,T2025_00768.jpg,T2025_00203.jpg
0.1868,1,T2025_02092.jpg,T2025_02523.jpg
0.6140,1,T2025_01762.jpg,T2025_00907.jpg
0.2401,0,T2025_00705.jpg,T2025_00729.jpg
-0.0228,0,T2025_01364.jpg,T2025_01566.jpg
0.4803,1,T2025_02788.jpg,T2025_02079.jpg
0.2314,1,T2025_02981.jpg,T2025_01688.jpg
0.0480,1,T2025_02540.jpg,T2025_02842.jpg
0.3195,1,T2025_02500.jpg,T2025_01367.jpg
0.0101,0,T2025_01731.jpg,T2025_00373.jpg
0.0389,1,T2025_01775.jpg,T2025_02883.jpg
0.7392,0,T2025_02807.jpg,T2025_00050.jpg
0.7991,0,T2025_01172.jpg,T2025_02511.jpg
0.2554,1,T2025_00216.jpg,T2025_00306.jpg
-0.0718,0,T2025_00863.jpg,T2025_01978.jpg
0.9320,1,T2025_00039.jpg,T2025_00444.jpg
0.2243,1,T2025_02821.jpg,T2025_01387.jpg
0.4894,1,T2025_01499.jpg,T2025_00318.jpg
-0.0063,1,T2025_00365.jpg,T2025_00725.jpg
0.5124,1,T2025_02326.jpg,T2025_00598.jpg
0.2511,0,T2025_02845.jpg,T2025_00254.jpg
0.7205,0,T2025_01922.jpg,T2025_02106.jpg
0.1128,0,T2025_00520.jpg,T2025_02054.jpg
0.3047,0,T2025_01195.jpg,T2025_01910.jpg
-0.0863,1,T2025_02889.jpg,T2025_01094.jpg
0.4161,0,T2025_00386.jpg,T2025_00461.jpg
0.5710,1,T2025_01735.jpg,T2025_00428.jpg
0.2362,0,T2025_02711.jpg,T2025_01493.jpg
0.8018,0,T2025_02166.jpg,T2025_01994.jpg
0.9452,1,T2025_01281.jpg,T2025_02880.jpg
0.6517,1,T2025_00639.jpg,T2025_00032.jpg
0.7290,0,T2025_02375.jpg,T2025_01458.jpg
0.6980,1,T2025_02149.jpg,T2025_01187.jpg
0.1131,1,T2025_00372.jpg,T2025_00634.jpg
0.1055,1,T2025_02596.jpg,T2025_01671.jpg
0.1633,1,T2025_01580.jpg,T2025_00073.jpg
0.2818,1,T2025_02562.jpg,T2025_02276.jpg
0.2230,1,T2025_01497.jpg,T2025_02537.jpg
0.4670,0,T2025_02057.jpg,T2025_02314.jpg
0.4357,0,T2025_01929.jpg,T2025_00411.jpg
0.3444,1,T2025_01491.jpg,T2025_01058.jpg
0.5473,0,T2025_02952.jpg,T2025_02144.jpg
0.5023,1,T2025_03079.jpg,T2025_01185.jpg
0.3677,1,T2025_00095.jpg,T2025_00176.jpg
0.7021,1,T2025_01960.jpg,T2025_00777.jpg
0.4564,1,T2025_02286.jpg,T2025_01891.jpg
0.4349,1,T2025_02833.jpg,T2025_02618.jpg
0.7329,1,T2025_01687.jpg,T2025_02967.jpg
0.0452,0,T2025_02418.jpg,T2025_01015.jpg
0.3927,1,T2025_00263.jpg,T2025_00813.jpg
0.3051,1,T2025_00189.jpg,T2025_02454.jpg
0.4563,1,T2025_01923.jpg,T2025_01663.jpg
0.2503,0,T2025_01572.jpg,T2025_01680.jpg
0.4631,0,T2025_02787.jpg,T2025_01422.jpg
0.0522,0,T2025_00758.jpg,T2025_02171.jpg
0.6254,1,T2025_00209.jpg,T2025_00738.jpg
1.0000,0,T2025_00214.jpg,T2025_00214.jpg
0.0262,0,T2025_01593.jpg,T2025_01098.jpg
0.0463,0,T2025_02576.jpg,T2025_01480.jpg
-0.1201,0,T2025_01721.jpg,T2025_01891.jpg
0.2710,0,T2025_00799.jpg,T2025_01321.jpg
0.5934,0,T2025_02240.jpg,T2025_02031.jpg
0.3121,1,T2025_00343.jpg,T2025_02167.jpg
0.3495,1,T2025_01624.jpg,T2025_01024.jpg
0.2270,0,T2025_00647.jpg,T2025_00204.jpg
0.1280,0,T2025_00501.jpg,T2025_00042.jpg
0.5423,0,T2025_00872.jpg,T2025_01863.jpg
0.2101,1,T2025_00244.jpg,T2025_02109.jpg
0.5408,0,T2025_01031.jpg,T2025_01488.jpg
0.4515,0,T2025_02977.jpg,T2025_00330.jpg
0.1180,1,T2025_01673.jpg,T2025_00579.jpg
0.0210,0,T2025_01750.jpg,T2025_02931.jpg
0.4766,0,T2025_02215.jpg,T2025_02092.jpg
0.2002,0,T2025_01859.jpg,T2025_02870.jpg
0.2348,0,T2025_01616.jpg,T2025_01337.jpg
0.2748,1,T2025_02306.jpg,T2025_00335.jpg
0.1819,1,T2025_01282.jpg,T2025_02455.jpg
0.2198,0,T2025_00728.jpg,T2025_02092.jpg
0.0556,0,T2025_02872.jpg,T2025_02697.jpg
0.3799,0,T2025_01361.jpg,T2025_03064.jpg
0.3035,0,T2025_01794.jpg,T2025_00222.jpg
0.4191,0,T2025_01925.jpg,T2025_01293.jpg
0.2681,1,T2025_01026.jpg,T2025_02813.jpg
0.2896,0,T2025_00708.jpg,T2025_01182.jpg
-0.1232,0,T2025_00877.jpg,T2025_01735.jpg
0.7432,1,T2025_02600.jpg,T2025_02512.jpg
0.6499,0,T2025_00166.jpg,T2025_02743.jpg
0.1631,0,T2025_02572.jpg,T2025_01863.jpg
0.5270,1,T2025_01811.jpg,T2025_02581.jpg
0.3940,0,T2025_01811.jpg,T2025_00200.jpg
0.6992,0,T2025_01483.jpg,T2025_00509.jpg
0.3291,0,T2025_01918.jpg,T2025_02330.jpg
0.2806,1,T2025_00851.jpg,T2025_01904.jpg
0.6902,1,T2025_02155.jpg,T2025_01026.jpg
0.3303,1,T2025_00818.jpg,T2025_02585.jpg
0.2519,0,T2025_00225.jpg,T2025_02826.jpg
0.3057,1,T2025_00603.jpg,T2025_02624.jpg
0.8033,1,T2025_02204.jpg,T2025_02746.jpg
0.0810,1,T2025_01013.jpg,T2025_01876.jpg
0.3240,1,T2025_01441.jpg,T2025_01098.jpg
0.6049,0,T2025_00545.jpg,T2025_01928.jpg
0.5699,0,T2025_02310.jpg,T2025_01074.jpg
0.2479,1,T2025_00380.jpg,T2025_00923.jpg
0.6386,0,T2025_02272.jpg,T2025_02342.jpg
0.4723,0,T2025_02753.jpg,T2025_01448.jpg
0.6524,1,T2025_01747.jpg,T2025_03088.jpg
0.0952,0,T2025_02706.jpg,T2025_01077.jpg
0.1234,1,T2025_00569.jpg,T2025_01072.jpg
0.2824,0,T2025_02092.jpg,T2025_02790.jpg
0.2044,0,T2025_00472.jpg,T2025_01363.jpg
0.1803,0,T2025_02888.jpg,T2025_03085.jpg
0.5451,0,T2025_01432.jpg,T2025_01752.jpg
0.6746,1,T2025_02938.jpg,T2025_00888.jpg
0.2654,1,T2025_02436.jpg,T2025_02601.jpg
0.7030,0,T2025_01994.jpg,T2025_01044.jpg
0.8407,1,T2025_02713.jpg,T2025_02039.jpg
0.0734,0,T2025_00226.jpg,T2025_02964.jpg
0.4009,1,T2025_02568.jpg,T2025_01929.jpg
0.2013,0,T2025_00782.jpg,T2025_02575.jpg
0.4790,0,T2025_00971.jpg,T2025_01250.jpg
0.7146,1,T2025_00041.jpg,T2025_01802.jpg
0.5572,1,T2025_00071.jpg,T2025_02225.jpg
0.9810,0,T2025_00758.jpg,T2025_00936.jpg
0.2155,1,T2025_01125.jpg,T2025_02410.jpg
0.4997,0,T2025_00302.jpg,T2025_00734.jpg
0.0663,0,T2025_01653.jpg,T2025_00250.jpg
0.1528,0,T2025_00001.jpg,T2025_02455.jpg
0.2121,0,T2025_01167.jpg,T2025_02207.jpg
-0.1315,1,T2025_01247.jpg,T2025_01406.jpg
0.2965,1,T2025_02294.jpg,T2025_00438.jpg
0.0790,0,T2025_00795.jpg,T2025_01244.jpg
0.0744,0,T2025_01409.jpg,T2025_01138.jpg
1.0000,1,T2025_00234.jpg,T2025_00234.jpg
0.2581,0,T2025_00727.jpg,T2025_00721.jpg
0.5229,1,T2025_00282.jpg,T2025_02588.jpg
0.0370,1,T2025_01582.jpg,T2025_02048.jpg
0.2260,0,T2025_00838.jpg,T2025_00210.jpg
0.2933,1,T2025_02736.jpg,T2025_00093.jpg
0.5752,0,T2025_01236.jpg,T2025_01365.jpg
0.1041,1,T2025_00279.jpg,T2025_01049.jpg
0.4669,1,T2025_00435.jpg,T2025_02621.jpg
-0.0223,1,T2025_01454.jpg,T2025_01819.jpg
0.6248,1,T2025_01205.jpg,T2025_01241.jpg
0.3087,1,T2025_01100.jpg,T2025_01369.jpg
0.1763,0,T2025_00141.jpg,T2025_00881.jpg
0.2235,1,T2025_02758.jpg,T2025_02859.jpg
0.0618,1,T2025_00558.jpg,T2025_01144.jpg
0.2604,0,T2025_02533.jpg,T2025_02923.jpg
0.7025,1,T2025_01455.jpg,T2025_01927.jpg
0.6597,0,T2025_00589.jpg,T2025_01049.jpg
0.3231,0,T2025_00609.jpg,T2025_00155.jpg
0.4124,0,T2025_00236.jpg,T2025_03039.jpg
0.5650,1,T2025_01280.jpg,T2025_01475.jpg
0.2946,1,T2025_02145.jpg,T2025_02038.jpg
0.5138,0,T2025_02507.jpg,T2025_00550.jpg
0.7880,1,T2025_01292.jpg,T2025_00079.jpg
0.4997,1,T2025_00585.jpg,T2025_02022.jpg
0.4984,0,T2025_03054.jpg,T2025_03052.jpg
0.2271,1,T2025_01194.jpg,T2025_00018.jpg
0.3172,0,T2025_02342.jpg,T2025_01528.jpg
0.0902,0,T2025_02829.jpg,T2025_01882.jpg
0.1806,1,T2025_02994.jpg,T2025_00457.jpg
-0.0108,0,T2025_01933.jpg,T2025_00757.jpg
0.2777,0,T2025_02528.jpg,T2025_00952.jpg
0.3114,1,T2025_02122.jpg,T2025_03074.jpg
0.1428,1,T2025_02402.jpg,T2025_00024.jpg
0.7169,1,T2025_01259.jpg,T2025_01511.jpg
0.8587,1,T2025_01726.jpg,T2025_00065.jpg
0.7731,1,T2025_02951.jpg,T2025_02922.jpg
0.7245,0,T2025_01740.jpg,T2025_02455.jpg
-0.0251,0,T2025_00181.jpg,T2025_02557.jpg
0.3081,0,T2025_00361.jpg,T2025_02958.jpg
0.1803,0,T2025_03082.jpg,T2025_01204.jpg
0.2377,0,T2025_02581.jpg,T2025_00232.jpg
0.2042,0,T2025_01371.jpg,T2025_00133.jpg
0.6365,0,T2025_00258.jpg,T2025_01585.jpg
0.0829,1,T2025_02722.jpg,T2025_02431.jpg
0.2867,1,T2025_00434.jpg,T2025_01703.jpg
0.4651,1,T2025_01713.jpg,T2025_01396.jpg
0.5132,1,T2025_00292.jpg,T2025_01862.jpg
0.4343,1,T2025_01785.jpg,T2025_00225.jpg
0.9068,0,T2025_00378.jpg,T2025_01019.jpg
0.1185,0,T2025_01587.jpg,T2025_00000.jpg
0.0629,0,T2025_00979.jpg,T2025_00795.jpg
0.3180,1,T2025_02966.jpg,T2025_02987.jpg
0.5972,0,T2025_01850.jpg,T2025_01070.jpg
0.0419,0,T2025_00726.jpg,T2025_02273.jpg
0.1898,0,T2025_00055.jpg,T2025_01621.jpg
0.6309,1,T2025_02446.jpg,T2025_01918.jpg
0.3563,0,T2025_02818.jpg,T2025_01051.jpg
0.1424,1,T2025_02324.jpg,T2025_00789.jpg
0.5115,1,T2025_01696.jpg,T2025_02974.jpg
0.5447,0,T2025_00031.jpg,T2025_01906.jpg
0.4742,1,T2025_01481.jpg,T2025_00155.jpg
0.0056,1,T2025_01372.jpg,T2025_01235.jpg
0.1193,0,T2025_02263.jpg,T2025_01802.jpg
0.4118,0,T2025_01528.jpg,T2025_01958.jpg
0.4468,0,T2025_02447.jpg,T2025_02728.jpg
0.3898,0,T2025_02090.jpg,T2025_02290.jpg
0.3249,0,T2025_02798.jpg,T2025_00528.jpg
0.0654,0,T2025_01902.jpg,T2025_00974.jpg
0.5438,1,T2025_00184.jpg,T2025_01187.jpg
0.4862,0,T2025_02836.jpg,T2025_00432.jpg
0.3625,1,T2025_01410.jpg,T2025_02211.jpg
0.4689,0,T2025_00553.jpg,T2025_00014.jpg
0.3278,1,T2025_00244.jpg,T2025_01807.jpg
0.8123,1,T2025_02885.jpg,T2025_02468.jpg
0.1394,1,T2025_02364.jpg,T2025_02568.jpg
0.4117,0,T2025_02426.jpg,T2025_00111.jpg
0.0403,0,T2025_02421.jpg,T2025_02325.jpg
0.1910,0,T2025_03102.jpg,T2025_01362.jpg
0.6839,1,T2025_00386.jpg,T2025_03075.jpg
0.1950,0,T2025_02838.jpg,T2025_01035.jpg
0.2891,1,T2025_00618.jpg,T2025_02791.jpg
0.2080,0,T2025_00660.jpg,T2025_00548.jpg
0.8284,1,T2025_02084.jpg,T2025_00680.jpg
0.2973,1,T2025_02439.jpg,T2025_00143.jpg
0.2806,1,T2025_00632.jpg,T2025_02234.jpg
0.5674,0,T2025_01385.jpg,T2025_00224.jpg
0.1191,0,T2025_02735.jpg,T2025_00686.jpg
0.0535,1,T2025_01482.jpg,T2025_01858.jpg
0.5356,1,T2025_02193.jpg,T2025_00481.jpg
0.0906,1,T2025_01619.jpg,T2025_01114.jpg
0.4451,0,T2025_00308.jpg,T2025_00114.jpg
-0.0742,0,T2025_02437.jpg,T2025_01156.jpg
-0.1979,1,T2025_02464.jpg,T2025_03014.jpg
0.1237,1,T2025_01328.jpg,T2025_02650.jpg
0.8433,1,T2025_00506.jpg,T2025_02677.jpg
0.2295,0,T2025_02395.jpg,T2025_01743.jpg
0.2020,1,T2025_00495.jpg,T2025_01066.jpg
0.6798,1,T2025_01248.jpg,T2025_00198.jpg
0.3766,0,T2025_02108.jpg,T2025_02650.jpg
0.5477,1,T2025_00536.jpg,T2025_01965.jpg
0.5554,0,T2025_01009.jpg,T2025_01838.jpg
0.0033,0,T2025_00730.jpg,T2025_00219.jpg
0.7062,1,T2025_00212.jpg,T2025_00307.jpg
0.6471,1,T2025_01337.jpg,T2025_00758.jpg
0.1142,1,T2025_03030.jpg,T2025_01894.jpg
1.0000,0,T2025_01706.jpg,T2025_01706.jpg
0.1592,0,T2025_02355.jpg,T2025_01207.jpg
0.1937,1,T2025_01388.jpg,T2025_00670.jpg
0.4660,0,T2025_01406.jpg,T2025_02072.jpg
0.3039,1,T2025_02384.jpg,T2025_01734.jpg
0.4659,0,T2025_00764.jpg,T2025_00080.jpg
0.4291,1,T2025_03007.jpg,T2025_01576.jpg
0.0982,0,T2025_02615.jpg,T2025_01307.jpg
0.7859,0,T2025_00680.jpg,T2025_02312.jpg
0.4634,0,T2025_00374.jpg,T2025_02439.jpg
-0.0021,0,T2025_01585.jpg,T2025_02249.jpg
-0.0077,0,T2025_00878.jpg,T2025_02938.jpg
0.2712,1,T2025_02505.jpg,T2025_00328.jpg
0.1005,1,T2025_00256.jpg,T2025_00097.jpg
0.0717,1,T2025_01356.jpg,T2025_01387.jpg
0.6580,1,T2025_03061.jpg,T2025_00295.jpg
0.1187,0,T2025_02019.jpg,T2025_02827.jpg
0.3745,1,T2025_00309.jpg,T2025_00274.jpg
0.3645,1,T2025_01470.jpg,T2025_01935.jpg
0.2760,0,T2025_00731.jpg,T2025_02539.jpg
-0.0257,0,T2025_01987.jpg,T2025_01040.jpg
0.3295,0,T2025_02566.jpg,T2025_01122.jpg
0.5920,1,T2025_01762.jpg,T2025_01261.jpg
0.5490,1,T2025_02430.jpg,T2025_02303.jpg
0.7075,0,T2025_01655.jpg,T2025_00460.jpg
0.4914,1,T2025_02910.jpg,T2025_01779.jpg
0.0437,0,T2025_02054.jpg,T2025_00777.jpg
0.3148,0,T2025_02780.jpg,T2025_03008.jpg
0.3493,0,T2025_01745.jpg,T2025_00716.jpg
-0.0310,1,T2025_00823.jpg,T2025_02767.jpg
-0.0470,0,T2025_00358.jpg,T2025_02588.jpg
0.2550,0,T2025_02616.jpg,T2025_00682.jpg
0.5974,1,T2025_02702.jpg,T2025_02408.jpg
0.4276,0,T2025_00181.jpg,T2025_00187.jpg
0.3003,0,T2025_02835.jpg,T2025_02644.jpg
0.1001,1,T2025_02581.jpg,T2025_01909.jpg
0.0012,1,T2025_02908.jpg,T2025_01934.jpg
0.0140,1,T2025_00524.jpg,T2025_00506.jpg
0.2788,0,T2025_00387.jpg,T2025_01603.jpg
0.1279,1,T2025_01477.jpg,T2025_01828.jpg
0.0828,0,T2025_01944.jpg,T2025_01428.jpg
0.5147,0,T2025_02597.jpg,T2025_03023.jpg
0.4346,1,T2025_02401.jpg,T2025_02682.jpg
0.4931,1,T2025_00670.jpg,T2025_01225.jpg
0.0967,1,T2025_00079.jpg,T2025_02468.jpg
0.3147,1,T2025_03019.jpg,T2025_00375.jpg
-0.0071,1,T2025_02614.jpg,T2025_02000.jpg
0.4651,0,T2025_02948.jpg,T2025_02336.jpg
0.7054,0,T2025_00044.jpg,T2025_02924.jpg
0.1989,1,T2025_01455.jpg,T2025_03054.jpg
0.6160,0,T2025_02725.jpg,T2025_03082.jpg
0.7766,0,T2025_00255.jpg,T2025_01896.jpg
0.7319,1,T2025_01293.jpg,T2025_03000.jpg
0.1440,1,T2025_00674.jpg,T2025_01443.jpg
0.4196,1,T2025_02230.jpg,T2025_00052.jpg
0.2183,0,T2025_01509.jpg,T2025_00366.jpg
-0.0137,1,T2025_00290.jpg,T2025_00526.jpg
0.4538,0,T2025_01690.jpg,T2025_02474.jpg
0.5560,0,T2025_01022.jpg,T2025_01716.jpg
0.0904,1,T2025_02036.jpg,T2025_01400.jpg
0.2870,1,T2025_01789.jpg,T2025_02890.jpg
0.7646,1,T2025_01154.jpg,T2025_02127.jpg
0.1201,0,T2025_02002.jpg,T2025_01364.jpg
0.0376,1,T2025_02950.jpg,T2025_03098.jpg
0.6094,0,T2025_02035.jpg,T2025_02793.jpg
0.6247,1,T2025_00907.jpg,T2025_01984.jpg
0.6664,0,T2025_00240.jpg,T2025_02730.jpg
-0.0219,1,T2025_00498.jpg,T2025_02487.jpg
0.0817,0,T2025_01843.jpg,T2025_00209.jpg
0.5495,1,T2025_00080.jpg,T2025_00193.jpg
0.2733,1,T2025_00681.jpg,T2025_02057.jpg
0.2286,1,T2025_01946.jpg,T2025_00871.jpg
0.2631,1,T2025_02059.jpg,T2025_00668.jpg
0.6100,1,T2025_01834.jpg,T2025_01754.jpg
0.2586,0,T2025_01537.jpg,T2025_00606.jpg
0.2246,1,T2025_01791.jpg,T2025_02009.jpg
0.0744,0,T2025_02044.jpg,T2025_02115.jpg
-0.1442,1,T2025_03029.jpg,T2025_01410.jpg
0.4903,1,T2025_03063.jpg,T2025_02682.jpg
0.8467,0,T2025_00905.jpg,T2025_01619.jpg
0.4705,1,T2025_00460.jpg,T2025_00875.jpg
0.3839,0,T2025_01919.jpg,T2025_02723.jpg
0.3718,1,T2025_01614.jpg,T2025_02381.jpg
0.1634,1,T2025_02190.jpg,T2025_00014.jpg
0.1884,0,T2025_03091.jpg,T2025_00985.jpg
0.2447,0,T2025_01300.jpg,T2025_01702.jpg
-0.0433,0,T2025_00607.jpg,T2025_02036.jpg
0.0015,1,T2025_00899.jpg,T2025_00885.jpg
0.2654,0,T2025_00829.jpg,T2025_02834.jpg
0.5501,1,T2025_01725.jpg,T2025_01415.jpg
0.0264,0,T2025_02880.jpg,T2025_01349.jpg
0.7362,0,T2025_01022.jpg,T2025_00210.jpg
0.3769,1,T2025_01929.jpg,T2025_03065.jpg
0.2886,0,T2025_02236.jpg,T2025_01385.jpg
0.3814,1,T2025_01976.jpg,T2025_02128.jpg
-0.0821,1,T2025_01494.jpg,T2025_00612.jpg
0.1761,1,T2025_00004.jpg,T2025_00723.jpg
0.4378,1,T2025_00779.jpg,T2025_00713.jpg
0.4753,1,T2025_00337.jpg,T2025_00105.jpg
0.2146,1,T2025_01269.jpg,T2025_01112.jpg
0.9039,0,T2025_02245.jpg,T2025_02362.jpg
0.1436,1,T2025_00403.jpg,T2025_00908.jpg
0.3325,0,T2025_01156.jpg,T2025_02725.jpg
0.2548,0,T2025_01816.jpg,T2025_01680.jpg
-0.0626,1,T2025_01401.jpg,T2025_02365.jpg
0.3414,0,T2025_02188.jpg,T2025_00159.jpg
0.0081,0,T2025_00761.jpg,T2025_02224.jpg
0.1367,0,T2025_02801.jpg,T2025_00838.jpg
0.6735,1,T2025_00082.jpg,T2025_00823.jpg
0.1181,0,T2025_01818.jpg,T2025_01849.jpg
0.1887,1,T2025_00882.jpg,T2025_00664.jpg
0.0724,1,T2025_02256.jpg,T2025_01275.jpg
0.1243,0,T2025_01650.jpg,T2025_01460.jpg
0.1698,1,T2025_02341.jpg,T2025_01525.jpg
0.3360,0,T2025_01830.jpg,T2025_02554.jpg
0.4901,1,T2025_02556.jpg,T2025_02088.jpg
0.3502,1,T2025_01850.jpg,T2025_01243.jpg
0.7372,0,T2025_02678.jpg,T2025_01559.jpg
0.5456,1,T2025_01887.jpg,T2025_02126.jpg
0.5062,1,T2025_01289.jpg,T2025_00624.jpg
0.0722,0,T2025_00710.jpg,T2025_01057.jpg
0.5864,1,T2025_02367.jpg,T2025_01296.jpg
0.0982,0,T2025_02049.jpg,T2025_03002.jpg
-0.2256,1,T2025_00527.jpg,T2025_02442.jpg
0.7089,1,T2025_00803.jpg,T2025_00809.jpg
0.4493,0,T2025_01887.jpg,T2025_02201.jpg
0.3298,0,T2025_00591.jpg,T2025_02335.jpg
0.8358,1,T2025_01619.jpg,T2025_00502.jpg
0.5777,1,T2025_02620.jpg,T2025_02124.jpg
0.0641,1,T2025_01276.jpg,T2025_02238.jpg
-0.0262,1,T2025_01480.jpg,T2025_02759.jpg
0.5238,1,T2025_02186.jpg,T2025_02729.jpg
0.8938,0,T2025_01724.jpg,T2025_02788.jpg
0.2030,0,T2025_00382.jpg,T2025_00365.jpg
0.1316,0,T2025_00221.jpg,T2025_02723.jpg
0.5511,1,T2025_01064.jpg,T2025_02058.jpg
0.7161,0,T2025_02515.jpg,T2025_01792.jpg
0.0546,0,T2025_02500.jpg,T2025_00511.jpg
0.8274,1,T2025_00352.jpg,T2025_00980.jpg
0.1321,0,T2025_01710.jpg,T2025_02215.jpg
0.3224,1,T2025_02638.jpg,T2025_00985.jpg
0.5819,1,T2025_00583.jpg,T2025_00113.jpg
0.1515,1,T2025_00905.jpg,T2025_03056.jpg
0.6578,0,T2025_01109.jpg,T2025_02539.jpg
0.0343,1,T2025_01392.jpg,T2025_00289.jpg
0.3464,1,T2025_00511.jpg,T2025_01151.jpg
0.2208,1,T2025_01899.jpg,T2025_01037.jpg
0.1258,1,T2025_01828.jpg,T2025_00723.jpg
0.1967,1,T2025_01558.jpg,T2025_01575.jpg
0.1522,1,T2025_02612.jpg,T2025_02804.jpg
0.2767,0,T2025_00604.jpg,T2025_02984.jpg
0.2429,1,T2025_02189.jpg,T2025_02574.jpg
0.5779,0,T2025_01304.jpg,T2025_00405.jpg
0.2628,1,T2025_01205.jpg,T2025_02538.jpg
0.0416,1,T2025_01906.jpg,T2025_02901.jpg
0.0957,1,T2025_00697.jpg,T2025_01381.jpg
0.1538,0,T2025_03041.jpg,T2025_00460.jpg
0.3338,0,T2025_01696.jpg,T2025_01214.jpg
0.1273,0,T2025_02940.jpg,T2025_01281.jpg
0.5294,1,T2025_02886.jpg,T2025_01328.jpg
0.3995,1,T2025_01366.jpg,T2025_00989.jpg
0.1708,1,T2025_01026.jpg,T2025_02068.jpg
0.2636,1,T2025_02982.jpg,T2025_01239.jpg
0.3563,0,T2025_00762.jpg,T2025_02848.jpg
0.5171,0,T2025_00075.jpg,T2025_02350.jpg
0.6817,0,T2025_02472.jpg,T2025_00412.jpg
0.2861,0,T2025_02879.jpg,T2025_00649.jpg
0.1662,1,T2025_00398.jpg,T2025_02351.jpg
0.2972,1,T2025_02537.jpg,T2025_00978.jpg
0.5149,0,T2025_02071.jpg,T2025_00206.jpg
0.0529,1,T2025_01659.jpg,T2025_00977.jpg
0.1392,0,T2025_02006.jpg,T2025_02736.jpg
0.3837,1,T2025_01133.jpg,T2025_03014.jpg
0.0181,0,T2025_00679.jpg,T2025_02231.jpg
0.1429,0,T2025_02216.jpg,T2025_01769.jpg
0.2239,0,T2025_02093.jpg,T2025_00662.jpg
0.0853,0,T2025_00327.jpg,T2025_00808.jpg
0.0454,1,T2025_00243.jpg,T2025_02113.jpg
0.0024,0,T2025_02900.jpg,T2025_02176.jpg
0.0246,0,T2025_00805.jpg,T2025_02512.jpg
0.7365,1,T2025_00809.jpg,T2025_02046.jpg
0.2058,1,T2025_02977.jpg,T2025_00565.jpg
0.6301,0,T2025_00013.jpg,T2025_01643.jpg
0.2969,1,T2025_00324.jpg,T2025_01315.jpg
0.1287,1,T2025_02987.jpg,T2025_02540.jpg
0.1584,0,T2025_00415.jpg,T2025_00647.jpg
0.5114,0,T2025_01489.jpg,T2025_01130.jpg
0.6231,0,T2025_00833.jpg,T2025_01952.jpg
0.5463,0,T2025_02955.jpg,T2025_01847.jpg
0.0627,0,T2025_01704.jpg,T2025_01828.jpg
0.8770,0,T2025_01795.jpg,T2025_01665.jpg
-0.0242,1,T2025_00839.jpg,T2025_01204.jpg
-0.0347,1,T2025_02546.jpg,T2025_00009.jpg
-0.1041,1,T2025_02851.jpg,T2025_01664.jpg
-0.0003,0,T2025_01066.jpg,T2025_02146.jpg
0.0731,1,T2025_01984.jpg,T2025_02343.jpg
0.0132,1,T2025_02858.jpg,T2025_00085.jpg
0.2836,0,T2025_00209.jpg,T2025_01166.jpg
0.4976,0,T2025_00875.jpg,T2025_02136.jpg
0.0425,1,T2025_02476.jpg,T2025_00375.jpg
0.4552,0,T2025_01768.jpg,T2025_00603.jpg
0.0664,1,T2025_02848.jpg,T2025_01778.jpg
0.2037,0,T2025_02156.jpg,T2025_01647.jpg
0.9035,0,T2025_01255.jpg,T2025_00671.jpg
0.0468,0,T2025_00765.jpg,T2025_00216.jpg
0.1820,1,T2025_02261.jpg,T2025_02053.jpg
0.0582,0,T2025_02903.jpg,T2025_01523.jpg
0.3225,0,T2025_02998.jpg,T2025_01187.jpg
0.3101,1,T2025_00243.jpg,T2025_01318.jpg
0.3441,1,T2025_00753.jpg,T2025_00085.jpg
0.0112,1,T2025_01186.jpg,T2025_00598.jpg
0.3632,0,T2025_02631.jpg,T2025_02328.jpg
0.4848,1,T2025_00178.jpg,T2025_01957.jpg
0.4847,1,T2025_00351.jpg,T2025_01593.jpg
0.3182,0,T2025_00800.jpg,T2025_03028.jpg
0.0473,1,T2025_00681.jpg,T2025_02689.jpg
0.2776,0,T2025_01093.jpg,T2025_00768.jpg
0.0346,0,T2025_00337.jpg,T2025_00062.jpg
0.4927,0,T2025_01477.jpg,T2025_01240.jpg
0.0757,0,T2025_01880.jpg,T2025_00729.jpg
0.4842,0,T2025_00955.jpg,T2025_01294.jpg
0.4537,0,T2025_01935.jpg,T2025_00657.jpg
0.6510,0,T2025_00078.jpg,T2025_02578.jpg
0.1868,1,T2025_01091.jpg,T2025_00409.jpg
0.1491,0,T2025_00525.jpg,T2025_02251.jpg
0.0962,1,T2025_00201.jpg,T2025_02814.jpg
0.3033,1,T2025_01781.jpg,T2025_03022.jpg
0.4456,1,T2025_00035.jpg,T2025_01483.jpg
0.5808,1,T2025_00874.jpg,T2025_02673.jpg
0.1300,1,T2025_02981.jpg,T2025_02225.jpg
0.4830,1,T2025_02206.jpg,T2025_01613.jpg
0.9134,0,T2025_01963.jpg,T2025_00684.jpg
0.3089,0,T2025_01871.jpg,T2025_01333.jpg
0.5747,0,T2025_00705.jpg,T2025_00244.jpg
0.4565,1,T2025_03055.jpg,T2025_01693.jpg
0.2969,1,T2025_00271.jpg,T2025_02509.jpg
0.4251,1,T2025_02443.jpg,T2025_02075.jpg
0.4007,1,T2025_00718.jpg,T2025_00413.jpg
0.1065,1,T2025_02108.jpg,T2025_00032.jpg
0.1024,0,T2025_01738.jpg,T2025_01389.jpg
-0.1425,0,T2025_02807.jpg,T2025_00911.jpg
0.6264,1,T2025_00256.jpg,T2025_02343.jpg
0.6378,0,T2025_02532.jpg,T2025_01885.jpg
0.5571,1,T2025_01102.jpg,T2025_00255.jpg
0.6861,1,T2025_01638.jpg,T2025_02106.jpg
0.2107,0,T2025_00355.jpg,T2025_01097.jpg
0.2246,1,T2025_00456.jpg,T2025_01438.jpg
0.8880,1,T2025_02209.jpg,T2025_00933.jpg
0.6118,1,T2025_02519.jpg,T2025_00584.jpg
0.5408,1,T2025_02034.jpg,T2025_01534.jpg
0.5645,1,T2025_00856.jpg,T2025_01789.jpg
0.3298,1,T2025_01868.jpg,T2025_01999.jpg
0.6869,0,T2025_02158.jpg,T2025_01538.jpg
0.3488,1,T2025_01535.jpg,T2025_02228.jpg
0.3947,0,T2025_01155.jpg,T2025_02571.jpg
0.1076,0,T2025_00167.jpg,T2025_02718.jpg
0.2031,0,T2025_01484.jpg,T2025_02321.jpg
0.1883,0,T2025_00969.jpg,T2025_00980.jpg
0.5572,0,T2025_01848.jpg,T2025_02868.jpg
0.4735,1,T2025_01843.jpg,T2025_02510.jpg
0.1342,0,T2025_00117.jpg,T2025_01299.jpg
0.4808,1,T2025_00183.jpg,T2025_03075.jpg
0.1519,0,T2025_02556.jpg,T2025_02476.jpg
0.6022,1,T2025_02659.jpg,T2025_00065.jpg
0.1590,0,T2025_02115.jpg,T2025_02726.jpg
0.3596,0,T2025_02236.jpg,T2025_02749.jpg
0.1260,0,T2025_01380.jpg,T2025_00794.jpg
0.6541,0,T2025_02878.jpg,T2025_00735.jpg
0.5004,0,T2025_01369.jpg,T2025_01349.jpg
0.1687,0,T2025_02430.jpg,T2025_00036.jpg
0.1520,0,T2025_00665.jpg,T2025_00368.jpg
0.3955,0,T2025_02947.jpg,T2025_01304.jpg
0.6009,0,T2025_01277.jpg,T2025_02497.jpg
0.0180,1,T2025_02859.jpg,T2025_00760.jpg
0.0009,0,T2025_01080.jpg,T2025_02442.jpg
0.3340,1,T2025_02561.jpg,T2025_02013.jpg
0.6050,1,T2025_00512.jpg,T2025_02063.jpg
0.3694,1,T2025_01595.jpg,T2025_00571.jpg
0.2320,1,T2025_00582.jpg,T2025_02594.jpg
0.1950,0,T2025_01484.jpg,T2025_02525.jpg
0.0929,1,T2025_00191.jpg,T2025_00317.jpg
0.0647,1,T2025_02630.jpg,T2025_00930.jpg
0.4592,1,T2025_00579.jpg,T2025_01755.jpg
0.6424,1,T2025_02022.jpg,T2025_00576.jpg
-0.0413,1,T2025_01574.jpg,T2025_02053.jpg
0.2963,0,T2025_01675.jpg,T2025_00121.jpg
0.4750,1,T2025_00434.jpg,T2025_02563.jpg
0.0992,1,T2025_02964.jpg,T2025_02481.jpg
0.6212,1,T2025_00650.jpg,T2025_01152.jpg
0.4789,0,T2025_02646.jpg,T2025_00394.jpg
0.0700,0,T2025_01533.jpg,T2025_02609.jpg
-0.0296,1,T2025_02759.jpg,T2025_00698.jpg
0.4065,1,T2025_03018.jpg,T2025_01834.jpg
0.0064,1,T2025_01339.jpg,T2025_01668.jpg
0.3997,0,T2025_02759.jpg,T2025_01436.jpg
0.1952,1,T2025_01456.jpg,T2025_02055.jpg
0.1893,1,T2025_02336.jpg,T2025_00335.jpg
0.0952,0,T2025_00400.jpg,T2025_01023.jpg
0.4898,0,T2025_01579.jpg,T2025_00573.jpg
0.4063,1,T2025_00692.jpg,T2025_02447.jpg
0.6765,0,T2025_01766.jpg,T2025_00169.jpg
0.9192,1,T2025_02309.jpg,T2025_00680.jpg
0.3397,0,T2025_02038.jpg,T2025_00448.jpg
-0.1199,1,T2025_01640.jpg,T2025_01396.jpg
0.6319,1,T2025_01246.jpg,T2025_02245.jpg
0.0588,0,T2025_02054.jpg,T2025_00049.jpg
0.5145,1,T2025_01590.jpg,T2025_01860.jpg
0.1064,1,T2025_01235.jpg,T2025_01701.jpg
-0.0848,0,T2025_00695.jpg,T2025_01493.jpg
0.4262,0,T2025_00606.jpg,T2025_01664.jpg
0.5758,1,T2025_00623.jpg,T2025_01291.jpg
0.3040,0,T2025_01054.jpg,T2025_00057.jpg
0.5626,1,T2025_02468.jpg,T2025_02446.jpg
-0.0818,1,T2025_02690.jpg,T2025_02027.jpg
0.2435,0,T2025_02205.jpg,T2025_00934.jpg
0.2806,1,T2025_01458.jpg,T2025_01484.jpg
0.3920,1,T2025_01769.jpg,T2025_02942.jpg
0.5958,0,T2025_00507.jpg,T2025_01643.jpg
0.6324,0,T2025_01729.jpg,T2025_01534.jpg
0.0407,0,T2025_00318.jpg,T2025_01068.jpg
0.3468,1,T2025_01041.jpg,T2025_00566.jpg
0.1804,1,T2025_01242.jpg,T2025_02390.jpg
0.4204,0,T2025_02438.jpg,T2025_00171.jpg
0.5488,1,T2025_02328.jpg,T2025_01161.jpg
0.1466,0,T2025_01404.jpg,T2025_00652.jpg
0.4263,1,T2025_02020.jpg,T2025_02132.jpg
0.6568,1,T2025_01650.jpg,T2025_02551.jpg
-0.1215,0,T2025_00843.jpg,T2025_01932.jpg
0.5853,1,T2025_01567.jpg,T2025_01906.jpg
0.1610,1,T2025_01519.jpg,T2025_00435.jpg
0.3320,1,T2025_00872.jpg,T2025_01245.jpg
0.0551,0,T2025_02539.jpg,T2025_00586.jpg
0.4293,1,T2025_00419.jpg,T2025_00815.jpg
0.2050,0,T2025_01406.jpg,T2025_00089.jpg
0.1848,1,T2025_00154.jpg,T2025_02488.jpg
0.0459,0,T2025_03011.jpg,T2025_00234.jpg
0.2485,1,T2025_01917.jpg,T2025_02451.jpg
1.0000,1,T2025_01851.jpg,T2025_01851.jpg
0.2805,1,T2025_02118.jpg,T2025_02052.jpg
0.0043,0,T2025_02150.jpg,T2025_02382.jpg
0.0373,0,T2025_02409.jpg,T2025_01861.jpg
0.7296,1,T2025_02272.jpg,T2025_02687.jpg
0.2334,0,T2025_01724.jpg,T2025_00989.jpg
0.1226,1,T2025_02742.jpg,T2025_02138.jpg
0.6876,1,T2025_01093.jpg,T2025_02804.jpg
0.4684,0,T2025_01745.jpg,T2025_01499.jpg
0.6013,1,T2025_02758.jpg,T2025_02620.jpg
0.2909,1,T2025_02052.jpg,T2025_01277.jpg
0.1214,1,T2025_02106.jpg,T2025_02357.jpg
0.2091,1,T2025_03083.jpg,T2025_02006.jpg
0.5695,0,T2025_02401.jpg,T2025_00691.jpg
-0.0060,1,T2025_02505.jpg,T2025_02712.jpg
0.5168,1,T2025_00116.jpg,T2025_01178.jpg
0.0267,0,T2025_02509.jpg,T2025_00431.jpg
0.4803,1,T2025_03002.jpg,T2025_00191.jpg
0.0124,0,T2025_00513.jpg,T2025_03097.jpg
0.6034,1,T2025_01700.jpg,T2025_01600.jpg
-0.0086,1,T2025_02591.jpg,T2025_01989.jpg
0.1840,0,T2025_02232.jpg,T2025_02311.jpg
0.5385,0,T2025_01291.jpg,T2025_00013.jpg
0.7000,0,T2025_01726.jpg,T2025_02758.jpg
0.4699,1,T2025_00369.jpg,T2025_03091.jpg
0.0072,0,T2025_02663.jpg,T2025_01104.jpg
0.1442,0,T2025_00917.jpg,T2025_00220.jpg
0.0727,0,T2025_01875.jpg,T2025_02999.jpg
0.1398,1,T2025_02076.jpg,T2025_01770.jpg
0.1044,1,T2025_00911.jpg,T2025_00937.jpg
0.5350,1,T2025_02258.jpg,T2025_02242.jpg
0.8482,1,T2025_02495.jpg,T2025_02581.jpg
0.4110,1,T2025_01982.jpg,T2025_00764.jpg
0.3091,1,T2025_00105.jpg,T2025_02695.jpg
-0.0244,0,T2025_01165.jpg,T2025_02276.jpg
0.0792,1,T2025_02037.jpg,T2025_01507.jpg
0.0891,1,T2025_00313.jpg,T2025_02104.jpg
0.6319,0,T2025_02437.jpg,T2025_02941.jpg
0.3033,1,T2025_02444.jpg,T2025_01502.jpg
0.2589,1,T2025_01847.jpg,T2025_02131.jpg
0.3324,0,T2025_01025.jpg,T2025_02569.jpg
0.1048,1,T2025_01427.jpg,T2025_02257.jpg
0.6502,1,T2025_00713.jpg,T2025_01793.jpg
0.1526,1,T2025_00562.jpg,T2025_03082.jpg
0.1391,0,T2025_01148.jpg,T2025_02540.jpg
0.3191,1,T2025_00542.jpg,T2025_01964.jpg
0.1382,0,T2025_00791.jpg,T2025_01759.jpg
0.2014,1,T2025_01467.jpg,T2025_02948.jpg
0.0444,1,T2025_02653.jpg,T2025_02936.jpg
-0.0626,1,T2025_02501.jpg,T2025_00742.jpg
0.5705,0,T2025_01386.jpg,T2025_00405.jpg
0.2242,1,T2025_01162.jpg,T2025_02423.jpg
0.2166,1,T2025_01816.jpg,T2025_02649.jpg
0.7560,1,T2025_00188.jpg,T2025_00201.jpg
0.1740,1,T2025_02645.jpg,T2025_02046.jpg
0.2050,1,T2025_01507.jpg,T2025_02774.jpg
-0.1232,0,T2025_01419.jpg,T2025_02373.jpg
0.6981,0,T2025_02050.jpg,T2025_00580.jpg
0.3455,0,T2025_00155.jpg,T2025_00770.jpg
0.2866,0,T2025_02132.jpg,T2025_02984.jpg
-0.1036,0,T2025_00304.jpg,T2025_00569.jpg
0.2081,1,T2025_02356.jpg,T2025_02165.jpg
0.6358,1,T2025_02696.jpg,T2025_02739.jpg
0.9055,0,T2025_00888.jpg,T2025_00687.jpg
0.6178,0,T2025_00861.jpg,T2025_03019.jpg
0.3592,0,T2025_00086.jpg,T2025_00834.jpg
0.5444,0,T2025_02023.jpg,T2025_02230.jpg
0.4466,0,T2025_01578.jpg,T2025_00268.jpg
0.6098,0,T2025_01558.jpg,T2025_00636.jpg
0.3111,0,T2025_01721.jpg,T2025_00203.jpg
-0.1046,1,T2025_03050.jpg,T2025_02801.jpg
-0.1024,0,T2025_01516.jpg,T2025_01673.jpg
0.0824,0,T2025_01532.jpg,T2025_00615.jpg
0.2140,0,T2025_03072.jpg,T2025_02995.jpg
0.2817,1,T2025_01504.jpg,T2025_02594.jpg
0.4931,0,T2025_01590.jpg,T2025_01677.jpg
0.0604,0,T2025_01196.jpg,T2025_01876.jpg
-0.0702,1,T2025_02080.jpg,T2025_03051.jpg
0.1569,0,T2025_02568.jpg,T2025_00391.jpg
0.1882,0,T2025_01656.jpg,T2025_00268.jpg
0.1241,1,T2025_00030.jpg,T2025_01977.jpg
0.2769,0,T2025_01540.jpg,T2025_02337.jpg
0.5859,1,T2025_01451.jpg,T2025_01075.jpg
0.4217,0,T2025_01042.jpg,T2025_02424.jpg
0.3275,0,T2025_01179.jpg,T2025_01397.jpg
0.4701,0,T2025_00760.jpg,T2025_02336.jpg
